--
-- PostgreSQL database dump
--

-- Dumped from database version 10.6
-- Dumped by pg_dump version 10.5

-- Started on 2024-11-19 06:18:27

SET statement_timeout = 0;
SET lock_timeout = 0;
SET idle_in_transaction_session_timeout = 0;
SET client_encoding = 'UTF8';
SET standard_conforming_strings = on;
SELECT pg_catalog.set_config('search_path', '', false);
SET check_function_bodies = false;
SET client_min_messages = warning;
SET row_security = off;

--
-- TOC entry 1 (class 3079 OID 12924)
-- Name: plpgsql; Type: EXTENSION; Schema: -; Owner: 
--

CREATE EXTENSION IF NOT EXISTS plpgsql WITH SCHEMA pg_catalog;


--
-- TOC entry 2987 (class 0 OID 0)
-- Dependencies: 1
-- Name: EXTENSION plpgsql; Type: COMMENT; Schema: -; Owner: 
--

COMMENT ON EXTENSION plpgsql IS 'PL/pgSQL procedural language';


--
-- TOC entry 196 (class 1259 OID 17111)
-- Name: matchup_id_seq; Type: SEQUENCE; Schema: public; Owner: tbeerbower
--

CREATE SEQUENCE public.matchup_id_seq
    START WITH 1
    INCREMENT BY 1
    NO MINVALUE
    NO MAXVALUE
    CACHE 1;


ALTER TABLE public.matchup_id_seq OWNER TO tbeerbower;

SET default_tablespace = '';

SET default_with_oids = false;

--
-- TOC entry 197 (class 1259 OID 17113)
-- Name: matchup; Type: TABLE; Schema: public; Owner: tbeerbower
--

CREATE TABLE public.matchup (
    id integer DEFAULT nextval('public.matchup_id_seq'::regclass) NOT NULL,
    season_id integer NOT NULL,
    race_id integer NOT NULL,
    team_a_id integer NOT NULL,
    team_b_id integer NOT NULL
);


ALTER TABLE public.matchup OWNER TO tbeerbower;

--
-- TOC entry 198 (class 1259 OID 17117)
-- Name: race_id_seq; Type: SEQUENCE; Schema: public; Owner: postgres
--

CREATE SEQUENCE public.race_id_seq
    START WITH 1
    INCREMENT BY 1
    NO MINVALUE
    NO MAXVALUE
    CACHE 1;


ALTER TABLE public.race_id_seq OWNER TO postgres;

--
-- TOC entry 199 (class 1259 OID 17119)
-- Name: race; Type: TABLE; Schema: public; Owner: postgres
--

CREATE TABLE public.race (
    id integer DEFAULT nextval('public.race_id_seq'::regclass) NOT NULL,
    name character varying(255) NOT NULL,
    season_id integer NOT NULL,
    week integer NOT NULL,
    cancelled boolean NOT NULL,
    race_definition_id integer NOT NULL
);


ALTER TABLE public.race OWNER TO postgres;

--
-- TOC entry 200 (class 1259 OID 17123)
-- Name: race_definition_id_seq; Type: SEQUENCE; Schema: public; Owner: tbeerbower
--

CREATE SEQUENCE public.race_definition_id_seq
    START WITH 1
    INCREMENT BY 1
    NO MINVALUE
    NO MAXVALUE
    CACHE 1;


ALTER TABLE public.race_definition_id_seq OWNER TO tbeerbower;

--
-- TOC entry 201 (class 1259 OID 17125)
-- Name: race_definition; Type: TABLE; Schema: public; Owner: tbeerbower
--

CREATE TABLE public.race_definition (
    id integer DEFAULT nextval('public.race_definition_id_seq'::regclass) NOT NULL,
    name character varying(45) NOT NULL,
    short_name character varying(45) NOT NULL,
    small_icon character varying(45) NOT NULL
);


ALTER TABLE public.race_definition OWNER TO tbeerbower;

--
-- TOC entry 202 (class 1259 OID 17129)
-- Name: result_id_seq; Type: SEQUENCE; Schema: public; Owner: postgres
--

CREATE SEQUENCE public.result_id_seq
    START WITH 1
    INCREMENT BY 1
    NO MINVALUE
    NO MAXVALUE
    CACHE 1;


ALTER TABLE public.result_id_seq OWNER TO postgres;

--
-- TOC entry 203 (class 1259 OID 17131)
-- Name: result; Type: TABLE; Schema: public; Owner: postgres
--

CREATE TABLE public.result (
    id integer DEFAULT nextval('public.result_id_seq'::regclass) NOT NULL,
    runner_id integer NOT NULL,
    race_id integer NOT NULL,
    place_gender integer NOT NULL,
    place_overall integer NOT NULL,
    "time" character varying(255) NOT NULL
);


ALTER TABLE public.result OWNER TO postgres;

--
-- TOC entry 204 (class 1259 OID 17135)
-- Name: runner_id_seq; Type: SEQUENCE; Schema: public; Owner: postgres
--

CREATE SEQUENCE public.runner_id_seq
    START WITH 1
    INCREMENT BY 1
    NO MINVALUE
    NO MAXVALUE
    CACHE 1;


ALTER TABLE public.runner_id_seq OWNER TO postgres;

--
-- TOC entry 205 (class 1259 OID 17137)
-- Name: runner; Type: TABLE; Schema: public; Owner: postgres
--

CREATE TABLE public.runner (
    id integer DEFAULT nextval('public.runner_id_seq'::regclass) NOT NULL,
    name character varying(45) NOT NULL,
    gender character varying(1) NOT NULL
);


ALTER TABLE public.runner OWNER TO postgres;

--
-- TOC entry 206 (class 1259 OID 17141)
-- Name: runner_alias_id_seq; Type: SEQUENCE; Schema: public; Owner: postgres
--

CREATE SEQUENCE public.runner_alias_id_seq
    START WITH 1
    INCREMENT BY 1
    NO MINVALUE
    NO MAXVALUE
    CACHE 1;


ALTER TABLE public.runner_alias_id_seq OWNER TO postgres;

--
-- TOC entry 207 (class 1259 OID 17143)
-- Name: runner_alias; Type: TABLE; Schema: public; Owner: postgres
--

CREATE TABLE public.runner_alias (
    id integer DEFAULT nextval('public.runner_alias_id_seq'::regclass) NOT NULL,
    name character varying(45) NOT NULL,
    runner_id integer NOT NULL
);


ALTER TABLE public.runner_alias OWNER TO postgres;

--
-- TOC entry 208 (class 1259 OID 17147)
-- Name: season_id_seq; Type: SEQUENCE; Schema: public; Owner: postgres
--

CREATE SEQUENCE public.season_id_seq
    START WITH 1
    INCREMENT BY 1
    NO MINVALUE
    NO MAXVALUE
    CACHE 1;


ALTER TABLE public.season_id_seq OWNER TO postgres;

--
-- TOC entry 209 (class 1259 OID 17149)
-- Name: season; Type: TABLE; Schema: public; Owner: postgres
--

CREATE TABLE public.season (
    id integer DEFAULT nextval('public.season_id_seq'::regclass) NOT NULL,
    name character varying(45) NOT NULL,
    num_scores integer NOT NULL,
    draft_rounds integer NOT NULL,
    supplemental_rounds integer NOT NULL
);


ALTER TABLE public.season OWNER TO postgres;

--
-- TOC entry 210 (class 1259 OID 17153)
-- Name: team_id_seq; Type: SEQUENCE; Schema: public; Owner: postgres
--

CREATE SEQUENCE public.team_id_seq
    START WITH 1
    INCREMENT BY 1
    NO MINVALUE
    NO MAXVALUE
    CACHE 1;


ALTER TABLE public.team_id_seq OWNER TO postgres;

--
-- TOC entry 211 (class 1259 OID 17155)
-- Name: team; Type: TABLE; Schema: public; Owner: postgres
--

CREATE TABLE public.team (
    id integer DEFAULT nextval('public.team_id_seq'::regclass) NOT NULL,
    owner_id integer,
    name character varying(45) NOT NULL
);


ALTER TABLE public.team OWNER TO postgres;

--
-- TOC entry 212 (class 1259 OID 17159)
-- Name: team_runner_id_seq; Type: SEQUENCE; Schema: public; Owner: postgres
--

CREATE SEQUENCE public.team_runner_id_seq
    START WITH 1
    INCREMENT BY 1
    NO MINVALUE
    NO MAXVALUE
    CACHE 1;


ALTER TABLE public.team_runner_id_seq OWNER TO postgres;

--
-- TOC entry 213 (class 1259 OID 17161)
-- Name: team_runner; Type: TABLE; Schema: public; Owner: postgres
--

CREATE TABLE public.team_runner (
    id integer DEFAULT nextval('public.team_runner_id_seq'::regclass) NOT NULL,
    runner_id integer NOT NULL,
    draft_order integer DEFAULT 1 NOT NULL,
    active boolean NOT NULL,
    team_season_id integer NOT NULL
);


ALTER TABLE public.team_runner OWNER TO postgres;

--
-- TOC entry 214 (class 1259 OID 17166)
-- Name: team_season_id_seq; Type: SEQUENCE; Schema: public; Owner: tbeerbower
--

CREATE SEQUENCE public.team_season_id_seq
    START WITH 1
    INCREMENT BY 1
    NO MINVALUE
    NO MAXVALUE
    CACHE 1;


ALTER TABLE public.team_season_id_seq OWNER TO tbeerbower;

--
-- TOC entry 215 (class 1259 OID 17168)
-- Name: team_season; Type: TABLE; Schema: public; Owner: tbeerbower
--

CREATE TABLE public.team_season (
    team_id integer NOT NULL,
    season_id integer NOT NULL,
    draft_order integer NOT NULL,
    id integer DEFAULT nextval('public.team_season_id_seq'::regclass) NOT NULL
);


ALTER TABLE public.team_season OWNER TO tbeerbower;

--
-- TOC entry 216 (class 1259 OID 17172)
-- Name: usr_id_seq; Type: SEQUENCE; Schema: public; Owner: tbeerbower
--

CREATE SEQUENCE public.usr_id_seq
    START WITH 1
    INCREMENT BY 1
    NO MINVALUE
    NO MAXVALUE
    CACHE 1;


ALTER TABLE public.usr_id_seq OWNER TO tbeerbower;

--
-- TOC entry 217 (class 1259 OID 17174)
-- Name: usr; Type: TABLE; Schema: public; Owner: tbeerbower
--

CREATE TABLE public.usr (
    id integer DEFAULT nextval('public.usr_id_seq'::regclass) NOT NULL,
    name character varying(100) NOT NULL,
    email character varying(100) NOT NULL,
    password character varying(100) NOT NULL,
    active boolean NOT NULL,
    roles character varying(100) NOT NULL
);


ALTER TABLE public.usr OWNER TO tbeerbower;

--
-- TOC entry 218 (class 1259 OID 17181)
-- Name: volunteer_id_seq; Type: SEQUENCE; Schema: public; Owner: tbeerbower
--

CREATE SEQUENCE public.volunteer_id_seq
    START WITH 1
    INCREMENT BY 1
    NO MINVALUE
    NO MAXVALUE
    CACHE 1;


ALTER TABLE public.volunteer_id_seq OWNER TO tbeerbower;

--
-- TOC entry 219 (class 1259 OID 17183)
-- Name: volunteer; Type: TABLE; Schema: public; Owner: tbeerbower
--

CREATE TABLE public.volunteer (
    id integer DEFAULT nextval('public.volunteer_id_seq'::regclass) NOT NULL,
    shift_id integer NOT NULL,
    runner_id integer NOT NULL
);


ALTER TABLE public.volunteer OWNER TO tbeerbower;

--
-- TOC entry 220 (class 1259 OID 17187)
-- Name: volunteer_shift_id_seq; Type: SEQUENCE; Schema: public; Owner: tbeerbower
--

CREATE SEQUENCE public.volunteer_shift_id_seq
    START WITH 1
    INCREMENT BY 1
    NO MINVALUE
    NO MAXVALUE
    CACHE 1;


ALTER TABLE public.volunteer_shift_id_seq OWNER TO tbeerbower;

--
-- TOC entry 221 (class 1259 OID 17189)
-- Name: volunteer_shift; Type: TABLE; Schema: public; Owner: tbeerbower
--

CREATE TABLE public.volunteer_shift (
    id integer DEFAULT nextval('public.volunteer_shift_id_seq'::regclass) NOT NULL,
    season_id integer NOT NULL,
    race_id integer,
    name character varying(45) NOT NULL,
    tag character varying(100) NOT NULL,
    race_definition_id integer
);


ALTER TABLE public.volunteer_shift OWNER TO tbeerbower;

--
-- TOC entry 2955 (class 0 OID 17113)
-- Dependencies: 197
-- Data for Name: matchup; Type: TABLE DATA; Schema: public; Owner: tbeerbower
--

COPY public.matchup (id, season_id, race_id, team_a_id, team_b_id) FROM stdin;
1	11	256	2	1
2	11	256	4	3
3	11	256	6	5
4	11	256	7	8
5	11	256	9	10
97	19	270	8	10
98	19	270	11	6
99	19	270	5	3
100	19	270	7	1
101	19	270	12	9
16	11	258	4	2
17	11	258	1	3
18	11	258	8	5
19	11	258	9	7
20	11	258	6	10
21	11	259	9	1
22	11	259	2	8
23	11	259	7	3
24	11	259	4	6
25	11	259	10	5
26	11	260	4	9
27	11	260	3	5
28	11	260	8	6
29	11	260	7	2
30	11	260	10	1
31	11	264	2	6
32	11	264	9	8
33	11	264	7	1
34	11	264	4	5
35	11	264	3	10
36	11	266	9	2
37	11	266	1	5
38	11	266	6	7
39	11	266	8	3
40	11	266	4	10
41	11	267	7	1
42	11	267	4	8
43	11	268	7	4
6	11	257	3	2
7	11	257	1	4
8	11	257	5	7
9	11	257	6	9
10	11	257	10	8
11	11	255	5	2
12	11	255	6	1
13	11	255	3	9
14	11	255	8	4
15	11	255	10	7
44	8	248	1	2
45	8	248	5	8
46	8	248	9	3
47	8	248	7	6
48	8	248	14	13
49	8	248	10	15
50	8	251	10	1
51	8	251	2	5
52	8	251	8	9
53	8	251	3	7
54	8	251	6	14
55	8	251	15	13
56	8	247	1	5
57	8	247	8	2
58	8	247	9	7
59	8	247	6	3
60	8	247	13	10
61	8	247	14	15
62	8	253	3	1
63	8	253	2	10
64	8	253	7	8
65	8	253	5	13
66	8	253	14	9
67	8	253	15	6
68	8	254	13	1
69	8	254	2	14
70	8	254	5	10
71	8	254	8	3
72	8	254	6	9
73	8	254	7	15
74	8	250	1	8
75	8	250	3	2
76	8	250	5	6
77	8	250	7	13
78	8	250	14	10
79	8	250	9	15
80	8	252	1	7
81	8	252	6	2
82	8	252	14	5
83	8	252	9	13
84	8	252	10	3
85	8	252	15	8
86	8	249	15	14
87	19	269	10	11
88	19	269	6	8
89	19	269	7	5
90	19	269	3	9
91	19	269	1	12
102	19	271	5	10
103	19	271	7	11
104	19	271	8	1
105	19	271	9	6
106	19	271	12	3
107	19	272	6	10
108	19	272	11	8
109	19	272	9	5
110	19	272	1	3
111	19	272	7	12
112	19	273	1	11
113	19	273	10	9
114	19	273	3	8
115	19	273	6	7
116	19	273	12	5
117	19	274	6	1
118	19	274	8	5
119	19	274	9	7
120	19	274	3	10
121	19	274	12	11
122	19	275	10	7
123	19	275	1	9
124	19	275	3	11
125	19	275	6	5
126	19	275	8	12
127	19	276	1	10
128	19	276	11	5
129	19	276	7	3
130	19	276	9	8
131	19	276	6	12
132	14	240	11	10
133	14	240	8	1
134	14	240	16	9
135	14	240	7	17
136	14	240	6	5
137	14	240	3	18
138	14	242	8	11
139	14	242	10	9
140	14	242	1	16
141	14	242	18	6
142	14	242	5	7
143	14	242	17	3
156	14	246	16	10
157	14	246	1	11
158	14	246	8	9
159	14	246	17	5
160	14	246	7	18
161	14	246	6	3
162	14	241	1	6
163	14	241	16	17
164	14	241	11	5
165	14	241	10	7
166	14	241	9	18
167	14	241	8	3
168	14	244	10	5
169	14	244	1	17
170	14	244	11	6
171	14	244	8	18
172	14	244	9	3
173	14	244	16	7
174	14	243	1	6
175	14	243	5	9
176	14	245	1	10
177	14	245	9	11
178	14	245	16	8
179	14	245	6	17
180	14	245	18	5
181	14	245	3	7
182	14	239	9	1
183	14	239	10	8
184	14	239	11	16
185	14	239	18	17
186	14	239	6	7
187	14	239	5	3
188	14	279	1	5
189	15	234	1	19
190	15	234	5	9
191	15	234	14	18
192	15	234	11	10
193	15	234	7	16
194	15	234	3	6
195	15	234	8	17
196	15	238	1	7
197	15	238	11	5
198	15	238	3	14
199	15	238	8	19
200	15	238	6	9
201	15	238	16	18
202	15	238	10	17
203	15	233	6	1
204	15	233	5	8
205	15	233	14	16
206	15	233	11	7
207	15	233	9	18
208	15	233	3	17
209	15	233	19	10
210	15	237	14	1
211	15	237	5	19
212	15	237	11	18
213	15	237	7	10
214	15	237	3	9
215	15	237	8	6
216	15	237	17	16
217	15	235	1	3
218	15	235	17	5
219	15	235	14	11
220	15	235	19	7
221	15	235	18	8
222	15	235	10	6
223	15	235	9	16
224	15	236	9	1
225	15	236	6	5
226	15	236	10	14
227	15	236	16	11
228	15	236	17	7
229	15	236	8	3
230	15	236	19	18
231	15	286	6	5
232	8	281	15	8
233	8	281	14	3
234	16	226	19	16
235	16	226	13	10
236	16	226	3	17
237	16	226	15	9
238	16	226	1	7
239	16	226	6	5
240	16	226	11	18
241	16	226	8	14
242	16	229	19	13
243	16	229	16	10
244	16	229	3	15
245	16	229	17	9
246	16	229	1	5
247	16	229	7	6
248	16	229	11	14
249	16	229	18	8
250	16	232	19	10
251	16	232	16	13
252	16	232	3	9
253	16	232	17	15
254	16	232	1	6
255	16	232	7	5
256	16	232	11	8
257	16	232	18	14
258	16	225	19	3
259	16	225	16	17
260	16	225	13	15
261	16	225	10	9
262	16	225	1	11
263	16	225	7	18
264	16	225	6	8
265	16	225	5	14
266	16	230	19	15
267	16	230	16	9
268	16	230	13	3
269	16	230	10	17
270	16	230	1	8
271	16	230	7	14
272	16	230	6	11
273	16	230	5	18
274	16	228	19	9
275	16	228	16	3
276	16	228	13	17
277	16	228	10	15
278	16	228	1	14
279	16	228	7	11
280	16	228	6	18
281	16	228	5	8
282	16	231	19	1
283	16	231	16	7
284	16	231	13	6
285	16	231	10	5
286	16	231	3	11
287	16	231	17	18
288	16	231	15	8
289	16	231	9	14
290	16	287	19	17
291	16	287	16	15
292	16	287	13	9
293	16	287	10	3
294	16	287	1	18
295	16	287	7	8
296	16	287	6	14
297	16	287	5	11
298	16	227	1	10
299	19	277	10	8
300	19	277	6	5
301	19	278	10	6
302	20	291	10	9
303	20	291	12	11
304	20	291	7	5
305	20	291	6	1
306	20	291	8	20
307	20	292	11	10
308	20	292	9	12
309	20	292	5	6
310	20	292	7	8
311	20	292	20	1
312	20	293	5	10
313	20	293	7	9
314	20	293	11	8
315	20	293	1	12
316	20	293	20	6
317	20	294	12	10
318	20	294	9	11
319	20	294	1	5
320	20	294	8	6
321	20	294	7	20
322	20	295	8	9
323	20	295	10	1
324	20	295	6	11
325	20	295	12	7
326	20	295	20	5
327	20	296	12	8
328	20	296	11	5
329	20	296	1	7
330	20	296	6	10
331	20	296	20	9
332	20	297	10	7
333	20	297	8	1
334	20	297	6	9
335	20	297	12	5
336	20	297	11	20
337	20	298	8	10
338	20	298	9	5
339	20	298	7	6
340	20	298	1	11
341	20	298	12	20
\.


--
-- TOC entry 2957 (class 0 OID 17119)
-- Dependencies: 199
-- Data for Name: race; Type: TABLE DATA; Schema: public; Owner: postgres
--

COPY public.race (id, name, season_id, week, cancelled, race_definition_id) FROM stdin;
279	Eenie-Meenie	14	10	t	7
269	Covered-Bridge	19	1	t	8
280	Polar-Bear	8	6	t	1
281	Pick-Your-Way	8	9	t	2
282	Polar-Bear	14	6	t	1
283	Jingle-Bell	15	2	t	9
284	Wild-Card	15	5	t	5
285	Terrible-Tyler	15	8	t	6
270	Jingle-Bell	19	2	f	9
271	Cham-Pain	19	3	f	3
273	Wild-Card	19	5	f	5
274	Polar-Bear	19	6	f	1
275	Honest-Abe	19	7	f	4
276	Terrible-Tyler	19	8	f	6
277	Pick-Your-Way	19	9	f	2
278	Eenie-Meenie	19	10	f	7
245	Tyler-Challenge	14	3	f	10
239	Cham-Pain	14	4	f	3
238	Tyler-Challenge	15	3	f	10
232	Tyler-Challenge	16	3	f	10
224	Tyler-Challenge	17	3	f	10
233	Cham-Pain	15	4	f	3
225	Cham-Pain	16	4	f	3
217	Cham-Pain	17	4	f	3
248	Covered-Bridge	8	1	f	8
256	Covered-Bridge	11	1	f	8
240	Covered-Bridge	14	1	f	8
234	Covered-Bridge	15	1	f	8
226	Covered-Bridge	16	1	f	8
218	Covered-Bridge	17	1	f	8
251	Jingle-Bell	8	2	f	9
257	Jingle-Bell	11	2	f	9
242	Jingle-Bell	14	2	f	9
229	Jingle-Bell	16	2	f	9
220	Jingle-Bell	17	2	f	9
247	Cham-Pain	8	3	f	3
255	Cham-Pain	11	3	f	3
253	Tyler-Challenge	8	4	f	10
258	Tyler-Challenge	11	4	f	10
286	Eenie-Meenie	15	10	t	7
288	Pick-Your-Way	16	9	t	2
289	Wild-Card	17	5	t	5
290	Honest-Abe	17	7	t	4
287	Wild-Card	16	5	f	5
272	Tyler-Challenge	19	4	t	10
291	Covered-Bridge	20	1	f	8
292	Jingle-Bell	20	2	f	9
293	Cham-Pain	20	3	f	3
294	Wild-Card	20	4	f	5
295	Tyler-Challenge	20	5	f	10
296	Polar-Bear	20	6	f	1
297	Honest-Abe	20	7	f	4
298	Terrible-Tyler	20	8	f	6
299	Pick-Your-Way	20	9	f	2
300	Eenie-Meenie	20	10	f	7
254	Wild-Card	8	5	f	5
259	Wild-Card	11	5	f	5
246	Wild-Card	14	5	f	5
260	Polar-Bear	11	6	f	1
237	Polar-Bear	15	6	f	1
230	Polar-Bear	16	6	f	1
222	Polar-Bear	17	6	f	1
250	Honest-Abe	8	7	f	4
264	Honest-Abe	11	7	f	4
241	Honest-Abe	14	7	f	4
235	Honest-Abe	15	7	f	4
228	Honest-Abe	16	7	f	4
252	Terrible-Tyler	8	8	f	6
244	Terrible-Tyler	14	8	f	6
231	Terrible-Tyler	16	8	f	6
223	Terrible-Tyler	17	8	f	6
266	Terrible-Tyler	11	8	f	6
243	Pick-Your-Way	14	9	f	2
236	Pick-Your-Way	15	9	f	2
221	Pick-Your-Way	17	9	f	2
267	Pick-Your-Way	11	9	f	2
227	Eenie-Meenie	16	10	f	7
219	Eenie-Meenie	17	10	f	7
249	Eenie-Meenie	8	10	f	7
268	Eenie-Meenie	11	10	f	7
\.


--
-- TOC entry 2959 (class 0 OID 17125)
-- Dependencies: 201
-- Data for Name: race_definition; Type: TABLE DATA; Schema: public; Owner: tbeerbower
--

COPY public.race_definition (id, name, short_name, small_icon) FROM stdin;
11	Staggered-Start	SS	/icons/ss.ico
1	Polar-Bear	PB	/icons/pb.ico
2	Pick-Your-Way	PW	/icons/pw.ico
3	Cham-Pain	CP	/icons/cp.ico
4	Honest-Abe	HA	/icons/ha.ico
5	Wild-Card	WC	/icons/wc.ico
6	Terrible-Tyler	TT	/icons/tt.ico
7	Eenie-Meenie	EM	/icons/em.ico
8	Covered-Bridge	CB	/icons/cb.ico
9	Jingle-Bell	JB	/icons/jb.ico
10	Tyler-Challenge	TC	/icons/tc.ico
\.


--
-- TOC entry 2961 (class 0 OID 17131)
-- Dependencies: 203
-- Data for Name: result; Type: TABLE DATA; Schema: public; Owner: postgres
--

COPY public.result (id, runner_id, race_id, place_gender, place_overall, "time") FROM stdin;
63054	3247	217	1	1	16:45
63055	2216	217	2	2	17:08
63056	3151	217	3	3	17:27
63057	1434	217	4	4	17:30
63058	1459	217	5	5	17:50
63059	1439	217	6	6	17:54
63060	1455	217	7	7	18:28
63061	2750	217	8	8	18:30
63062	1440	217	9	9	18:31
63063	3021	217	1	10	18:36
63064	1442	217	10	11	18:37
63065	2751	217	11	12	18:38
63066	2643	217	12	13	18:42
63067	1451	217	13	14	18:49
63068	1852	217	2	15	18:53
63069	2856	217	14	16	19:04
63070	1496	217	15	17	19:10
63071	1511	217	16	18	19:18
63072	2326	217	17	19	19:22
63073	3248	217	18	20	19:24
63074	1487	217	19	21	19:33
63075	2339	217	20	22	19:43
63076	2223	217	21	23	19:54
63077	1502	217	22	24	19:59
63078	1497	217	23	25	19:59
63079	1463	217	24	26	20:04
63080	1977	217	3	27	20:12
63081	3249	217	25	28	20:14
63082	1467	217	26	29	20:19
63083	1482	217	27	30	20:28
63084	1460	217	28	31	20:29
63085	1466	217	29	32	20:30
63086	3250	217	30	33	20:33
63087	3251	217	31	34	20:34
63088	2865	217	4	35	20:38
63089	1490	217	32	36	20:39
63090	2017	217	5	37	20:42
63091	2443	217	33	38	20:53
63092	3252	217	34	39	20:58
63093	1486	217	35	40	21:04
63094	2612	217	36	41	21:15
63095	2285	217	37	42	21:17
63096	3253	217	38	43	21:20
63097	2867	217	39	44	21:21
63098	1478	217	40	45	21:22
63099	2672	217	41	46	21:23
63100	2330	217	42	47	21:27
63101	2655	217	43	48	21:33
63102	2615	217	44	49	21:35
63103	2343	217	45	50	21:37
63104	1686	217	46	51	21:45
63105	1604	217	47	52	21:46
63106	3254	217	6	53	21:47
63107	1503	217	48	54	21:48
63108	3113	217	49	55	21:49
63109	1944	217	50	56	21:49
63110	2658	217	51	57	21:50
63111	1928	217	52	58	21:52
63112	2113	217	53	59	21:54
63113	1500	217	7	60	21:55
63114	3255	217	54	61	21:57
63115	1935	217	55	62	21:58
63116	3256	217	8	63	21:59
63117	1539	217	56	64	22:01
63118	1549	217	57	65	22:05
63119	3054	217	58	66	22:06
63120	3257	217	9	67	22:07
63121	2868	217	10	68	22:08
63122	2871	217	59	69	22:09
63123	2882	217	11	70	22:11
63124	1530	217	60	71	22:13
63125	1571	217	61	72	22:15
63126	1556	217	62	73	22:17
63127	1591	217	63	74	22:19
63129	2567	217	12	76	22:20
63130	3259	217	65	77	22:22
63131	3260	217	66	78	22:24
63132	2342	217	67	79	22:25
63133	1910	217	68	80	22:28
63134	3261	217	69	81	22:30
63135	3262	217	13	82	22:39
63136	2677	217	70	83	22:40
63137	1553	217	14	84	22:43
63138	2245	217	15	85	22:45
63139	1580	217	71	86	22:47
63140	1574	217	72	87	22:47
63141	1950	217	16	88	22:48
63142	2139	217	73	89	22:50
63143	1990	217	74	90	22:53
63144	1504	217	75	91	22:55
63145	1626	217	76	92	22:56
63146	2668	217	77	93	22:59
63147	2965	217	17	94	23:00
63148	3263	217	78	95	23:02
63149	2024	217	18	96	23:07
63150	1698	217	79	97	23:08
63151	2431	217	80	98	23:17
63152	2038	217	81	99	23:18
63153	1477	217	19	100	23:20
63154	3264	217	82	101	23:21
63155	1906	217	83	102	23:23
63156	2974	217	20	103	23:27
63157	1569	217	84	104	23:29
63158	3265	217	85	105	23:32
63159	1636	217	86	106	23:34
63160	3266	217	87	107	23:35
63161	2895	217	88	108	23:36
63162	3267	217	89	109	23:38
63163	2696	217	90	110	23:40
63164	1745	217	91	111	23:45
63165	2350	217	92	112	23:48
63166	2670	217	93	113	23:49
63167	1974	217	94	114	23:53
63168	1718	217	95	115	23:57
63169	2574	217	21	116	23:58
63170	1625	217	96	117	23:59
63171	2176	217	97	118	24:05
63172	1519	217	98	119	24:07
63173	3268	217	99	120	24:08
63174	1564	217	22	121	24:12
63175	1620	217	100	122	24:14
63176	2887	217	23	124	24:17
63177	2833	217	102	125	24:19
63178	3431	217	24	126	24:22
63179	2474	217	103	127	24:24
63180	2121	217	25	128	24:28
63181	1648	217	104	129	24:31
63182	1523	217	26	130	24:32
63183	2968	217	105	131	24:33
63184	3270	217	106	132	24:34
63185	3271	217	107	133	24:35
63186	2663	217	108	134	24:36
63187	1795	217	109	135	24:37
63188	3272	217	110	136	24:39
63189	3273	217	111	137	24:44
63190	3274	217	112	138	24:49
63191	3275	217	113	139	24:50
63192	1640	217	114	140	24:51
63193	2360	217	27	141	24:56
63194	1582	217	28	142	24:58
63195	2376	217	115	143	24:59
63196	3276	217	116	144	25:00
63197	1657	217	117	145	25:02
63198	2951	217	118	146	25:04
63199	1905	217	119	147	25:06
63200	3277	217	120	148	25:09
63201	3278	217	29	149	25:10
63202	3036	217	121	150	25:10
63203	2362	217	30	151	25:11
63204	1954	217	122	152	25:12
63205	1570	217	123	153	25:13
63206	2426	217	124	154	25:17
63207	2102	217	125	155	25:19
63208	2703	217	31	156	25:22
63209	3279	217	126	157	25:24
63210	2010	217	32	158	25:24
63211	1645	217	127	159	25:25
63212	2902	217	128	160	25:29
63213	2578	217	129	161	25:32
63214	2777	217	130	162	25:33
63215	1948	217	131	163	25:35
63216	1713	217	132	164	25:36
63217	2071	217	133	165	25:38
63218	1971	217	33	166	25:39
63219	3280	217	34	167	25:40
63220	1917	217	134	168	25:41
63221	3281	217	35	169	25:42
63222	3282	217	135	170	25:43
63223	1661	217	36	171	25:46
63224	2391	217	37	172	25:52
63225	1980	217	38	173	25:53
63226	3283	217	39	174	25:54
63227	1660	217	136	175	25:56
63228	3284	217	137	176	25:58
63229	1733	217	138	177	25:59
63230	2277	217	40	178	26:01
63231	3285	217	139	179	26:02
63232	1643	217	41	180	26:05
63233	1899	217	140	181	26:06
63234	3286	217	141	182	26:10
63235	1699	217	142	183	26:13
63236	1650	217	143	184	26:14
63237	2503	217	144	185	26:16
63238	1915	217	42	186	26:17
63239	1608	217	145	187	26:18
63240	3007	217	146	188	26:19
63241	1700	217	147	189	26:19
63242	2225	217	148	190	26:22
63243	1797	217	149	191	26:24
63244	3287	217	43	192	26:26
63245	1664	217	44	193	26:34
63246	2369	217	150	194	26:37
63247	2068	217	151	195	26:39
63248	2346	217	152	196	26:43
63249	2972	217	45	197	26:44
63250	3288	217	153	198	26:45
63251	3289	217	46	199	26:46
63252	2188	217	47	200	26:50
63253	1969	217	48	201	26:53
63254	3290	217	154	202	26:59
63255	1976	217	49	203	27:00
63256	3291	217	50	204	27:03
63257	3292	217	51	205	27:08
63258	3293	217	155	206	27:10
63259	1621	217	52	207	27:10
63260	2165	217	53	208	27:11
63261	2412	217	156	209	27:12
63262	3294	217	157	210	27:12
63263	1991	217	54	211	27:13
63264	3295	217	55	212	27:13
63265	2713	217	158	213	27:15
63266	3296	217	159	214	27:15
63267	1654	217	56	215	27:16
63268	3297	217	160	216	27:17
63269	1958	217	161	217	27:19
63270	2555	217	57	218	27:22
63271	2746	217	58	219	27:24
63272	2241	217	59	220	27:28
63273	2913	217	60	221	27:31
63274	2507	217	61	222	27:35
63275	1979	217	62	223	27:36
63276	3298	217	162	224	27:37
63277	1691	217	63	225	27:39
63278	1814	217	163	226	27:44
63279	1666	217	64	227	27:45
63280	3299	217	164	228	27:47
63281	3300	217	65	229	27:50
63282	1624	217	66	230	27:51
63283	2893	217	165	231	27:55
63284	3301	217	67	232	27:59
63285	2989	217	68	233	28:01
63286	1922	217	166	234	28:01
63287	1705	217	69	236	28:07
63288	1723	217	168	237	28:08
63289	3037	217	70	238	28:09
63290	1641	217	71	239	28:11
63291	3061	217	72	240	28:13
63292	1517	217	169	241	28:15
63293	1469	217	170	242	28:16
63294	3302	217	171	243	28:17
63295	2368	217	73	244	28:22
63296	2726	217	74	245	28:24
63297	3303	217	75	246	28:25
63298	3304	217	76	247	28:26
63299	3004	217	172	248	28:30
63300	1744	217	173	249	28:32
63301	1787	217	77	250	28:36
63302	3305	217	174	251	28:38
63303	2354	217	78	252	28:39
63304	2370	217	175	253	28:40
63305	2976	217	79	254	28:42
63306	1781	217	176	255	28:43
63307	2784	217	177	256	28:48
63308	2347	217	80	257	28:52
63309	1829	217	178	258	28:53
63310	3306	217	81	259	28:56
63311	1997	217	82	260	28:59
63312	3307	217	83	261	29:18
63313	3308	217	84	262	29:21
63314	3309	217	85	263	29:26
63315	3310	217	86	264	29:28
63316	2590	217	87	265	29:32
63317	3311	217	88	267	29:37
63318	3312	217	89	268	29:38
63319	2514	217	180	269	29:47
63320	3313	217	181	270	29:51
63321	3314	217	182	271	29:52
63322	1807	217	183	272	29:53
63323	2700	217	184	273	29:54
63324	2076	217	90	274	29:55
63325	3315	217	186	276	30:02
63326	3316	217	187	277	30:08
63327	3317	217	188	278	30:10
63328	2921	217	91	279	30:12
63329	2388	217	189	280	30:15
63330	1998	217	92	281	30:16
63331	3318	217	93	282	30:19
63332	3319	217	94	283	30:20
63333	3320	217	95	284	30:21
63334	3321	217	96	285	30:28
63335	3322	217	190	286	30:42
63336	3323	217	97	287	30:44
63337	3324	217	191	288	30:49
63338	2935	217	98	290	31:01
63339	3325	217	193	291	31:04
63340	3326	217	194	292	31:12
63341	1788	217	195	293	31:14
63342	2944	217	99	294	31:28
63343	3327	217	196	295	31:29
63344	2191	217	100	296	31:39
63345	3328	217	101	297	32:03
63346	2937	217	102	298	32:09
63347	2854	217	103	299	32:11
63348	3329	217	104	300	32:39
63349	2953	217	105	301	32:43
63350	2952	217	197	302	32:44
63351	2529	217	198	303	32:46
63352	2686	217	199	304	32:51
63353	2991	217	106	305	33:05
63354	2011	217	107	306	33:08
63355	3330	217	108	307	33:17
63356	2537	217	200	308	33:34
63357	1732	217	109	309	33:44
63358	3331	217	201	310	34:03
63359	2790	217	110	311	34:04
63360	1831	217	202	312	34:05
63361	3332	217	111	313	34:11
63362	1687	217	112	314	34:52
63363	1599	217	113	315	35:03
63364	1600	217	203	316	35:04
63365	3333	217	114	317	35:37
63366	3334	217	204	318	35:43
63367	3335	217	205	319	35:45
63368	3336	217	115	320	35:46
63369	1568	217	206	321	36:04
63370	1887	217	116	322	36:04
63371	2441	217	117	323	36:20
63372	3337	217	118	324	37:10
63373	2948	217	119	325	37:39
63374	3338	217	120	326	39:44
63375	3339	217	121	327	39:59
63376	3340	217	122	328	41:23
63377	3341	217	123	329	41:24
63378	3342	217	124	330	42:07
63379	3343	217	125	331	43:05
63380	1854	217	207	332	43:06
63381	2216	218	1	1	18:00
63382	1437	218	2	2	18:32
63383	1439	218	3	3	18:43
63384	1453	218	4	4	18:56
63385	3344	218	5	5	18:57
63386	3345	218	6	6	19:06
63387	3151	218	7	7	19:07
63388	2751	218	8	8	19:17
63389	1470	218	9	9	19:35
63390	2750	218	10	10	19:36
63391	1440	218	11	11	19:45
63392	1854	218	12	12	19:48
63393	2609	218	13	13	20:03
63394	2542	218	14	14	20:15
63395	3248	218	15	15	20:17
63396	1852	218	1	16	20:21
63397	1511	218	16	17	20:27
63398	2651	218	17	18	20:27
63399	2643	218	18	19	20:28
63400	1450	218	19	20	20:33
63401	1496	218	20	21	20:41
63402	3250	218	21	22	20:49
63403	3346	218	22	23	20:54
63404	2326	218	23	24	20:56
63405	1487	218	24	25	21:00
63406	2154	218	2	26	21:00
63407	1460	218	25	27	21:03
63408	2120	218	26	28	21:10
63409	1502	218	27	29	21:13
63410	2223	218	28	30	21:16
63411	2205	218	3	31	21:42
63412	1467	218	29	32	21:43
63413	1593	218	30	33	21:51
63414	1898	218	31	34	21:53
63415	1965	218	32	35	21:59
63416	3347	218	33	36	22:05
63417	3348	218	34	37	22:08
63418	1466	218	35	38	22:09
63419	1977	218	4	39	22:13
63420	1486	218	36	40	22:16
63421	2285	218	37	41	22:22
63422	1490	218	38	42	22:24
63423	1512	218	39	43	22:30
63424	2443	218	40	44	22:33
63425	2113	218	41	45	22:36
63426	3054	218	42	46	22:38
63427	1497	218	43	47	22:39
63428	1946	218	44	48	22:40
63429	2469	218	45	49	22:41
63430	1942	218	46	50	22:44
63431	2865	218	5	51	22:45
63432	2017	218	6	52	22:48
63433	1539	218	47	53	22:51
63434	1935	218	48	54	22:53
63435	2615	218	49	55	22:59
63436	3253	218	50	56	22:59
63437	3263	218	51	57	23:00
63438	2655	218	52	58	23:02
63439	2672	218	53	59	23:02
63440	2119	218	54	60	23:08
63441	1636	218	55	61	23:14
63442	3349	218	56	62	23:15
63443	1604	218	57	63	23:18
63444	1503	218	58	64	23:19
63445	2460	218	59	65	23:19
63446	2658	218	60	66	23:20
63447	3257	218	7	67	23:21
63448	2464	218	61	68	23:23
63449	1571	218	62	69	23:26
63450	1500	218	8	70	23:28
63451	3350	218	9	71	23:31
63452	2959	218	10	72	23:32
63453	2884	218	63	73	23:35
63454	1549	218	64	74	23:38
63455	2574	218	11	75	23:41
63456	2882	218	12	76	23:42
63457	3260	218	65	77	23:42
63458	1556	218	66	78	23:44
63459	1477	218	13	79	23:45
63460	3351	218	67	80	23:47
63461	3255	218	68	81	23:49
63462	3256	218	14	82	23:50
63463	3352	218	15	83	23:55
63464	1625	218	69	84	23:57
63465	1950	218	16	85	24:00
63466	2575	218	70	86	24:09
63467	2431	218	71	87	24:10
63468	3353	218	72	88	24:15
63469	1698	218	73	89	24:17
63470	3354	218	74	90	24:22
63471	2139	218	75	91	24:25
63472	1626	218	76	92	24:28
63473	2677	218	77	93	24:31
63474	3268	218	78	94	24:35
63475	1561	218	17	95	24:39
63476	1530	218	79	96	24:46
63477	1591	218	80	97	24:51
63478	3355	218	81	98	24:52
63479	1910	218	82	99	24:54
63480	2249	218	83	100	24:59
63481	1688	218	84	101	25:00
63482	2038	218	85	102	25:03
63483	3356	218	18	103	25:05
63484	2474	218	86	104	25:07
63485	1990	218	87	105	25:11
63486	3357	218	88	106	25:17
63487	2895	218	89	107	25:22
63488	1945	218	90	108	25:24
63489	1569	218	91	109	25:27
63490	1906	218	92	110	25:28
63491	2376	218	93	111	25:30
63492	2459	218	19	112	25:31
63493	1745	218	94	113	25:31
63494	1611	218	95	114	25:32
63495	1564	218	20	115	25:33
63496	2245	218	21	116	25:33
63497	2350	218	96	117	25:34
63498	1892	218	97	118	25:34
63499	3358	218	98	119	25:35
63500	1574	218	99	120	25:37
63501	3359	218	22	121	25:38
63502	2973	218	100	122	25:41
63503	1686	218	101	123	25:43
63504	1580	218	102	124	25:46
63505	3360	218	103	125	25:47
63506	3361	218	23	126	25:48
63507	2567	218	24	127	25:48
63508	3362	218	25	128	25:49
63509	2965	218	26	129	25:52
63510	1718	218	104	130	25:57
63511	3363	218	105	131	26:01
63512	3267	218	106	132	26:02
63513	2663	218	107	133	26:06
63514	1570	218	108	134	26:07
63515	2670	218	109	135	26:08
63516	2961	218	110	136	26:11
63517	2872	218	111	137	26:11
63518	2833	218	112	138	26:13
63519	1519	218	113	139	26:16
63520	1915	218	27	140	26:17
63521	2137	218	114	141	26:24
63522	2696	218	115	142	26:26
63523	1954	218	116	143	26:27
63524	2968	218	117	144	26:29
63525	1640	218	118	145	26:30
63526	1661	218	28	146	26:31
63527	2426	218	119	147	26:32
63528	1523	218	29	148	26:34
63529	2371	218	120	149	26:38
63530	1657	218	121	150	26:40
63531	1648	218	122	151	26:42
63532	1565	218	30	152	26:49
63533	1905	218	123	153	26:51
63534	1679	218	31	154	26:52
63535	2881	218	32	155	26:53
63536	3364	218	33	156	26:54
63537	2334	218	124	157	26:56
63538	1643	218	34	158	26:58
63539	1899	218	125	159	27:00
63540	3276	218	126	160	27:01
63541	3365	218	127	161	27:01
63542	1660	218	128	162	27:03
63543	1582	218	35	163	27:06
63544	1725	218	36	164	27:12
63545	1527	218	129	165	27:13
63546	3366	218	37	166	27:15
63547	1692	218	38	167	27:16
63548	2102	218	130	168	27:17
63549	2558	218	131	169	27:18
63550	3291	218	39	170	27:20
63551	1969	218	40	171	27:20
63552	3283	218	41	172	27:21
63553	2010	218	42	173	27:21
63554	1953	218	132	174	27:23
63555	3279	218	133	175	27:24
63556	1653	218	134	176	27:29
63557	1976	218	43	177	27:31
63558	1733	218	137	180	27:36
63559	1991	218	44	181	27:37
63560	1702	218	138	182	27:37
63561	2703	218	45	183	27:39
63562	1797	218	139	184	27:43
63563	2951	218	140	185	27:47
63564	2489	218	46	186	27:49
63565	2972	218	47	187	27:53
63566	1971	218	48	188	27:53
63567	2691	218	141	189	27:54
63568	2555	218	49	190	27:55
63569	2068	218	142	191	27:58
63570	1900	218	50	192	28:02
63571	2362	218	51	193	28:03
63572	2503	218	143	194	28:04
63573	1980	218	52	195	28:06
63574	3035	218	145	197	28:18
63575	2346	218	146	198	28:20
63576	1783	218	147	199	28:26
63577	3036	218	148	200	28:30
63578	2979	218	53	201	28:32
63579	1700	218	149	202	28:33
63580	1901	218	54	203	28:35
63581	1691	218	55	204	28:38
63582	1699	218	150	205	28:46
63583	1624	218	56	206	28:48
63584	3286	218	151	207	28:49
63585	3290	218	152	208	28:50
63586	1795	218	153	209	28:57
63587	1641	218	57	210	28:59
63588	3297	218	154	211	29:02
63589	2905	218	58	212	29:08
63590	3367	218	155	213	29:09
63591	2974	218	59	214	29:13
63592	1723	218	156	215	29:14
63593	2913	218	60	216	29:18
63594	2924	218	61	217	29:19
63595	2412	218	157	218	29:19
63596	2387	218	62	219	29:24
63597	3368	218	63	220	29:24
63598	3064	218	64	221	29:28
63599	1814	218	158	222	29:30
63600	1982	218	65	223	29:32
63601	1983	218	66	224	29:33
63602	3303	218	67	225	29:33
63603	3369	218	68	227	29:46
63604	3370	218	160	228	29:47
63605	1988	218	69	229	29:48
63606	2746	218	70	230	29:49
63607	3371	218	161	231	29:50
63608	2347	218	71	232	29:53
63609	3204	218	72	233	29:53
63610	3310	218	73	234	29:54
63611	1958	218	162	235	30:05
63612	3004	218	163	236	30:09
63613	2930	218	74	237	30:12
63614	1744	218	164	238	30:14
63615	1781	218	165	239	30:16
63616	1834	218	166	240	30:17
63617	2225	218	167	241	30:17
63618	1784	218	168	242	30:25
63619	1517	218	169	243	30:40
63620	1469	218	170	244	30:40
63621	1630	218	75	245	30:41
63622	2702	218	171	246	30:52
63623	2382	218	172	247	30:54
63624	1807	218	173	248	31:01
63625	1920	218	76	249	31:02
63626	2500	218	174	250	31:05
63627	2929	218	77	251	31:08
63628	3372	218	175	252	31:10
63629	3373	218	78	253	31:12
63630	2984	218	79	254	31:13
63631	2494	218	80	255	31:15
63632	1829	218	176	256	31:17
63633	1705	218	81	257	31:28
63634	2986	218	82	258	31:36
63635	3300	218	83	259	31:37
63636	1811	218	177	260	31:38
63637	2903	218	84	261	31:39
63638	3374	218	85	262	31:41
63639	3375	218	178	263	31:41
63640	1793	218	179	264	31:47
63641	3376	218	86	265	31:53
63642	2031	218	180	266	31:59
63643	2931	218	181	267	32:13
63644	3007	218	182	268	32:16
63645	2953	218	87	269	32:17
63646	3324	218	183	270	32:27
63647	3323	218	88	271	32:37
63648	3377	218	184	272	32:49
63649	3378	218	185	273	32:55
63650	2976	218	89	274	32:55
63651	2784	218	186	275	32:58
63652	1714	218	90	276	33:06
63653	3336	218	91	277	33:18
63654	1788	218	187	278	33:31
63655	3379	218	92	279	33:44
63656	3311	218	93	280	33:45
63657	3302	218	188	281	33:46
63658	3380	218	94	282	33:49
63659	3381	218	189	283	33:50
63660	2944	218	95	284	34:05
63661	3328	218	96	285	34:13
63662	2529	218	190	286	34:21
63663	2941	218	97	287	34:40
63664	2729	218	98	288	34:44
63665	2537	218	191	289	34:51
63666	3382	218	99	290	35:07
63667	2463	218	192	291	35:08
63668	2991	218	100	292	35:13
63669	2700	218	193	293	35:22
63670	3005	218	101	294	35:24
63671	3383	218	194	295	35:30
63672	3384	218	102	296	35:32
63673	3385	218	103	297	35:36
63674	1482	218	195	298	35:37
63675	3000	218	196	299	35:38
63676	3386	218	197	300	35:57
63677	1998	218	104	301	36:06
63678	2854	218	105	302	36:28
63679	2788	218	106	303	36:31
63680	1839	218	107	304	36:33
63681	3387	218	108	305	36:33
63682	3388	218	109	306	36:34
63683	2988	218	110	307	36:34
63684	3009	218	111	308	36:47
63685	1817	218	112	309	37:07
63686	2535	218	113	310	37:14
63687	2441	218	114	311	37:36
63688	3389	218	115	312	38:00
63689	3390	218	198	313	38:01
63690	3329	218	116	314	38:04
63691	3391	218	117	315	38:14
63692	1803	218	118	316	38:21
63693	2714	218	119	317	38:24
63694	3068	218	199	318	38:38
63695	1831	218	200	319	38:45
63696	3392	218	120	320	38:55
63697	2948	218	121	321	39:17
63698	2741	218	122	322	41:17
63699	3393	218	123	323	41:31
63700	2797	218	201	324	43:50
63701	1830	218	202	325	45:01
63702	1587	218	124	326	45:02
63703	3394	218	203	327	46:51
63704	2216	219	1	1	1:16:34
63705	3073	219	2	2	1:19:30
63706	3345	219	3	3	1:20:51
63707	3151	219	4	4	1:21:27
63708	1439	219	5	5	1:22:31
63709	3395	219	6	6	1:23:06
63710	3344	219	7	7	1:24:12
63711	1437	219	8	8	1:24:40
63712	3396	219	9	9	1:24:57
63713	1440	219	10	10	1:25:33
63714	1852	219	1	11	1:25:55
63715	1451	219	11	12	1:26:21
63716	3397	219	12	13	1:26:44
63717	2750	219	13	14	1:27:08
63718	1511	219	14	15	1:27:54
63719	3398	219	15	16	1:28:34
63720	1460	219	17	18	1:29:42
63721	1487	219	18	19	1:29:58
63722	1862	219	19	20	1:30:10
63723	3399	219	20	21	1:31:54
63724	2223	219	21	22	1:33:15
63725	1559	219	22	23	1:34:09
63726	2865	219	2	24	1:34:36
63727	2339	219	23	25	1:35:02
63728	1466	219	24	26	1:35:06
63729	2017	219	3	27	1:36:07
63730	1467	219	25	28	1:36:08
63731	2330	219	26	29	1:36:10
63732	1942	219	27	30	1:36:26
63733	3400	219	28	31	1:36:52
63734	3401	219	29	32	1:38:02
63735	1502	219	30	33	1:38:06
63736	2443	219	31	34	1:38:20
63737	3402	219	32	35	1:38:25
63738	1865	219	33	36	1:39:17
63739	1898	219	34	37	1:39:54
63740	3403	219	35	38	1:39:58
63741	3253	219	36	39	1:40:11
63742	2113	219	37	40	1:40:16
63743	3252	219	38	41	1:40:30
63744	1549	219	39	42	1:41:25
63745	1946	219	40	43	1:41:26
63746	1482	219	41	44	1:41:36
63747	2867	219	42	45	1:41:44
63748	3404	219	43	46	1:41:58
63749	3354	219	44	47	1:41:59
63750	3012	219	45	48	1:42:07
63751	1486	219	46	49	1:42:15
63752	1636	219	47	50	1:42:26
63753	1626	219	48	51	1:42:31
63754	3405	219	4	52	1:42:33
63755	1935	219	49	53	1:43:33
63756	2326	219	50	54	1:44:06
63757	1698	219	51	55	1:44:09
63758	3406	219	5	56	1:44:25
63759	2460	219	52	57	1:44:51
63760	1593	219	53	58	1:44:53
63761	3407	219	54	59	1:44:54
63762	2879	219	55	60	1:45:41
63763	3408	219	56	61	1:45:55
63764	2431	219	57	62	1:46:03
63765	3053	219	58	63	1:46:10
63766	3409	219	59	64	1:46:30
63767	1944	219	60	65	1:46:50
63768	1503	219	61	66	1:46:51
63769	2139	219	62	67	1:46:55
63770	1855	219	63	68	1:47:59
63771	2658	219	64	69	1:48:12
63772	2474	219	65	70	1:48:21
63773	1580	219	66	71	1:48:45
63774	3410	219	67	72	1:49:02
63775	1530	219	68	73	1:49:05
63776	1469	219	69	74	1:49:06
63777	3263	219	70	75	1:49:37
63778	2615	219	71	76	1:49:40
63779	3261	219	72	77	1:49:45
63780	2884	219	73	78	1:50:07
63781	3411	219	6	79	1:50:33
63782	1620	219	74	80	1:50:44
63783	2965	219	7	81	1:50:45
63784	2677	219	75	82	1:50:57
63785	1974	219	76	83	1:51:00
63786	1745	219	77	84	1:51:01
63787	3015	219	8	85	1:51:11
63788	1574	219	78	86	1:51:44
63789	2464	219	79	87	1:52:07
63790	1686	219	80	88	1:52:10
63791	1887	219	9	89	1:52:15
63792	2578	219	81	90	1:52:41
63793	1556	219	82	91	1:52:47
63794	1582	219	10	92	1:53:04
63795	2698	219	83	93	1:53:05
63796	2651	219	84	94	1:53:09
63797	1950	219	11	95	1:53:31
63798	1569	219	85	96	1:53:37
63799	3412	219	86	97	1:53:51
63800	2973	219	87	98	1:53:58
63801	3267	219	88	99	1:54:09
63802	1906	219	89	100	1:54:25
63803	3366	219	12	101	1:54:34
63804	3265	219	90	102	1:54:38
63805	3414	219	91	103	1:54:39
63806	3415	219	13	104	1:56:15
63807	1591	219	92	105	1:56:19
63808	1648	219	93	106	1:56:36
63809	1953	219	94	107	1:56:43
63810	3359	219	14	108	1:56:45
63811	1892	219	95	109	1:57:26
63812	1623	219	96	110	1:57:40
63813	1899	219	97	111	1:57:43
63814	1565	219	15	112	1:58:12
63815	1702	219	98	113	1:58:15
63816	2968	219	99	114	1:58:38
63817	1640	219	100	115	1:59:04
63818	3416	219	101	116	1:59:12
63819	2362	219	16	117	1:59:17
63820	2102	219	102	118	1:59:34
63821	2010	219	17	119	2:00:04
63822	3297	219	103	120	2:00:13
63823	1971	219	18	122	2:00:32
63824	1915	219	19	123	2:01:46
63825	1653	219	105	124	2:02:21
63826	1661	219	20	125	2:03:05
63827	3279	219	106	126	2:03:35
63828	2670	219	107	127	2:03:45
63829	2463	219	108	128	2:04:25
63830	1660	219	109	129	2:04:55
63831	2979	219	21	130	2:05:30
63832	2726	219	22	131	2:05:30
63833	1611	219	110	132	2:05:31
63834	1958	219	111	133	2:05:46
63835	1969	219	23	134	2:05:54
63836	1991	219	24	135	2:05:54
63837	2137	219	112	136	2:07:11
63838	3417	219	25	137	2:07:17
63839	3418	219	26	138	2:07:17
63840	1917	219	113	139	2:07:48
63841	1723	219	114	140	2:07:58
63842	2903	219	27	141	2:09:16
63843	1797	219	115	142	2:09:27
63844	3291	219	28	143	2:09:41
63845	1905	219	116	144	2:09:53
63846	1699	219	117	145	2:10:16
63847	1657	219	118	146	2:10:17
63848	3419	219	29	147	2:10:20
63849	2068	219	119	148	2:10:28
63850	1982	219	30	149	2:11:01
63851	1988	219	31	150	2:11:02
63852	1666	219	32	151	2:11:03
63853	2368	219	33	152	2:11:24
63854	1811	219	120	153	2:12:07
63855	3300	219	34	154	2:12:24
63856	3204	219	35	155	2:12:25
63857	2188	219	36	156	2:12:42
63858	2346	219	121	157	2:12:42
63859	1783	219	122	158	2:13:12
63860	1691	219	37	159	2:13:32
63861	2700	219	123	160	2:13:56
63862	1570	219	124	161	2:14:16
63863	1948	219	125	162	2:14:24
63864	1643	219	38	163	2:14:56
63865	1814	219	126	164	2:15:25
63866	1641	219	39	165	2:15:37
63867	1829	219	127	166	2:16:41
63868	1998	219	40	167	2:17:20
63869	1996	219	128	168	2:17:39
63870	2494	219	41	169	2:17:40
63871	2412	219	129	170	2:18:30
63872	1744	219	130	171	2:19:29
63873	1781	219	131	172	2:19:37
63874	1700	219	132	173	2:24:52
63875	2729	219	42	174	2:26:19
63876	1817	219	43	175	2:36:56
63877	3369	219	44	176	2:37:57
63878	3247	220	1	1	28:40
63879	2216	220	2	2	28:45
63880	1439	220	3	3	30:29
63881	1459	220	4	4	31:19
63882	3344	220	5	5	31:21
63883	2751	220	6	6	31:41
63884	1440	220	7	7	31:48
63885	2643	220	8	8	31:49
63886	1451	220	9	9	32:04
63887	1470	220	10	10	32:09
63888	1854	220	11	11	32:46
63889	2542	220	12	12	33:00
63890	3248	220	13	13	33:02
63891	1450	220	14	14	33:07
63892	2609	220	15	15	33:22
63893	1852	220	1	16	33:24
63894	1442	220	16	17	33:25
63895	2326	220	17	18	33:32
63896	2651	220	18	19	33:55
63897	2223	220	19	20	33:58
63898	1965	220	20	21	34:14
63899	1487	220	21	22	34:17
63900	1593	220	22	23	34:26
63901	2894	220	2	24	34:29
63902	2110	220	23	25	34:35
63903	2339	220	24	26	34:37
63904	3420	220	25	27	34:50
63905	1502	220	26	28	34:55
63906	1490	220	27	29	35:00
63907	1486	220	28	30	35:07
63908	2285	220	29	31	35:17
63909	1559	220	30	32	35:21
63910	2154	220	3	33	35:23
63911	3347	220	31	34	35:40
63912	2865	220	4	35	35:44
63913	1935	220	32	36	35:54
63914	3113	220	33	37	35:58
63915	1512	220	34	38	36:00
63916	2443	220	35	39	36:01
63917	3054	220	37	41	36:04
63918	3421	220	38	42	36:05
63919	3251	220	39	43	36:08
63920	3422	220	40	44	36:10
63921	1527	220	41	45	36:11
63922	2113	220	42	46	36:24
63923	3423	220	5	47	36:36
63924	2959	220	6	48	36:44
63925	1539	220	43	49	36:47
63926	2867	220	44	50	36:55
63927	1636	220	45	51	37:06
63928	2469	220	46	52	37:11
63929	1503	220	47	53	37:20
63930	2672	220	48	54	37:22
63931	3263	220	49	55	37:24
63932	1549	220	50	56	37:26
63933	3424	220	51	57	37:26
63934	3406	220	7	58	37:27
63935	3425	220	8	59	37:32
63936	2655	220	52	60	37:34
63937	3354	220	53	61	37:36
63938	2152	220	54	62	37:40
63939	2119	220	55	63	37:40
63940	2095	220	9	64	37:41
63941	1604	220	56	65	37:45
63942	2884	220	57	66	37:48
63943	1910	220	58	67	37:53
63944	1977	220	10	68	37:56
63945	3349	220	59	69	37:58
63946	3426	220	60	70	38:04
63947	1500	220	11	71	38:06
63948	1698	220	61	72	38:07
63949	3257	220	12	73	38:25
63950	1686	220	62	74	38:27
63951	2431	220	63	75	38:30
63952	3255	220	64	76	38:32
63953	3427	220	65	77	38:32
63954	3256	220	13	78	38:32
63955	2658	220	66	79	38:47
63956	2249	220	67	80	38:53
63957	3352	220	14	81	39:01
63958	1591	220	68	82	39:04
63959	2677	220	69	83	39:06
63960	3260	220	70	84	39:11
63961	2765	220	15	85	39:18
63962	1950	220	16	86	39:19
63963	2139	220	71	87	39:22
63964	3428	220	72	88	39:26
63965	2879	220	73	89	39:29
63966	1561	220	17	90	39:30
63967	1628	220	74	91	39:30
63968	1580	220	75	92	39:31
63969	1955	220	18	93	39:31
63970	1556	220	76	94	39:37
63971	1571	220	77	95	39:40
63972	1574	220	78	96	39:41
63973	1688	220	79	97	39:44
63974	3273	220	80	98	39:47
63975	2474	220	81	99	39:54
63976	2965	220	19	100	40:01
63977	1745	220	82	101	40:05
63978	3267	220	83	102	40:20
63979	2567	220	20	103	40:21
63980	2343	220	84	104	40:23
63981	1906	220	85	105	40:29
63982	1601	220	86	106	40:37
63983	2038	220	87	107	40:38
63984	1569	220	88	108	40:41
63985	1649	220	21	109	40:43
63986	1611	220	89	110	40:49
63987	3268	220	90	111	40:49
63988	2973	220	91	112	40:55
63989	1515	220	92	113	40:58
63990	2575	220	93	114	41:06
63991	1477	220	22	115	41:10
63992	2881	220	23	116	41:13
63993	2381	220	94	117	41:15
63994	2880	220	24	118	41:16
63995	2578	220	95	119	41:17
63996	1892	220	96	120	41:18
63997	2698	220	97	121	41:21
63998	2696	220	98	122	41:23
63999	3429	220	99	123	41:27
64000	2961	220	100	124	41:39
64001	2459	220	25	125	41:42
64002	3359	220	26	126	41:43
64003	1945	220	101	127	41:49
64004	2974	220	27	128	41:51
64005	1519	220	102	129	41:52
64006	2137	220	103	130	41:57
64007	1625	220	104	131	41:57
64008	1718	220	105	132	42:11
64009	1648	220	106	133	42:12
64010	2902	220	107	134	42:25
64011	1661	220	28	135	42:33
64012	1887	220	29	136	42:37
64013	2371	220	108	137	42:42
64014	2663	220	109	138	42:48
64015	1565	220	30	139	42:49
64016	1915	220	31	140	42:52
64017	1702	220	110	141	42:56
64018	1953	220	111	142	43:01
64019	1899	220	112	143	43:06
64020	2670	220	113	144	43:07
64021	2503	220	115	146	43:15
64022	3430	220	116	147	43:21
64023	2426	220	117	148	43:27
64024	3276	220	118	149	43:29
64025	3389	220	32	150	43:35
64026	3431	220	33	151	43:35
64027	1570	220	119	152	43:38
64028	2968	220	120	153	43:39
64029	1980	220	34	154	43:40
64030	3365	220	121	155	43:40
64031	3366	220	35	156	43:45
64032	2972	220	36	157	43:48
64033	3283	220	37	158	43:49
64034	3270	220	122	159	43:50
64035	1582	220	38	160	43:54
64036	3291	220	39	161	43:56
64037	2905	220	40	162	43:58
64038	1971	220	41	163	44:01
64039	2918	220	123	164	44:09
64040	1478	220	124	165	44:09
64041	1725	220	42	166	44:16
64042	3432	220	125	167	44:20
64043	1969	220	43	168	44:21
64044	1660	220	126	169	44:29
64045	1653	220	127	170	44:29
64046	3035	220	128	171	44:30
64047	1657	220	129	172	44:32
64048	1692	220	44	173	44:36
64049	2071	220	130	174	44:40
64050	1991	220	45	175	44:41
64051	1691	220	46	176	44:43
64052	3433	220	131	177	44:44
64053	2245	220	47	178	44:46
64054	3434	220	48	179	44:51
64055	3085	220	49	180	44:52
64056	1797	220	132	181	44:56
64057	1713	220	133	182	45:00
64058	1600	220	134	183	45:05
64059	2346	220	135	184	45:07
64060	1699	220	136	185	45:10
64061	3435	220	137	186	45:15
64062	2277	220	50	187	45:18
64063	2703	220	51	188	45:24
64064	1976	220	52	189	45:31
64065	1958	220	138	190	45:33
64066	3436	220	139	191	45:44
64067	2334	220	140	192	45:45
64068	1795	220	141	193	45:47
64069	3036	220	142	194	45:57
64070	1714	220	53	195	45:58
64071	3381	220	143	196	46:11
64072	1666	220	54	197	46:12
64073	3362	220	55	198	46:15
64074	1664	220	56	199	46:16
64075	1982	220	57	200	46:21
64076	2412	220	144	201	46:23
64077	3290	220	145	202	46:26
64078	1654	220	58	203	46:35
64079	1922	220	146	204	46:39
64080	2368	220	59	205	46:40
64081	1814	220	147	206	46:51
64082	1754	220	148	207	46:52
64083	3437	220	60	208	46:57
64084	3064	220	61	209	47:00
64085	1700	220	149	210	47:17
64086	1979	220	62	211	47:18
64087	1773	220	150	212	47:19
64088	2225	220	151	213	47:20
64089	3303	220	63	214	47:22
64090	1705	220	64	215	47:25
64091	2746	220	65	216	47:29
64092	1787	220	66	217	47:36
64093	2893	220	152	218	47:38
64094	1717	220	67	219	47:42
64095	1988	220	68	220	47:49
64096	1641	220	69	221	47:51
64097	1783	220	153	222	47:54
64098	1608	220	154	223	47:55
64099	1650	220	155	224	47:57
64100	1917	220	156	225	47:58
64101	1744	220	157	226	48:10
64102	3438	220	70	227	48:13
64103	2494	220	71	228	48:13
64104	2700	220	158	229	48:14
64105	3300	220	72	230	48:17
64106	3004	220	159	231	48:24
64107	2387	220	73	232	48:26
64108	1784	220	160	233	48:37
64109	3367	220	161	234	48:44
64110	1997	220	74	235	48:45
64111	2391	220	75	236	48:47
64112	1781	220	162	237	48:54
64113	2726	220	76	238	49:08
64114	2979	220	77	239	49:08
64115	2989	220	78	240	49:15
64116	3418	220	79	241	49:15
64117	3439	220	80	242	49:16
64118	1901	220	81	243	49:17
64119	2188	220	82	244	49:18
64120	3440	220	83	245	49:20
64121	2514	220	163	246	49:23
64122	1983	220	84	247	49:29
64123	1723	220	165	249	49:41
64124	2903	220	85	250	49:46
64125	3441	220	86	251	49:58
64126	1920	220	87	252	49:58
64127	1829	220	166	253	50:07
64128	1523	220	88	254	50:10
64129	1807	220	167	255	50:19
64130	2713	220	168	256	50:41
64131	1557	220	169	257	50:49
64132	3007	220	170	258	50:50
64133	2590	220	89	259	51:28
64134	2931	220	171	260	51:31
64135	3377	220	172	261	51:38
64136	3442	220	90	262	51:47
64137	2076	220	91	263	51:53
64138	2953	220	92	264	52:26
64139	3323	220	93	265	52:30
64140	3319	220	94	266	52:30
64141	3318	220	95	267	52:32
64142	3336	220	96	268	52:40
64143	3373	220	97	269	52:42
64144	1811	220	173	270	53:07
64145	3443	220	98	271	53:29
64146	3501	220	99	272	53:32
64147	2788	220	100	273	53:33
64148	3321	220	101	274	53:39
64149	2729	220	102	275	53:58
64150	3302	220	174	276	53:59
64151	3311	220	103	277	54:32
64152	3380	220	104	278	54:37
64153	2388	220	175	279	54:45
64154	2944	220	105	280	55:01
64155	3384	220	106	281	55:11
64156	3445	220	107	282	55:16
64157	2529	220	176	283	56:13
64158	2991	220	108	284	56:48
64159	1831	220	177	285	56:50
64160	1517	220	178	286	56:51
64161	1469	220	179	287	56:52
64162	3446	220	109	288	56:57
64163	1630	220	110	289	57:02
64164	3379	220	111	290	57:10
64165	3447	220	112	291	57:19
64166	3329	220	113	292	57:29
64167	3000	220	180	293	57:57
64168	2190	220	114	294	58:16
64169	3448	220	115	295	59:10
64170	1911	220	116	296	59:15
64171	2988	220	117	297	59:22
64172	3009	220	118	298	59:36
64173	2011	220	119	299	59:49
64174	2714	220	120	300	59:58
64175	1803	220	121	301	1:00:13
64176	2535	220	122	302	1:00:35
64177	1788	220	181	303	1:00:48
64178	3331	220	182	304	1:01:02
64179	2180	220	183	305	1:01:49
64180	2790	220	123	306	1:01:51
64181	2976	220	124	307	1:02:02
64182	3449	220	125	308	1:03:19
64183	2948	220	126	309	1:03:38
64184	2741	220	127	310	1:06:06
64185	3450	220	128	311	1:07:24
64186	1694	220	184	312	1:09:14
64187	1792	220	185	313	1:09:58
64188	3451	220	129	314	1:10:28
64189	2194	220	130	315	1:10:29
64190	1587	220	131	316	1:11:20
64191	3452	220	132	317	1:16:53
64192	2797	220	186	318	1:17:05
64193	2216	221	1	1	29:37
64194	3345	221	2	2	30:47
64195	2750	221	3	3	31:37
64196	1440	221	4	4	31:38
64197	1451	221	5	5	31:49
64198	1453	221	6	6	31:51
64199	1439	221	7	7	31:53
64200	1852	221	1	8	32:18
64201	2751	221	8	9	32:25
64202	1459	221	9	10	32:28
64203	2643	221	10	11	32:49
64204	1854	221	11	12	32:58
64205	1511	221	12	13	33:05
64206	1463	221	13	14	33:21
64207	1460	221	14	15	33:26
64208	1482	221	15	16	33:29
64209	1496	221	16	17	33:43
64210	1450	221	17	18	33:47
64211	1487	221	18	19	33:56
64212	2330	221	19	20	33:58
64213	2223	221	20	21	34:10
64214	2542	221	21	22	34:12
64215	2651	221	22	23	34:25
64216	3402	221	23	24	34:29
64217	2110	221	24	25	34:50
64218	1444	221	25	26	34:58
64219	1502	221	26	27	35:07
64220	1942	221	27	28	35:16
64221	2865	221	2	29	35:20
64222	1466	221	28	30	35:22
64223	2017	221	3	31	35:28
64224	1841	221	29	32	35:35
64225	3054	221	30	33	35:42
64226	1935	221	31	34	36:09
64227	1512	221	32	35	36:14
64228	2615	221	33	36	36:18
64229	1977	221	4	37	36:23
64230	1478	221	34	38	36:26
64231	2285	221	35	39	36:32
64232	2443	221	36	40	36:35
64233	2612	221	37	41	36:46
64234	2113	221	38	42	36:49
64235	1944	221	39	43	36:52
64236	2469	221	40	44	36:54
64237	3453	221	41	45	37:07
64238	2658	221	42	46	37:17
64239	2867	221	43	47	37:20
64240	1636	221	45	49	37:28
64241	1549	221	46	50	37:35
64242	2249	221	47	51	37:41
64243	2672	221	48	52	37:54
64244	1500	221	5	53	37:57
64245	1503	221	49	54	37:59
64246	1524	221	50	55	38:01
64247	1955	221	6	56	38:02
64248	2342	221	51	57	38:05
64249	3454	221	52	58	38:13
64250	1698	221	53	59	38:15
64251	2038	221	54	60	38:22
64252	1467	221	55	61	38:27
64253	2205	221	7	62	38:28
64254	2460	221	56	63	38:37
64255	3260	221	57	64	38:41
64256	1579	221	58	65	38:42
64257	1686	221	59	66	38:45
64258	2884	221	60	67	38:52
64259	3361	221	8	68	38:55
64260	2139	221	61	69	38:57
64261	2431	221	62	70	39:02
64262	2474	221	63	71	39:07
64263	3261	221	64	72	39:08
64264	1910	221	65	73	39:14
64265	1950	221	9	74	39:16
64266	1556	221	66	75	39:17
64267	2567	221	10	76	39:18
64268	2879	221	67	77	39:19
64269	3455	221	68	78	39:20
64270	3265	221	69	79	39:21
64271	2464	221	70	80	39:25
64272	2677	221	71	81	39:27
64274	3456	221	73	83	39:31
64275	1477	221	11	84	39:37
64276	1990	221	74	85	39:39
64277	2090	221	75	86	39:47
64278	1688	221	76	87	39:50
64279	1974	221	77	88	40:01
64280	2965	221	12	89	40:04
64281	2895	221	78	90	40:09
64282	3352	221	13	91	40:10
64283	1745	221	79	92	40:12
64284	2350	221	80	93	40:15
64285	2973	221	81	94	40:25
64286	1906	221	82	95	40:26
64287	1628	221	83	96	40:27
64288	3248	221	84	97	40:29
64289	3267	221	85	98	40:36
64290	2578	221	86	99	40:38
64291	2326	221	87	100	40:45
64292	1569	221	88	101	41:02
64293	1519	221	89	102	41:08
64294	2121	221	14	103	41:15
64295	3365	221	90	104	41:17
64296	1571	221	91	105	41:20
64297	1515	221	92	106	41:23
64298	1564	221	15	107	41:27
64299	2137	221	93	108	41:40
64300	1582	221	16	109	41:42
64301	2698	221	94	110	41:43
64302	3457	221	95	111	41:49
64303	1657	221	96	112	41:51
64304	1591	221	97	113	41:57
64305	2010	221	17	114	42:14
64306	1915	221	18	115	42:19
64307	1625	221	98	116	42:24
64308	1490	221	99	117	42:30
64309	3458	221	19	118	42:31
64310	2902	221	100	119	42:32
64311	1899	221	101	120	42:34
64312	1470	221	102	121	42:35
64313	2371	221	103	122	42:37
64314	2961	221	104	123	42:51
64315	1660	221	105	124	42:55
64316	2968	221	106	125	42:57
64317	3359	221	20	126	43:06
64318	3459	221	107	127	43:06
64319	2102	221	108	128	43:08
64320	3268	221	109	129	43:09
64321	3414	221	110	130	43:12
64322	2663	221	111	131	43:14
64323	2346	221	112	132	43:19
64324	3366	221	21	133	43:24
64325	3124	221	113	134	43:26
64326	3297	221	114	135	43:29
64327	1892	221	115	136	43:31
64328	1640	221	116	137	43:32
64329	1713	221	117	138	43:35
64330	1570	221	118	139	43:40
64331	1971	221	22	140	43:42
64332	3460	221	119	141	43:48
64333	2881	221	23	142	43:49
64334	3030	221	120	143	44:00
64335	2703	221	24	144	44:08
64336	2696	221	121	145	44:14
64337	2362	221	25	146	44:20
64338	3036	221	122	147	44:27
64339	1887	221	26	148	44:34
64340	1814	221	123	149	44:50
64341	1692	221	27	150	44:51
64342	3283	221	28	151	44:52
64343	2503	221	124	152	44:53
64344	1699	221	125	153	44:54
64345	1980	221	29	154	44:55
64346	2882	221	30	155	44:55
64347	3461	221	31	156	44:56
64348	1953	221	126	157	44:58
64349	1969	221	32	158	45:04
64350	1976	221	33	159	45:10
64351	3286	221	127	160	45:13
64352	3462	221	128	161	45:16
64353	3007	221	129	162	45:26
64354	1948	221	130	163	45:29
64355	1905	221	131	164	45:30
64356	1958	221	132	165	45:32
64357	1733	221	133	166	45:35
64358	2277	221	34	167	45:38
64359	2555	221	35	168	45:51
64360	3294	221	134	169	45:55
64361	3301	221	36	170	45:56
64362	1797	221	135	171	45:59
64363	2893	221	136	172	46:16
64364	1715	221	37	173	46:21
64365	1795	221	137	174	46:30
64366	2068	221	138	175	46:31
64367	1641	221	38	176	46:32
64368	3064	221	39	177	46:36
64369	2702	221	139	178	46:38
64370	2412	221	140	179	46:45
64371	1705	221	40	180	46:54
64372	1691	221	41	181	47:01
64373	1717	221	42	182	47:02
64374	2241	221	43	183	47:03
64375	1725	221	44	184	47:04
64376	1982	221	45	185	47:10
64377	3419	221	46	186	47:13
64378	3264	221	141	187	47:13
64379	2225	221	142	188	47:15
64380	1783	221	143	189	47:21
64381	1983	221	47	190	47:40
64382	2976	221	48	191	47:41
64383	1664	221	49	192	47:42
64384	2691	221	144	193	47:44
64385	1666	221	50	194	47:45
64386	3063	221	51	195	47:46
64387	2494	221	52	196	48:02
64388	3464	221	145	197	48:04
64389	1714	221	53	198	48:06
64390	1754	221	146	199	48:08
64391	1784	221	147	200	48:10
64392	2929	221	54	201	48:14
64393	2903	221	55	202	48:15
64394	2989	221	56	203	48:26
64395	3465	221	57	204	48:28
64396	3373	221	58	206	48:35
64397	2717	221	149	207	48:47
64398	2418	221	59	208	48:58
64399	1998	221	60	209	49:17
64400	2031	221	150	210	49:19
64401	3466	221	61	211	49:19
64402	1988	221	62	212	49:20
64403	3467	221	63	213	49:21
64404	1807	221	151	214	49:27
64405	1997	221	64	215	49:31
64406	3325	221	152	216	49:32
64407	3382	221	65	217	49:33
64408	2463	221	153	218	49:34
64409	1612	221	154	219	49:48
64410	2586	221	66	220	49:49
64411	1829	221	155	221	49:58
64412	2387	221	67	222	49:59
64413	1979	221	68	223	50:02
64414	2368	221	69	224	50:02
64415	2726	221	70	225	50:04
64416	2979	221	71	226	50:05
64417	2514	221	156	227	50:20
64418	3302	221	157	228	50:25
64419	2984	221	72	229	50:34
64420	3204	221	73	230	50:51
64421	3004	221	158	231	51:03
64422	3311	221	74	232	51:05
64423	3445	221	75	233	51:10
64424	2937	221	76	234	51:16
64425	3336	221	77	235	51:18
64426	2986	221	78	236	51:45
64427	3300	221	79	237	51:46
64428	1793	221	159	238	52:39
64429	1811	221	160	239	52:40
64430	2700	221	161	240	53:14
64431	2953	221	80	241	53:38
64432	1788	221	162	242	53:39
64433	2729	221	81	243	54:07
64434	2854	221	82	244	54:26
64435	3376	221	83	245	54:26
64436	2944	221	84	246	54:49
64437	3131	221	163	247	55:17
64438	2529	221	164	248	55:38
64439	1803	221	85	249	55:53
64440	3321	221	86	250	56:35
64441	3468	221	165	251	56:50
64442	2011	221	87	252	57:16
64443	2714	221	88	253	57:37
64444	3383	221	166	254	58:03
64445	3469	221	167	255	58:11
64446	1517	221	168	256	58:29
64447	1486	221	169	257	58:38
64448	3384	221	89	259	59:21
64449	2354	221	90	260	59:31
64450	2370	221	171	261	1:00:09
64451	2948	221	91	262	1:00:10
64452	2730	221	92	263	1:00:23
64453	2441	221	93	264	1:01:04
64454	2535	221	94	265	1:01:33
64455	2741	221	95	266	1:01:53
64456	2797	221	172	267	1:02:46
64457	3307	221	96	268	1:09:46
64458	2216	222	1	1	46:16
64459	3073	222	2	2	48:16
64460	1439	222	3	3	49:01
64461	3344	222	4	4	50:05
64462	1459	222	5	5	50:08
64463	2816	222	6	6	50:23
64464	1440	222	7	7	50:36
64465	3151	222	8	8	51:14
64466	2827	222	9	9	51:30
64467	1852	222	1	10	51:34
64468	2643	222	10	11	51:35
64469	1451	222	11	12	51:43
64470	2751	222	12	13	52:11
64471	3470	222	13	14	52:39
64472	2825	222	14	15	52:53
64473	2750	222	15	16	53:31
64474	1511	222	16	17	53:33
64475	1482	222	17	18	53:37
64476	1460	222	18	19	53:47
64477	2542	222	19	20	54:01
64478	1487	222	20	21	54:07
64479	3471	222	21	22	54:13
64480	2894	222	2	23	54:16
64481	1497	222	22	24	54:42
64482	1463	222	23	25	55:05
64483	2330	222	24	26	55:13
64484	2339	222	25	27	55:26
64485	1490	222	26	28	55:30
64486	2865	222	3	29	55:34
64487	3472	222	27	30	55:43
64488	1467	222	28	31	55:49
64489	2824	222	29	32	55:54
64490	1466	222	30	33	56:03
64491	3402	222	31	34	56:11
64492	3420	222	32	35	56:14
64493	1942	222	33	36	56:43
64494	1841	222	34	37	56:53
64495	2285	222	35	38	57:08
64496	2651	222	36	39	57:34
64497	2867	222	37	40	57:36
64498	2443	222	38	41	57:47
64499	3253	222	39	42	58:04
64500	2017	222	4	43	58:08
64501	1946	222	40	44	58:29
64502	2113	222	41	45	58:39
64503	1935	222	42	46	58:43
64504	3054	222	43	47	58:48
64505	1898	222	44	48	59:09
64506	1502	222	45	49	59:24
64507	1965	222	46	50	1:00:03
64508	1549	222	47	51	1:00:12
64509	3259	222	48	52	1:00:15
64510	1530	222	49	53	1:00:17
64511	2615	222	50	54	1:00:31
64512	2460	222	51	55	1:00:39
64513	1855	222	52	56	1:00:40
64514	1539	222	53	57	1:00:46
64515	1698	222	54	58	1:01:03
64516	1512	222	55	59	1:01:14
64517	1478	222	56	60	1:01:18
64518	3113	222	57	61	1:01:25
64519	1500	222	5	62	1:01:28
64520	1626	222	58	63	1:01:36
64521	2612	222	59	64	1:01:43
64522	1688	222	60	65	1:01:45
64523	3053	222	61	66	1:01:51
64524	3055	222	62	67	1:01:52
64525	3263	222	63	68	1:01:57
64526	2672	222	64	69	1:02:10
64527	1591	222	65	70	1:02:13
64528	1910	222	66	71	1:02:14
64529	2249	222	67	72	1:02:19
64530	1503	222	68	73	1:02:22
64531	3473	222	69	74	1:02:23
64532	2431	222	70	75	1:02:24
64533	1955	222	6	76	1:02:25
64534	1524	222	71	77	1:02:31
64535	2343	222	72	78	1:02:50
64536	3456	222	73	79	1:03:03
64537	2376	222	74	80	1:03:25
64538	3260	222	75	81	1:03:27
64539	1977	222	7	82	1:03:27
64540	3256	222	8	83	1:03:27
64541	3474	222	76	84	1:03:35
64542	1477	222	9	85	1:03:35
64543	3345	222	77	86	1:03:36
64544	2469	222	78	87	1:03:48
64545	1990	222	79	88	1:03:51
64546	1593	222	80	89	1:03:53
64547	2677	222	81	90	1:03:54
64548	3475	222	82	91	1:03:57
64549	2464	222	83	92	1:03:59
64550	1556	222	84	93	1:04:01
64551	2872	222	85	94	1:04:03
64552	2139	222	86	95	1:04:06
64553	3476	222	87	96	1:04:09
64554	2452	222	88	97	1:04:11
64555	3267	222	89	98	1:04:13
64556	3409	222	90	99	1:04:18
64557	1580	222	91	100	1:04:19
64558	3265	222	92	101	1:04:30
64559	1974	222	93	102	1:04:34
64560	2577	222	94	103	1:04:40
64561	1944	222	95	104	1:04:44
64562	2965	222	10	105	1:05:01
64563	3477	222	11	106	1:05:03
64564	1569	222	96	107	1:05:25
64565	3478	222	97	108	1:05:44
64566	3351	222	98	109	1:05:46
64567	1887	222	12	110	1:05:59
64568	1574	222	99	111	1:06:05
64569	3268	222	100	112	1:06:07
64570	1611	222	101	113	1:06:14
64571	1584	222	102	114	1:06:18
64572	3261	222	103	115	1:06:22
64573	1601	222	104	116	1:06:23
64574	1620	222	105	117	1:06:25
64575	2973	222	106	118	1:06:29
64576	1906	222	107	119	1:06:40
64577	2248	222	13	120	1:06:43
64578	2667	222	108	121	1:06:44
64579	2961	222	109	122	1:06:51
64580	1745	222	110	123	1:06:54
64581	1649	222	14	124	1:06:55
64582	2038	222	111	125	1:07:29
64583	2371	222	112	126	1:07:45
64584	3354	222	113	127	1:07:47
64585	1945	222	114	128	1:07:48
64586	1718	222	115	129	1:07:51
64587	2663	222	116	130	1:08:10
64588	2968	222	117	131	1:08:13
64589	2245	222	15	132	1:08:34
64590	1950	222	16	133	1:08:35
64591	2765	222	17	134	1:08:36
64592	3366	222	18	135	1:08:40
64593	1519	222	118	136	1:08:43
64594	1648	222	119	137	1:09:02
64595	2463	222	120	138	1:09:17
64596	3479	222	19	139	1:09:17
64597	2830	222	121	140	1:09:30
64598	1565	222	20	141	1:10:00
64599	3254	222	21	142	1:10:06
64600	1702	222	122	143	1:10:24
64601	2137	222	123	144	1:10:35
64602	2567	222	22	145	1:10:40
64603	2881	222	23	146	1:10:43
64604	1570	222	124	147	1:10:44
64605	2703	222	24	148	1:11:11
64606	1650	222	125	149	1:11:13
64607	2102	222	126	150	1:11:28
64608	3352	222	25	151	1:11:34
64609	1640	222	127	152	1:11:39
64610	1915	222	26	153	1:12:02
64611	1971	222	27	154	1:12:08
64612	1892	222	128	155	1:12:13
64613	1564	222	28	156	1:12:18
64614	1692	222	29	157	1:12:24
64615	2670	222	129	158	1:12:24
64616	1980	222	30	159	1:12:46
64617	1773	222	130	160	1:12:50
64618	1733	222	131	161	1:13:02
64619	1713	222	132	162	1:13:04
64620	3297	222	133	163	1:13:08
64621	1686	222	134	164	1:13:18
64622	1664	222	31	165	1:13:20
64623	3283	222	32	166	1:13:21
64624	1700	222	135	167	1:13:28
64625	2068	222	136	168	1:13:29
64626	2426	222	137	169	1:13:30
64627	1905	222	138	170	1:13:36
64628	2010	222	33	171	1:13:56
64629	1797	222	139	172	1:14:29
64630	1666	222	34	173	1:14:40
64631	1699	222	140	174	1:14:43
64632	2555	222	35	175	1:14:45
64633	3279	222	141	176	1:14:54
64634	3480	222	142	177	1:14:59
64635	1657	222	144	179	1:15:01
64636	2913	222	36	180	1:15:10
64637	3064	222	37	181	1:15:13
64638	1691	222	38	182	1:15:22
64639	3204	222	39	183	1:15:29
64640	1641	222	40	184	1:15:50
64641	2829	222	145	185	1:15:52
64642	1654	222	41	186	1:15:54
64643	3286	222	146	187	1:15:55
64644	1624	222	42	188	1:16:00
64645	1997	222	43	189	1:16:09
64646	3291	222	44	190	1:16:20
64647	3371	222	147	191	1:16:26
64648	1783	222	148	192	1:16:33
64649	1976	222	45	193	1:16:36
64650	3303	222	46	194	1:16:44
64651	2726	222	47	195	1:16:46
64652	2979	222	48	196	1:16:46
64653	1948	222	149	197	1:16:53
64654	1705	222	49	198	1:16:59
64655	3481	222	50	199	1:17:05
64656	2558	222	150	200	1:17:07
64657	2489	222	51	201	1:17:08
64658	2412	222	151	202	1:17:11
64659	3300	222	52	203	1:17:31
64660	1714	222	53	204	1:17:37
64661	1814	222	152	205	1:17:44
64662	2929	222	54	206	1:17:50
64663	2418	222	55	207	1:17:52
64664	2494	222	56	208	1:18:04
64665	1829	222	153	209	1:18:09
64666	2241	222	57	210	1:18:10
64667	1781	222	154	211	1:18:21
64668	2225	222	155	212	1:18:59
64669	2368	222	58	213	1:19:05
64670	3482	222	59	214	1:19:22
64671	3483	222	60	215	1:19:23
64672	3484	222	156	216	1:19:23
64673	2989	222	61	217	1:19:49
64674	1723	222	157	218	1:19:51
64675	1979	222	62	219	1:20:16
64676	1998	222	63	220	1:20:47
64677	2170	222	158	221	1:21:19
64678	2058	222	64	222	1:21:28
64679	3036	222	159	223	1:21:59
64680	1811	222	160	224	1:22:10
64681	3318	222	65	225	1:23:16
64682	3302	222	161	226	1:23:31
64683	3311	222	66	227	1:23:36
64684	2937	222	67	228	1:24:08
64685	1807	222	162	229	1:24:49
64686	2700	222	163	230	1:25:42
64687	2391	222	68	231	1:25:56
64688	3485	222	164	232	1:26:00
64689	3486	222	69	233	1:26:09
64690	1787	222	70	234	1:26:31
64691	3336	222	71	235	1:27:00
64692	3323	222	72	236	1:27:03
64693	3316	222	165	237	1:27:04
64694	3325	222	166	238	1:27:28
64695	3321	222	73	239	1:29:05
64696	2944	222	74	240	1:29:40
64697	1817	222	75	241	1:30:23
64698	3004	222	167	242	1:32:02
64699	2988	222	76	243	1:32:34
64700	3380	222	77	244	1:33:08
64701	3009	222	78	245	1:33:38
64702	1839	222	79	246	1:34:39
64703	2190	222	80	247	1:37:15
64704	2948	222	81	248	1:38:51
64705	2216	223	1	1	54:42
64706	3073	223	2	2	55:17
64707	1439	223	3	3	55:55
64708	3345	223	4	4	56:16
64709	3151	223	5	5	56:55
64710	3344	223	6	6	57:42
64711	1440	223	7	7	57:58
64712	1453	223	8	8	58:26
64713	2750	223	9	9	59:13
64714	1451	223	10	10	59:27
64715	1852	223	1	11	59:48
64716	1511	223	11	12	59:52
64717	2643	223	12	13	59:54
64718	1460	223	13	14	1:00:36
64719	1854	223	14	15	1:00:40
64720	1463	223	15	16	1:00:58
64721	1487	223	16	17	1:02:05
64722	2120	223	17	18	1:02:10
64723	2751	223	18	19	1:02:27
64724	1593	223	19	20	1:02:41
64725	2017	223	2	21	1:02:42
64726	2223	223	20	22	1:02:51
64727	1497	223	21	23	1:03:31
64728	1862	223	22	24	1:03:47
64729	3420	223	23	25	1:04:31
64730	1466	223	24	26	1:05:10
64731	2339	223	25	27	1:05:27
64732	1559	223	26	28	1:06:07
64733	1841	223	27	29	1:06:10
64734	1502	223	28	30	1:06:16
64735	2330	223	29	31	1:06:27
64736	2612	223	30	32	1:06:41
64737	1935	223	31	33	1:06:44
64738	2285	223	32	34	1:07:28
64739	1512	223	33	35	1:07:45
64740	3487	223	3	36	1:07:46
64741	1942	223	34	37	1:07:56
64742	3054	223	35	38	1:07:58
64743	2113	223	36	39	1:08:03
64744	2443	223	37	40	1:08:10
64745	1486	223	38	41	1:08:35
64746	3253	223	39	42	1:08:37
64747	1636	223	40	43	1:08:48
64748	2651	223	41	44	1:09:06
64749	3012	223	42	45	1:09:10
64750	2469	223	43	46	1:09:22
64751	1549	223	44	47	1:09:28
64752	2615	223	45	48	1:09:36
64753	1500	223	4	49	1:09:37
64754	3354	223	46	50	1:10:28
64755	1946	223	47	51	1:10:29
64756	2205	223	5	52	1:10:32
64757	2460	223	48	53	1:10:48
64758	3053	223	49	54	1:10:54
64759	3055	223	50	55	1:10:59
64760	1626	223	51	56	1:11:12
64761	2879	223	52	57	1:11:32
64762	2249	223	53	58	1:11:33
64763	3361	223	6	59	1:11:35
64764	1478	223	54	60	1:11:35
64765	2139	223	55	61	1:11:36
64766	1910	223	56	62	1:11:41
64767	2342	223	57	63	1:11:45
64768	1974	223	58	64	1:12:02
64769	3478	223	59	65	1:12:02
64770	1688	223	60	66	1:12:15
64771	1504	223	61	67	1:12:19
64772	1698	223	62	68	1:12:25
64773	3260	223	63	69	1:12:38
64774	1503	223	64	70	1:12:41
64775	1556	223	65	71	1:12:42
64776	2474	223	66	72	1:12:46
64777	2884	223	67	73	1:12:56
64778	3263	223	68	74	1:12:58
64779	1990	223	69	75	1:13:28
64780	1855	223	70	76	1:13:42
64781	1580	223	72	78	1:14:23
64782	1561	223	7	79	1:14:26
64783	3425	223	8	80	1:14:49
64784	2677	223	73	81	1:14:53
64785	1477	223	9	82	1:15:41
64786	1611	223	74	83	1:15:43
64787	2038	223	75	84	1:15:44
64788	1745	223	76	85	1:15:46
64789	2698	223	77	86	1:15:49
64790	1582	223	10	87	1:15:50
64791	3268	223	78	88	1:15:51
64792	1574	223	79	89	1:15:59
64793	1906	223	80	90	1:16:04
64794	2326	223	81	91	1:16:10
64795	2973	223	82	92	1:16:14
64796	1718	223	83	93	1:16:22
64798	3015	223	11	95	1:16:27
64799	2578	223	85	96	1:16:28
64800	1569	223	86	97	1:16:29
64801	2872	223	87	98	1:16:30
64802	1950	223	12	99	1:16:51
64803	2370	223	88	100	1:17:07
64804	1880	223	89	101	1:17:26
64805	3409	223	90	102	1:17:28
64806	1564	223	13	103	1:17:30
64807	3488	223	91	104	1:17:40
64808	1648	223	92	105	1:17:41
64809	3359	223	14	106	1:17:46
64810	1571	223	93	107	1:17:50
64811	1887	223	15	108	1:18:01
64812	3489	223	94	109	1:18:02
64813	2350	223	95	110	1:18:12
64814	3352	223	16	111	1:18:45
64815	3490	223	17	112	1:18:47
64816	2567	223	18	113	1:19:02
64817	1899	223	96	114	1:19:07
64818	1530	223	97	115	1:19:08
64819	2371	223	98	116	1:19:36
64820	2902	223	99	117	1:19:38
64821	3366	223	19	118	1:19:54
64822	1640	223	100	119	1:19:59
64823	1664	223	20	120	1:20:22
64824	2726	223	21	121	1:20:24
64825	2828	223	22	122	1:20:25
64826	1945	223	101	123	1:20:28
64827	1795	223	102	124	1:20:31
64828	1686	223	103	125	1:20:40
64829	1565	223	23	126	1:20:42
64830	1702	223	104	127	1:20:47
64831	2010	223	24	128	1:21:19
64832	1519	223	105	129	1:21:30
64833	2137	223	106	130	1:21:40
64834	3491	223	107	131	1:21:50
64835	2463	223	108	132	1:21:57
64836	2833	223	109	133	1:22:01
64837	1892	223	110	134	1:22:12
64838	1660	223	111	135	1:22:26
64839	2703	223	25	136	1:22:34
64840	2975	223	112	137	1:22:36
64841	2961	223	113	138	1:22:38
64842	1713	223	114	139	1:22:52
64843	1653	223	115	140	1:23:06
64844	3104	223	26	141	1:23:10
64845	2972	223	27	142	1:23:17
64846	3297	223	116	143	1:23:20
64847	3036	223	117	144	1:23:33
64848	1692	223	28	145	1:23:50
64849	1700	223	118	146	1:23:58
64850	1953	223	119	147	1:24:05
64851	1958	223	120	148	1:24:07
64852	1733	223	121	149	1:24:16
64853	1969	223	29	150	1:24:24
64854	3492	223	30	151	1:24:43
64855	2905	223	31	152	1:24:44
64856	3365	223	122	153	1:24:57
64857	1980	223	32	154	1:25:06
64858	3283	223	33	155	1:25:07
64859	1900	223	34	156	1:25:14
64860	2575	223	123	157	1:25:15
64861	2277	223	35	158	1:25:20
64862	1591	223	124	159	1:25:31
64863	2426	223	125	160	1:25:34
64864	2746	223	36	161	1:25:35
64865	2503	223	126	162	1:25:53
64866	1691	223	37	163	1:26:07
64867	3291	223	38	164	1:26:15
64868	2127	223	127	165	1:26:50
64869	2368	223	39	166	1:27:26
64870	2068	223	128	167	1:27:42
64871	1797	223	129	168	1:28:08
64872	3417	223	40	169	1:28:22
64873	3418	223	41	170	1:28:22
64874	2670	223	130	171	1:28:24
64875	1714	223	42	172	1:28:34
64876	1723	223	131	173	1:28:37
64877	1983	223	43	174	1:28:46
64878	1948	223	132	175	1:28:48
64879	3493	223	44	176	1:29:09
64880	3414	223	133	177	1:29:10
64881	1814	223	134	178	1:29:13
64882	2555	223	45	179	1:29:20
64883	1608	223	135	180	1:29:26
64884	1979	223	46	181	1:29:33
64885	2102	223	136	182	1:29:35
64886	3371	223	137	183	1:29:56
64887	3063	223	47	184	1:29:59
64888	1988	223	48	185	1:30:05
64889	1982	223	49	186	1:30:06
64890	2170	223	138	187	1:30:34
64891	3494	223	139	188	1:30:36
64892	1657	223	140	189	1:30:44
64893	1699	223	141	190	1:30:45
64894	1784	223	142	191	1:30:46
64895	2903	223	50	192	1:31:26
64896	2976	223	51	193	1:31:33
64897	2913	223	52	194	1:31:33
64898	2865	223	53	195	1:31:34
64899	2412	223	143	196	1:31:35
64900	1783	223	144	197	1:31:40
64901	2494	223	54	198	1:31:44
64902	2929	223	55	199	1:31:48
64903	3465	223	56	200	1:32:10
64904	1754	223	145	201	1:32:11
64905	1705	223	57	202	1:32:14
64906	2188	223	58	203	1:32:33
64907	2346	223	146	204	1:32:33
64908	2989	223	59	205	1:32:38
64909	1922	223	147	206	1:32:51
64910	3495	223	60	207	1:33:51
64911	1793	223	148	208	1:34:21
64912	1998	223	61	209	1:34:54
64913	3466	223	62	210	1:35:01
64914	1829	223	149	211	1:36:05
64915	2931	223	150	212	1:36:34
64916	1787	223	63	213	1:36:36
64917	1807	223	151	214	1:37:09
64918	2700	223	152	215	1:37:32
64919	2937	223	64	216	1:37:58
64920	1469	223	153	217	1:39:50
64921	1811	223	154	218	1:40:18
64922	3307	223	65	219	1:40:32
64923	3321	223	66	220	1:40:49
64924	1817	223	67	221	1:41:17
64925	3445	223	68	222	1:41:25
64926	2729	223	69	223	1:41:36
64927	2991	223	70	224	1:42:10
64928	3496	223	71	225	1:43:38
64929	3497	223	155	226	1:43:39
64930	3004	223	156	227	1:45:22
64931	3300	223	72	228	1:46:06
64932	2986	223	73	229	1:46:07
64933	2011	223	74	230	1:46:13
64934	1517	223	157	231	1:49:26
64935	1630	223	75	232	1:49:27
64936	3443	223	76	234	1:54:56
64937	2216	224	1	1	36:16
64938	1439	224	2	2	36:27
64939	1459	224	3	3	37:24
64940	1453	224	4	4	37:28
64941	3151	224	5	5	37:37
64942	3345	224	6	6	37:40
64943	1437	224	7	7	38:07
64944	3344	224	8	8	38:15
64945	2751	224	9	9	38:41
64946	2750	224	10	10	39:01
64947	1496	224	11	11	39:13
64948	1451	224	12	12	39:15
64949	1442	224	13	13	39:18
64950	2643	224	14	14	39:22
64951	1852	224	1	15	39:32
64952	1511	224	15	16	39:35
64953	1450	224	16	17	39:42
64954	3021	224	2	18	39:49
64955	1470	224	17	19	40:26
64956	1965	224	18	20	40:30
64957	3248	224	19	21	40:39
64958	2223	224	20	22	40:43
64959	2326	224	21	23	41:20
64960	2651	224	22	24	41:30
64961	1460	224	23	25	41:49
64962	1482	224	24	26	41:50
64963	2894	224	3	27	42:02
64964	1502	224	25	28	42:06
64965	1466	224	26	29	42:14
64966	1862	224	27	30	42:38
64967	2154	224	4	31	42:40
64968	1490	224	28	32	42:41
64969	2017	224	5	33	42:53
64970	1841	224	29	34	43:04
64971	1497	224	30	35	43:14
64972	1559	224	31	36	43:15
64973	1593	224	32	37	43:21
64974	1898	224	33	38	43:26
64975	3423	224	6	39	43:46
64976	3250	224	34	40	43:54
64977	1467	224	35	41	43:55
64978	2113	224	36	42	44:01
64979	3054	224	37	43	44:08
64980	1942	224	38	44	44:14
64981	2959	224	7	45	44:16
64982	2443	224	39	46	44:18
64983	3354	224	40	47	44:33
64984	1946	224	41	48	44:34
64985	2339	224	42	49	44:42
64986	1730	224	43	50	45:00
64987	3422	224	44	51	45:11
64988	1636	224	45	52	45:14
64989	1503	224	46	53	45:21
64990	1549	224	47	54	45:36
64991	2120	224	48	55	45:36
64992	1977	224	8	56	45:37
64993	3263	224	49	57	45:47
64994	2672	224	50	58	45:49
64995	2867	224	51	59	45:56
64996	2249	224	52	60	45:56
64997	2343	224	53	61	45:57
64998	3358	224	54	62	46:05
64999	3253	224	55	63	46:09
65000	1698	224	56	64	46:20
65001	2615	224	57	65	46:22
65002	1500	224	9	66	46:24
65003	1604	224	58	67	46:24
65004	2658	224	59	68	46:28
65005	1910	224	60	69	46:33
65006	3113	224	61	70	46:35
65007	3254	224	10	71	46:47
65008	3260	224	62	72	46:49
65009	1686	224	63	73	46:58
65010	3346	224	64	74	47:00
65011	1629	224	65	75	47:03
65012	1591	224	66	76	47:04
65013	2965	224	11	77	47:08
65014	3261	224	67	78	47:09
65015	3426	224	68	79	47:11
65016	2830	224	69	80	47:21
65017	1556	224	70	81	47:23
65018	1688	224	71	82	47:25
65019	2431	224	72	83	47:32
65020	1574	224	73	84	47:35
65021	3473	224	74	85	47:38
65022	2677	224	75	86	47:42
65023	3053	224	76	87	47:48
65024	3055	224	77	88	47:48
65025	3256	224	12	89	47:50
65026	3126	224	78	90	47:55
65027	2139	224	79	91	47:56
65028	1571	224	80	92	47:57
65029	3352	224	13	93	48:02
65030	1524	224	81	94	48:13
65031	3409	224	82	95	48:17
65032	2567	224	14	96	48:19
65033	1628	224	83	97	48:19
65034	1990	224	84	98	48:24
65035	3427	224	85	99	48:29
65036	3255	224	86	100	48:30
65037	3267	224	87	101	48:33
65038	2464	224	88	102	48:41
65039	2578	224	89	103	48:43
65040	2376	224	90	104	48:50
65041	2974	224	15	105	48:52
65042	3455	224	92	107	49:00
65043	2879	224	93	108	49:01
65044	2973	224	94	109	49:03
65045	3356	224	16	110	49:09
65046	1906	224	95	111	49:09
65047	1569	224	96	112	49:12
65048	2474	224	97	113	49:14
65049	3359	224	17	114	49:16
65050	2038	224	98	115	49:29
65051	2696	224	99	116	49:31
65052	1745	224	100	117	49:36
65053	2463	224	101	118	49:48
65054	1625	224	102	119	49:50
65055	1611	224	103	120	50:09
65057	1718	224	105	122	50:36
65058	1892	224	106	123	50:37
65059	3268	224	107	124	50:39
65060	1620	224	108	125	50:56
65061	2102	224	109	126	51:05
65062	1519	224	110	127	51:10
65063	2698	224	111	128	51:12
65064	2908	224	112	129	51:16
65065	1645	224	113	130	51:32
65066	2471	224	114	131	51:34
65067	1702	224	115	132	51:36
65068	3459	224	116	133	51:40
65069	1648	224	117	134	51:45
65070	2777	224	118	135	51:53
65071	2902	224	119	136	51:58
65072	1915	224	18	137	51:58
65073	1887	224	19	138	52:03
65074	3366	224	20	139	52:11
65075	2426	224	120	140	52:13
65076	1564	224	21	141	52:21
65077	1543	224	121	142	52:22
65078	2670	224	122	143	52:31
65079	1582	224	22	144	52:31
65080	1570	224	123	145	52:37
65081	3265	224	124	146	52:38
65082	2362	224	23	147	52:43
65083	1664	224	24	148	52:44
65084	1523	224	25	149	52:48
65085	2726	224	26	150	52:51
65086	2979	224	27	151	52:52
65087	1900	224	28	152	52:53
65088	2371	224	125	153	52:58
65089	1640	224	126	154	52:59
65090	3498	224	29	155	53:01
65091	2905	224	30	156	53:05
65092	2346	224	127	157	53:12
65093	1899	224	128	158	53:16
65094	1917	224	129	159	53:29
65095	1699	224	130	160	53:45
65096	1980	224	31	161	53:46
65097	1969	224	32	162	53:49
65098	2010	224	33	163	53:58
65099	1692	224	34	164	54:01
65100	2137	224	131	165	54:15
65101	1660	224	132	166	54:19
65102	2121	224	35	167	54:26
65103	1958	224	133	168	54:28
65104	3291	224	36	169	54:28
65105	2071	224	134	170	54:33
65106	1905	224	135	171	54:38
65107	1991	224	37	172	54:39
65108	2068	224	136	173	54:40
65109	1795	224	137	174	54:44
65110	1733	224	138	175	54:49
65111	1654	224	38	176	54:59
65112	2277	224	39	177	55:13
65113	1650	224	139	178	55:18
65114	3283	224	40	179	55:28
65115	1600	224	140	180	55:31
65116	1797	224	141	181	55:31
65117	2368	224	41	182	55:51
65118	1982	224	42	183	55:52
65119	2188	224	43	184	55:53
65120	1666	224	44	185	55:54
65121	1922	224	142	186	56:10
65122	1713	224	143	187	56:12
65123	1976	224	45	188	56:27
65124	1953	224	144	189	56:27
65125	1983	224	46	190	56:30
65126	3290	224	145	191	56:31
65127	3204	224	47	192	56:34
65128	3480	224	146	193	56:34
65129	2746	224	48	194	56:35
65130	3499	224	147	195	56:38
65131	1643	224	49	196	56:48
65132	2412	224	148	197	56:54
65133	1997	224	50	198	57:02
65134	1920	224	51	200	57:17
65135	2700	224	150	201	57:24
65136	3418	224	52	202	57:24
65137	1517	224	151	203	57:26
65138	1723	224	152	204	57:27
65139	1469	224	153	205	57:28
65140	1783	224	154	206	57:33
65141	2516	224	53	207	57:33
65142	1700	224	155	208	57:42
65143	3007	224	156	209	57:44
65144	1641	224	54	210	57:46
65145	3063	224	55	212	58:15
65146	1988	224	56	213	58:16
65147	2989	224	57	214	58:21
65148	1996	224	158	215	58:24
65149	2903	224	58	216	58:27
65150	2930	224	59	217	58:30
65151	1787	224	60	218	58:39
65152	3004	224	159	219	58:41
65153	2727	224	61	220	58:44
65154	2225	224	160	221	58:46
65155	2713	224	161	222	58:59
65156	3500	224	162	223	59:00
65157	1691	224	62	224	59:00
65158	1781	224	163	225	59:05
65159	3367	224	164	226	59:14
65160	3036	224	165	227	59:17
65161	1829	224	166	228	59:25
65162	3442	224	63	229	59:35
65163	1705	224	64	230	59:37
65164	3037	224	65	231	59:38
65165	3372	224	167	232	59:43
65166	2391	224	66	233	59:55
65167	3375	224	168	234	1:00:30
65168	1793	224	169	235	1:00:51
65169	3302	224	170	236	1:00:53
65170	2514	224	171	237	1:00:56
65171	2986	224	67	238	1:02:08
65172	3300	224	68	239	1:02:09
65173	3501	224	69	240	1:02:41
65174	3374	224	70	241	1:03:02
65175	3336	224	71	242	1:03:02
65176	1630	224	72	243	1:03:39
65177	3311	224	73	244	1:03:59
65178	3323	224	74	245	1:04:14
65179	2931	224	172	246	1:04:36
65180	3380	224	75	247	1:04:37
65181	3316	224	173	248	1:05:03
65182	3384	224	76	249	1:05:07
65183	3502	224	77	250	1:05:08
65184	2991	224	78	251	1:06:06
65185	2011	224	79	252	1:07:40
65186	3373	224	80	253	1:07:57
65187	3321	224	81	254	1:07:57
65188	3307	224	82	255	1:07:58
65189	1788	224	174	256	1:07:59
65190	1817	224	83	257	1:08:09
65191	1803	224	84	258	1:09:28
65192	3503	224	85	259	1:09:51
65193	2535	224	86	260	1:12:02
65194	2948	224	87	261	1:17:02
65195	1459	225	1	1	17:41
65196	2803	225	2	2	17:43
65197	1442	225	3	3	17:54
65198	1439	225	4	4	17:55
65199	2326	225	5	5	18:00
65200	1438	225	6	6	18:16
65201	1437	225	7	7	18:18
65202	1478	225	8	8	18:43
65203	1463	225	9	9	18:47
65204	1440	225	10	10	18:48
65205	2856	225	11	11	18:49
65206	2857	225	12	12	18:58
65207	1453	225	13	13	18:59
65208	2858	225	14	14	19:05
65209	2840	225	15	15	19:06
65210	2859	225	16	16	19:07
65211	2640	225	17	17	19:09
65212	1977	225	1	18	19:12
65213	1455	225	18	19	19:17
65214	2852	225	19	20	19:27
65215	2750	225	20	21	19:36
65216	2861	225	21	22	19:40
65217	1467	225	22	23	19:42
65218	2826	225	23	24	19:46
65219	1854	225	24	25	19:47
65220	1487	225	25	26	19:49
65221	1497	225	26	27	19:54
65222	1460	225	27	28	19:56
65223	2643	225	28	29	20:03
65224	2017	225	2	30	20:10
65225	1521	225	29	31	20:12
65226	1530	225	30	32	20:16
65227	2862	225	31	33	20:18
65228	2863	225	32	34	20:20
65229	1470	225	33	35	20:21
65230	2156	225	34	36	20:23
65231	2567	225	3	37	20:25
65232	1469	225	35	38	20:26
65233	1466	225	36	39	20:37
65234	2864	225	4	40	20:43
65235	2865	225	5	41	20:44
65236	1942	225	37	42	20:45
65237	1490	225	38	43	20:46
65238	2223	225	39	44	20:49
65239	1502	225	40	45	20:58
65240	2245	225	6	46	20:59
65241	2443	225	41	47	21:05
65242	2025	225	42	48	21:08
65243	2358	225	43	49	21:11
65244	1516	225	44	50	21:12
65245	1898	225	45	51	21:14
65246	2755	225	7	52	21:15
65247	2866	225	8	53	21:15
65248	1946	225	46	54	21:16
65249	2867	225	47	55	21:20
65250	1456	225	48	56	21:31
65251	1512	225	49	57	21:32
65252	1855	225	50	58	21:33
65253	1503	225	51	59	21:37
65254	2235	225	52	60	21:38
65255	1501	225	9	61	21:41
65256	2343	225	53	62	21:42
65257	1935	225	54	63	21:43
65258	1591	225	55	64	21:45
65259	2868	225	10	65	21:46
65260	2869	225	56	66	21:47
65261	1543	225	57	67	21:49
65262	2870	225	58	68	21:52
65263	2871	225	59	69	21:53
65264	2664	225	60	70	21:59
65265	2337	225	61	71	22:00
65266	2658	225	62	72	22:02
65267	1870	225	63	73	22:04
65268	1698	225	64	74	22:07
65269	2612	225	65	75	22:10
65270	2872	225	66	76	22:11
65271	2873	225	67	77	22:12
65272	2342	225	68	78	22:13
65273	1934	225	69	79	22:15
65274	1604	225	70	80	22:17
65275	2874	225	11	81	22:19
65276	2875	225	71	82	22:23
65277	2876	225	72	83	22:25
65278	2113	225	73	84	22:27
65279	2877	225	12	85	22:28
65280	2615	225	74	86	22:30
65281	2878	225	75	87	22:36
65282	2879	225	76	88	22:38
65283	2655	225	77	89	22:39
65284	1955	225	13	90	22:40
65285	1505	225	14	91	22:45
65286	1507	225	78	92	22:46
65287	2880	225	15	93	22:48
65288	2881	225	16	94	22:48
65289	1928	225	79	95	22:49
65290	2660	225	80	96	22:52
65291	1539	225	81	97	22:54
65292	2882	225	17	98	22:55
65293	1974	225	82	99	22:56
65294	2672	225	83	100	22:57
65295	2249	225	84	101	23:01
65296	2768	225	85	102	23:06
65297	1657	225	86	103	23:08
65298	1571	225	87	104	23:13
65299	1611	225	88	105	23:15
65300	2883	225	89	106	23:16
65301	1504	225	90	107	23:17
65302	1910	225	91	108	23:20
65303	2285	225	92	109	23:21
65304	2884	225	93	110	23:28
65305	1636	225	94	111	23:30
65306	2885	225	95	112	23:30
65307	2886	225	96	113	23:32
65308	2887	225	18	114	23:33
65309	1650	225	97	115	23:34
65310	2575	225	98	116	23:37
65311	2888	225	19	117	23:38
65312	2889	225	99	118	23:39
65313	1745	225	100	119	23:39
65314	1574	225	101	120	23:41
65315	2890	225	20	121	23:46
65316	2474	225	102	122	23:49
65317	2668	225	103	123	23:51
65318	1754	225	104	124	23:52
65319	1950	225	21	125	23:59
65320	1570	225	105	126	24:01
65321	2891	225	106	127	24:02
65322	2663	225	107	128	24:03
65323	2892	225	108	129	24:05
65324	1715	225	22	130	24:08
65325	2893	225	109	131	24:09
65326	2802	225	110	132	24:10
65327	1564	225	23	133	24:12
65328	2176	225	111	134	24:15
65329	1774	225	112	135	24:16
65330	2894	225	24	136	24:20
65331	2038	225	113	137	24:20
65332	1645	225	114	138	24:21
65333	2376	225	115	139	24:23
65334	2139	225	116	140	24:25
65335	2895	225	117	141	24:26
65336	1569	225	118	142	24:28
65337	1653	225	119	143	24:32
65338	2677	225	120	144	24:33
65339	2670	225	121	145	24:34
65340	2896	225	122	146	24:37
65341	1477	225	25	147	24:39
65342	2010	225	26	148	24:40
65343	2897	225	123	149	24:44
65344	1958	225	124	150	24:46
65345	2898	225	27	151	24:48
65346	1887	225	28	152	24:50
65347	1500	225	29	153	24:53
65348	1944	225	125	154	24:55
65349	1523	225	30	155	24:57
65350	2899	225	126	156	24:59
65351	1661	225	31	157	25:01
65352	2900	225	32	158	25:06
65353	2726	225	33	159	25:07
65354	2225	225	127	160	25:08
65355	1652	225	34	161	25:09
65356	2832	225	35	162	25:10
65357	1582	225	36	163	25:11
65358	2698	225	128	164	25:12
65359	2696	225	129	165	25:13
65360	1699	225	130	166	25:20
65361	1899	225	131	167	25:23
65362	2901	225	132	168	25:24
65363	2777	225	133	169	25:25
65364	1648	225	134	170	25:27
65365	2578	225	135	171	25:28
65366	2902	225	136	172	25:35
65367	2431	225	137	173	25:39
65368	1905	225	138	174	25:40
65369	2903	225	37	175	25:41
65370	2904	225	38	176	25:43
65371	2905	225	39	177	25:44
65372	1519	225	139	178	25:46
65373	1971	225	40	179	25:53
65374	2906	225	140	180	25:59
65375	2368	225	41	181	26:00
65376	2907	225	42	182	26:02
65377	1718	225	141	183	26:05
65378	2778	225	43	184	26:06
65379	2712	225	44	185	26:08
65380	2713	225	142	186	26:09
65381	2671	225	143	187	26:10
65382	2772	225	45	188	26:11
65383	2102	225	144	189	26:15
65384	2767	225	46	190	26:17
65385	2365	225	145	191	26:18
65386	1991	225	47	192	26:20
65387	1900	225	48	193	26:23
65388	1664	225	49	194	26:31
65389	1628	225	146	195	26:32
65390	1814	225	147	196	26:35
65391	2371	225	148	197	26:36
65392	1976	225	50	198	26:37
65393	1493	225	51	199	26:39
65394	1649	225	52	200	26:40
65395	2908	225	149	201	26:41
65396	2705	225	150	202	26:42
65397	1517	225	151	203	26:47
65398	2909	225	53	204	26:48
65399	2910	225	152	205	26:49
65400	2253	225	54	206	26:50
65401	1691	225	55	207	26:51
65402	2127	225	153	208	26:55
65403	1625	225	154	209	26:58
65404	2341	225	155	210	27:00
65405	2277	225	56	211	27:02
65406	1700	225	156	212	27:03
65407	1969	225	57	213	27:04
65408	1723	225	157	214	27:05
65409	1641	225	58	215	27:06
65410	2059	225	158	216	27:08
65411	1967	225	159	217	27:09
65412	1608	225	160	218	27:11
65413	2770	225	59	220	27:18
65414	2911	225	162	221	27:19
65415	2391	225	60	222	27:20
65416	1795	225	163	223	27:23
65417	2912	225	164	224	27:25
65418	2913	225	61	225	27:26
65419	1957	225	165	226	27:30
65420	1714	225	62	227	27:33
65421	2780	225	166	228	27:35
65422	1948	225	167	229	27:43
65423	2392	225	63	230	27:47
65424	1697	225	64	231	27:51
65425	2264	225	65	232	27:55
65426	1643	225	66	233	28:01
65427	1624	225	67	234	28:02
65428	2388	225	168	235	28:12
65429	2914	225	68	236	28:18
65430	2915	225	169	237	28:19
65431	1829	225	171	239	28:21
65432	2916	225	172	240	28:22
65433	2917	225	173	241	28:22
65434	2918	225	174	242	28:23
65435	1911	225	69	243	28:24
65436	1705	225	70	244	28:25
65437	2700	225	175	245	28:26
65438	2919	225	176	246	28:28
65439	2426	225	177	247	28:33
65440	2920	225	71	248	28:36
65441	2921	225	72	249	28:41
65442	2922	225	73	250	28:45
65443	2923	225	74	251	28:46
65444	2500	225	178	252	28:48
65445	2717	225	179	253	28:49
65446	1797	225	180	254	28:51
65447	1979	225	75	255	28:54
65448	2362	225	76	256	28:57
65449	1733	225	181	257	28:58
65450	2924	225	77	258	28:59
65451	1787	225	78	259	29:05
65452	2925	225	182	260	29:06
65453	2926	225	79	261	29:07
65454	1735	225	80	262	29:09
65455	2394	225	81	263	29:11
65456	1842	225	183	264	29:12
65457	1784	225	184	265	29:13
65458	2784	225	185	266	29:14
65459	2412	225	186	267	29:15
65460	2927	225	82	268	29:16
65461	1781	225	187	269	29:17
65462	2928	225	83	270	29:18
65463	2929	225	84	271	29:19
65464	2854	225	85	272	29:20
65465	1998	225	86	273	29:21
65466	1922	225	188	274	29:22
65467	2930	225	87	275	29:27
65468	1744	225	189	276	29:29
65469	1654	225	88	277	29:32
65470	2931	225	190	278	29:39
65471	2407	225	89	279	29:40
65472	2354	225	90	281	29:44
65473	2721	225	91	282	29:47
65474	2370	225	192	283	29:48
65475	2932	225	193	284	29:51
65476	2933	225	194	285	29:54
65477	1666	225	92	286	29:58
65478	1541	225	93	287	29:59
65479	1783	225	195	288	30:00
65480	2383	225	196	289	30:02
65481	2934	225	94	290	30:23
65482	1793	225	197	291	30:27
65483	1732	225	95	292	30:46
65484	1722	225	96	293	30:47
65485	1997	225	97	294	30:56
65486	2718	225	98	295	30:58
65487	1966	225	198	296	31:04
65488	1803	225	99	297	31:13
65489	2190	225	100	298	31:20
65490	2935	225	101	299	31:21
65491	1720	225	102	300	31:24
65492	1807	225	199	301	31:37
65493	2216	225	200	302	31:49
65494	2686	225	201	303	31:59
65495	2936	225	103	304	32:22
65496	2937	225	104	305	32:25
65497	2938	225	105	306	32:27
65498	2939	225	106	307	32:43
65499	2940	225	107	308	33:05
65500	2525	225	108	309	33:09
65501	2941	225	109	310	33:10
65502	2942	225	110	311	33:11
65503	1788	225	202	312	33:12
65504	2324	225	111	313	33:17
65505	2411	225	112	314	33:27
65506	2529	225	203	315	33:37
65507	1845	225	113	316	33:57
65508	2724	225	114	317	34:19
65509	2943	225	115	318	34:25
65510	2410	225	204	319	34:34
65511	2944	225	116	320	34:46
65512	2945	225	205	321	35:06
65513	2741	225	117	322	35:50
65514	1813	225	118	323	35:53
65515	2946	225	119	324	35:54
65516	2947	225	120	325	36:01
65517	2428	225	206	326	36:47
65518	2429	225	121	327	36:54
65519	2948	225	122	328	37:44
65520	2949	225	123	329	38:30
65521	2950	225	124	330	38:33
65522	2951	225	207	331	38:38
65523	1847	225	125	332	38:59
65524	2952	225	208	333	39:37
65525	2953	225	126	334	39:38
65527	2318	225	128	336	40:23
65528	2275	225	129	337	41:30
65529	2316	225	130	338	41:31
65530	2204	225	209	339	42:44
65531	2797	225	210	340	45:24
65532	2954	225	131	341	50:16
65533	2803	226	1	1	18:32
65534	1439	226	2	2	18:46
65535	1965	226	3	3	19:03
65536	2751	226	4	4	19:11
65537	1444	226	5	5	19:17
65538	1442	226	6	6	19:27
65539	1453	226	7	7	19:39
65540	2852	226	8	8	19:46
65541	1463	226	9	9	19:56
65542	2326	226	10	10	19:57
65543	1854	226	11	11	19:59
65544	2840	226	12	12	20:15
65545	1440	226	13	13	20:17
65546	1497	226	14	14	20:30
65547	1464	226	15	15	20:35
65548	2859	226	16	16	20:38
65549	2643	226	17	17	20:38
65550	1467	226	18	18	20:42
65551	1469	226	19	19	20:54
65552	1487	226	20	20	20:57
65553	2955	226	21	21	20:58
65554	2017	226	1	22	20:59
65555	1460	226	22	23	21:00
65556	2956	226	23	24	21:06
65557	1470	226	24	25	21:10
65558	1502	226	25	26	21:19
65559	1898	226	26	27	21:24
65560	2156	226	27	28	21:26
65561	2154	226	2	29	21:29
65562	1629	226	28	30	21:39
65563	1942	226	29	31	21:45
65564	2469	226	30	32	21:58
65565	1490	226	31	33	22:01
65566	2755	226	3	34	22:15
65567	1503	226	32	35	22:18
65568	1841	226	33	36	22:21
65569	2865	226	4	37	22:21
65570	1516	226	34	38	22:23
65571	2443	226	35	39	22:24
65572	1456	226	36	40	22:26
65573	1559	226	38	42	22:37
65574	1686	226	39	43	22:39
65575	2658	226	40	44	22:39
65576	2873	226	41	45	22:40
65577	1870	226	42	46	22:43
65578	1855	226	43	47	22:45
65579	1480	226	44	48	22:48
65580	2957	226	45	49	22:48
65581	2869	226	46	50	22:51
65582	2337	226	47	51	22:56
65583	2655	226	48	52	23:00
65584	1543	226	49	53	23:01
65585	1512	226	50	54	23:04
65586	2959	226	5	55	23:09
65587	2902	226	51	56	23:16
65588	1591	226	52	57	23:22
65589	2460	226	53	58	23:25
65590	2867	226	54	59	23:28
65591	2615	226	55	60	23:34
65592	1604	226	56	61	23:34
65593	1573	226	57	62	23:35
65594	1504	226	58	63	23:41
65595	2245	226	6	64	23:45
65596	2866	226	7	65	23:45
65597	2285	226	59	66	23:49
65598	2612	226	60	67	23:50
65599	2879	226	61	68	23:51
65600	1974	226	62	69	23:51
65601	1486	226	63	70	23:52
65602	2468	226	64	71	23:52
65603	1539	226	65	72	23:54
65604	1657	226	66	73	23:55
65605	1571	226	67	74	23:59
65606	2872	226	68	75	24:00
65607	1934	226	69	76	24:03
65608	2474	226	70	77	24:04
65609	1868	226	71	78	24:04
65610	1636	226	72	79	24:05
65611	1754	226	73	80	24:05
65612	2890	226	8	81	24:08
65613	2960	226	74	82	24:09
65614	2833	226	75	83	24:09
65615	1611	226	76	84	24:25
65616	2672	226	77	85	24:25
65617	1955	226	9	86	24:26
65618	1524	226	78	87	24:29
65619	2459	226	10	88	24:31
65620	1505	226	11	89	24:35
65621	2350	226	79	90	24:35
65622	1910	226	80	91	24:36
65623	2249	226	81	92	24:37
65624	1565	226	12	93	24:45
65625	2893	226	82	94	24:51
65626	1892	226	83	95	24:52
65627	2248	226	13	96	24:55
65628	2806	226	14	97	24:55
65629	1593	226	84	98	25:10
65630	2660	226	85	99	25:10
65631	1745	226	86	100	25:11
65632	1500	226	15	101	25:16
65633	2961	226	87	102	25:19
65634	1523	226	16	103	25:21
65635	1950	226	17	104	25:22
65636	2663	226	88	105	25:24
65637	1570	226	89	106	25:27
65638	2575	226	90	107	25:28
65639	2881	226	18	108	25:30
65640	1580	226	91	109	25:34
65641	2768	226	92	110	25:36
65642	1541	226	19	111	25:37
65643	2884	226	93	112	25:39
65644	2121	226	20	113	25:42
65645	2962	226	94	114	25:43
65646	2010	226	21	115	25:44
65647	2176	226	95	116	25:46
65648	1569	226	96	117	25:48
65649	1564	226	22	118	25:49
65650	1471	226	97	119	25:52
65651	2673	226	23	120	25:56
65652	2900	226	24	121	25:57
65653	2963	226	98	122	25:57
65654	2381	226	99	123	25:59
65655	2677	226	100	124	26:00
65656	1584	226	101	125	26:01
65657	2964	226	25	126	26:03
65658	2965	226	26	127	26:04
65659	1715	226	27	128	26:04
65660	1946	226	102	129	26:05
65661	1649	226	28	130	26:09
65662	1953	226	103	131	26:15
65663	2966	226	29	132	26:17
65664	1906	226	104	133	26:20
65665	1645	226	105	134	26:23
65666	1653	226	106	135	26:24
65667	2967	226	107	136	26:25
65668	2968	226	108	137	26:27
65669	2225	226	109	138	26:27
65670	1640	226	110	139	26:29
65671	1652	226	30	140	26:30
65672	1920	226	31	141	26:31
65673	2969	226	32	142	26:32
65674	2347	226	33	143	26:34
65675	2970	226	34	144	26:36
65676	1530	226	111	145	26:36
65677	2971	226	112	146	26:37
65678	2819	226	35	147	26:39
65679	1774	226	113	148	26:40
65680	1699	226	114	149	26:49
65681	2777	226	115	150	26:53
65682	2578	226	116	151	26:54
65683	1958	226	117	152	26:54
65684	1660	226	118	153	26:56
65685	1477	226	36	154	26:57
65686	2503	226	119	155	26:59
65687	2972	226	37	156	27:01
65688	2712	226	38	157	27:02
65689	2713	226	120	158	27:02
65690	1702	226	121	159	27:04
65691	2365	226	122	160	27:05
65692	1700	226	123	161	27:05
65693	2973	226	124	162	27:06
65694	2767	226	39	163	27:06
65695	1991	226	40	164	27:08
65696	1718	226	125	165	27:10
65697	1948	226	126	166	27:12
65698	2555	226	41	167	27:23
65699	1519	226	127	168	27:26
65700	2974	226	42	169	27:28
65701	1900	226	43	170	27:28
65702	1630	226	44	171	27:30
65703	2903	226	45	172	27:34
65704	1664	226	46	173	27:36
65705	2975	226	128	174	27:38
65706	1980	226	47	175	27:46
65707	1797	226	129	176	27:48
65708	2894	226	48	177	27:50
65709	2038	226	130	178	27:50
65710	1641	226	49	180	28:02
65711	1971	226	50	181	28:03
65712	2909	226	51	182	28:05
65713	2770	226	52	183	28:06
65714	1969	226	53	184	28:08
65715	2906	226	132	185	28:10
65716	2976	226	54	186	28:11
65717	2102	226	133	187	28:17
65718	2746	226	55	188	28:17
65719	1517	226	134	189	28:19
65720	1976	226	56	190	28:20
65721	2977	226	135	191	28:22
65722	1795	226	136	192	28:23
65723	2277	226	57	193	28:23
65724	2978	226	137	194	28:24
65725	2979	226	58	195	28:25
65726	1692	226	59	196	28:27
65727	1967	226	138	197	28:29
65728	1691	226	60	198	28:31
65729	2904	226	61	199	28:36
65730	2980	226	139	200	28:36
65731	2981	226	62	201	28:38
65732	2362	226	63	202	28:42
65733	2700	226	140	203	28:43
65734	1957	226	141	204	28:45
65735	1714	226	64	205	28:50
65736	1608	226	142	206	28:56
65737	1705	226	65	207	28:57
65738	1982	226	66	208	28:58
65739	1666	226	67	209	29:02
65740	1735	226	68	210	29:03
65741	1697	226	69	211	29:05
65742	2264	226	70	212	29:06
65743	1783	226	143	213	29:06
65744	2780	226	144	214	29:07
65745	2772	226	71	215	29:21
65746	2702	226	145	216	29:25
65747	2031	226	146	217	29:27
65748	1814	226	147	218	29:32
65749	1733	226	148	219	29:48
65750	1784	226	149	220	29:49
65751	2192	226	72	221	29:52
65752	2921	226	73	222	29:55
65753	2188	226	74	223	29:56
65754	2982	226	150	224	30:08
65755	2391	226	75	225	30:12
65756	2392	226	76	226	30:27
65757	2564	226	151	227	30:42
65758	2836	226	77	228	30:49
65759	2316	226	78	229	30:59
65760	2058	226	79	230	31:00
65761	2983	226	80	231	31:05
65762	2984	226	81	232	31:09
65763	2985	226	152	233	31:23
65764	2986	226	82	234	31:25
65765	2987	226	153	235	31:27
65766	2988	226	83	236	31:29
65767	2922	226	84	237	31:33
65768	2241	226	85	238	31:34
65769	1793	226	154	239	31:39
65770	2426	226	155	240	31:41
65771	1842	226	156	241	31:46
65772	2686	226	157	242	31:55
65773	1998	226	86	243	31:56
65774	1922	226	158	244	31:57
65775	1807	226	159	245	31:58
65776	2989	226	87	246	32:02
65777	2508	226	88	247	32:03
65778	1829	226	160	248	32:07
65779	2717	226	161	249	32:12
65780	2990	226	89	250	32:14
65781	2934	226	90	251	32:22
65782	2784	226	162	252	32:24
65783	2383	226	163	253	32:40
65784	2931	226	164	254	32:44
65785	1788	226	165	255	32:50
65786	2991	226	91	256	32:56
65787	2413	226	166	257	32:58
65788	1781	226	167	258	32:59
65789	2992	226	92	259	33:12
65790	2810	226	93	260	33:13
65791	1803	226	94	261	33:29
65792	1811	226	168	262	33:43
65793	1845	226	95	263	33:45
65794	2993	226	96	264	33:50
65795	2994	226	97	265	33:58
65796	2995	226	98	266	33:59
65797	2939	226	99	267	34:01
65798	2729	226	100	268	34:05
65799	2591	226	101	269	34:24
65800	2996	226	169	270	34:29
65801	2997	226	102	271	34:34
65802	2998	226	170	272	34:55
65803	2999	226	103	273	35:22
65804	3000	226	171	274	35:24
65805	2529	226	172	275	35:28
65806	3001	226	104	276	35:30
65807	2718	226	105	277	35:45
65808	2537	226	173	278	35:53
65809	3002	226	106	279	36:33
65810	3003	226	174	280	37:12
65811	3004	226	175	281	37:14
65812	3005	226	107	282	37:43
65813	2741	226	108	283	37:58
65814	3006	226	109	284	38:17
65815	3007	226	176	285	38:28
65816	3008	226	110	286	38:43
65817	3009	226	111	287	38:44
65818	2948	226	112	288	40:28
65819	1847	226	113	290	41:04
65820	2318	226	114	291	43:11
65821	2441	226	115	292	43:27
65822	1899	226	178	293	43:29
65823	2797	226	179	294	44:59
65824	1434	227	1	1	1:03:21
65825	2604	227	2	2	1:07:18
65826	1439	227	3	3	1:08:43
65827	1437	227	4	4	1:11:14
65828	1444	227	5	5	1:12:52
65829	1463	227	6	6	1:13:56
65830	1854	227	7	7	1:14:16
65831	1440	227	8	8	1:14:23
65832	1862	227	9	9	1:16:02
65833	1460	227	10	10	1:17:22
65834	3010	227	11	11	1:17:52
65835	1467	227	12	12	1:19:05
65836	3011	227	13	13	1:19:28
65837	1466	227	14	14	1:19:44
65838	1487	227	15	15	1:19:59
65839	1470	227	16	16	1:20:03
65840	1490	227	17	17	1:20:49
65841	1855	227	18	18	1:21:35
65842	3012	227	19	19	1:21:55
65843	1453	227	20	20	1:22:55
65844	2017	227	1	21	1:22:56
65845	1502	227	21	22	1:22:56
65846	1898	227	22	23	1:23:18
65847	2443	227	23	24	1:23:47
65848	1698	227	24	25	1:23:50
65849	2339	227	25	26	1:24:08
65850	1480	227	26	27	1:24:13
65851	1504	227	27	28	1:24:28
65852	2865	227	2	29	1:24:44
65853	1593	227	28	30	1:24:48
65854	2113	227	29	31	1:24:52
65855	1516	227	30	32	1:25:14
65856	1503	227	31	33	1:25:33
65857	1604	227	32	34	1:25:39
65858	1559	227	33	35	1:25:50
65859	1456	227	34	36	1:26:07
65860	1515	227	35	37	1:26:14
65861	1527	227	36	38	1:26:15
65862	1565	227	3	39	1:26:21
65863	2469	227	37	40	1:26:34
65864	1935	227	38	41	1:26:43
65865	2337	227	39	42	1:26:47
65866	1539	227	40	43	1:26:55
65867	1865	227	41	44	1:27:35
65868	1841	227	42	45	1:27:56
65869	2761	227	43	46	1:28:14
65870	1868	227	44	47	1:28:35
65871	1591	227	45	48	1:28:41
65872	3013	227	46	49	1:29:30
65873	3014	227	4	50	1:30:00
65874	2248	227	5	51	1:30:30
65875	1512	227	47	52	1:30:42
65876	1505	227	6	53	1:30:52
65877	1650	227	48	54	1:30:58
65878	3015	227	7	55	1:31:04
65879	1974	227	49	56	1:31:05
65880	2667	227	50	57	1:31:44
65881	1910	227	51	58	1:31:44
65882	1469	227	52	59	1:31:55
65883	1486	227	53	60	1:31:56
65884	2350	227	54	61	1:31:56
65885	1592	227	8	62	1:32:07
65886	1471	227	55	63	1:32:16
65887	2474	227	56	64	1:32:41
65888	1702	227	57	65	1:33:10
65889	1887	227	9	66	1:33:23
65890	2343	227	58	67	1:33:27
65891	1950	227	10	68	1:33:35
65892	1570	227	59	69	1:34:05
65893	1611	227	60	70	1:34:10
65894	1688	227	61	71	1:34:15
65895	1990	227	62	72	1:34:48
65896	1774	227	63	73	1:35:28
65897	1582	227	11	74	1:35:52
65898	2698	227	64	75	1:35:53
65899	1571	227	66	77	1:37:00
65900	1640	227	67	78	1:37:01
65901	1653	227	68	79	1:37:03
65902	2884	227	69	80	1:37:09
65903	1523	227	12	81	1:38:06
65904	2726	227	13	82	1:38:21
65905	1718	227	70	83	1:38:38
65906	1892	227	71	84	1:39:15
65907	2903	227	14	85	1:39:19
65908	1906	227	72	86	1:39:27
65909	1564	227	15	87	1:39:41
65910	1661	227	16	88	1:40:10
65911	2555	227	17	89	1:40:17
65912	1580	227	73	90	1:40:48
65913	2970	227	18	91	1:41:03
65914	1569	227	74	92	1:41:17
65915	1899	227	75	93	1:41:21
65916	2368	227	19	94	1:41:36
65917	2677	227	76	95	1:41:49
65918	2770	227	20	96	1:41:52
65919	2670	227	77	97	1:42:20
65920	3016	227	21	98	1:43:02
65921	2806	227	22	99	1:43:18
65922	2460	227	78	100	1:43:20
65923	1958	227	79	101	1:44:00
65924	1641	227	23	102	1:44:02
65925	2277	227	24	103	1:44:41
65926	1905	227	80	104	1:44:52
65927	1969	227	25	105	1:45:12
65928	1875	227	26	106	1:45:58
65929	1714	227	27	107	1:46:05
65930	1814	227	81	108	1:46:19
65931	1692	227	28	109	1:46:30
65932	1643	227	29	110	1:46:42
65933	1948	227	82	111	1:46:49
65934	1664	227	30	112	1:47:12
65935	2906	227	83	113	1:47:19
65936	2362	227	31	114	1:47:19
65937	1541	227	32	115	1:47:22
65938	1717	227	33	116	1:47:51
65939	1725	227	34	117	1:47:51
65940	1666	227	35	118	1:48:20
65941	3017	227	84	119	1:49:04
65942	1660	227	85	120	1:49:19
65943	1705	227	36	121	1:49:56
65944	1797	227	87	123	1:51:03
65945	1691	227	37	124	1:52:34
65946	1723	227	88	125	1:52:51
65947	2780	227	89	126	1:52:57
65948	1783	227	90	127	1:53:26
65949	3018	227	38	128	1:53:31
65950	1896	227	39	129	1:53:40
65951	2750	227	91	130	1:55:11
65952	3019	227	40	131	1:56:06
65953	2391	227	41	132	1:56:53
65954	1787	227	42	133	1:58:31
65955	1996	227	92	134	1:58:52
65956	1781	227	93	135	1:59:18
65957	2922	227	43	136	1:59:56
65958	1744	227	94	137	2:00:46
65959	1811	227	95	138	2:01:21
65960	2426	227	96	139	2:01:34
65961	2934	227	44	140	2:01:36
65962	2392	227	45	141	2:09:32
65963	3002	227	46	142	2:09:32
65964	1459	228	1	1	26:01
65965	1439	228	2	2	26:08
65966	1442	228	3	3	26:20
65967	1444	228	4	4	26:58
65968	3020	228	5	5	27:06
65969	3021	228	1	6	27:13
65970	1440	228	6	7	27:35
65971	1453	228	7	8	27:45
65972	1463	228	8	9	27:52
65973	1451	228	9	10	28:00
65974	2857	228	10	11	28:10
65975	1455	228	11	12	28:15
65976	1464	228	12	13	28:28
65977	2840	228	13	14	28:31
65978	2750	228	14	15	28:44
65979	1460	228	15	16	28:52
65980	1521	228	16	17	28:55
65981	2017	228	2	18	28:57
65982	2643	228	17	19	28:57
65983	1497	228	18	20	29:04
65984	1487	228	19	21	29:09
65985	1467	228	20	22	29:14
65986	1470	228	21	23	29:22
65987	2156	228	22	24	29:25
65988	3022	228	23	25	29:40
65989	2542	228	24	26	29:42
65990	2955	228	25	27	29:43
65991	1490	228	26	28	30:09
65992	3023	228	27	29	30:21
65993	2865	228	3	30	30:24
65994	1942	228	28	31	30:30
65995	1854	228	29	32	30:31
65996	1559	228	30	33	30:45
65997	1512	228	31	34	30:48
65998	2656	228	4	35	30:50
65999	3025	228	32	36	30:56
66000	1898	228	33	37	31:02
66001	2615	228	34	38	31:03
66002	2755	228	5	39	31:06
66003	1935	228	35	40	31:08
66004	1965	228	36	41	31:09
66005	2803	228	37	42	31:10
66006	1480	228	38	43	31:17
66007	1946	228	39	44	31:18
66008	1456	228	40	45	31:23
66009	1503	228	41	46	31:31
66010	2612	228	42	47	31:33
66011	2469	228	43	48	31:46
66012	2235	228	44	49	31:47
66013	1504	228	45	50	31:55
66014	1530	228	46	51	31:57
66015	1516	228	47	52	32:03
66016	1466	228	48	53	32:04
66017	1515	228	49	54	32:05
66018	1527	228	50	55	32:06
66019	1543	228	51	56	32:08
66020	2655	228	52	57	32:10
66021	1698	228	53	58	32:11
66022	2873	228	54	59	32:18
66023	2113	228	55	60	32:28
66024	2285	228	56	61	32:36
66025	2245	228	6	62	32:41
66026	2337	228	57	63	32:44
66027	1486	228	58	64	32:51
66028	1870	228	59	65	32:52
66029	1841	228	60	66	32:56
66030	1591	228	61	67	33:00
66031	2828	228	7	68	33:01
66032	1868	228	62	69	33:05
66033	2660	228	63	70	33:06
66034	1934	228	64	71	33:07
66035	2343	228	65	72	33:10
66036	1636	228	66	73	33:14
66037	2761	228	67	74	33:20
66038	2965	228	8	75	33:28
66039	2460	228	68	76	33:32
66040	2464	228	69	77	33:35
66041	2768	228	70	78	33:41
66042	2672	228	71	79	33:42
66043	1657	228	72	80	33:43
66044	1745	228	73	81	33:49
66045	2890	228	9	82	33:57
66046	2459	228	10	83	34:05
66047	2872	228	74	84	34:06
66048	1950	228	11	85	34:11
66049	1974	228	75	86	34:15
66050	2031	228	76	87	34:17
66051	1688	228	77	88	34:19
66052	1955	228	12	89	34:21
66053	1564	228	13	90	34:28
66054	1650	228	78	91	34:29
66055	2350	228	79	92	34:30
66056	2893	228	80	93	34:36
66057	1505	228	14	94	34:38
66058	1910	228	81	95	34:40
66059	1569	228	82	96	34:44
66060	1477	228	15	97	34:46
66061	1574	228	83	98	34:47
66062	2121	228	16	99	35:09
66063	2663	228	84	100	35:15
66064	1570	228	85	101	35:18
66065	1645	228	86	102	35:21
66066	1628	228	87	103	35:34
66067	2887	228	17	104	35:37
66068	1887	228	18	105	35:42
66069	3026	228	88	106	35:45
66070	2010	228	19	107	35:56
66071	1690	228	89	108	35:57
66072	1471	228	90	109	36:00
66073	2376	228	91	110	36:01
66074	1541	228	20	111	36:04
66075	1906	228	92	112	36:06
66076	1958	228	93	113	36:12
66077	1652	228	21	114	36:14
66078	2900	228	22	115	36:14
66079	2966	228	23	116	36:22
66080	2236	228	94	117	36:28
66081	2667	228	95	118	36:29
66082	1892	228	96	119	36:35
66083	1582	228	24	120	36:36
66084	2698	228	97	121	36:36
66085	2365	228	98	122	36:38
66086	2713	228	99	123	36:39
66087	2712	228	25	124	36:46
66088	1774	228	100	125	36:47
66089	2253	228	26	126	36:48
66090	1899	228	101	127	36:50
66091	1500	228	27	128	36:50
66092	3027	228	102	129	36:53
66093	3028	228	28	130	36:56
66094	1653	228	103	131	36:58
66095	1971	228	29	132	36:59
66096	2802	228	104	133	37:00
66097	2673	228	30	134	37:09
66098	1592	228	31	135	37:20
66099	3029	228	105	136	37:24
66100	2904	228	32	137	37:25
66101	3030	228	106	138	37:26
66102	2696	228	107	139	37:27
66103	2671	228	108	140	37:31
66104	1640	228	109	141	37:33
66105	2902	228	110	142	37:34
66106	2381	228	111	143	37:42
66107	1623	228	112	144	37:43
66108	2344	228	33	145	37:46
66109	1519	228	113	146	37:54
66110	3031	228	34	147	37:58
66111	2906	228	114	148	37:59
66112	2916	228	115	149	38:00
66113	1699	228	116	150	38:06
66114	1648	228	117	151	38:09
66115	1661	228	35	152	38:21
66116	2759	228	118	153	38:23
66117	3032	228	119	154	38:26
66118	2726	228	36	155	38:26
66119	1991	228	37	157	38:30
66120	1953	228	121	158	38:30
66121	2555	228	38	159	38:31
66122	1920	228	39	160	38:32
66123	2819	228	40	161	38:33
66124	3033	228	122	162	38:34
66125	1814	228	123	163	38:35
66126	2368	228	41	164	38:44
66127	3034	228	42	165	38:47
66128	2969	228	43	166	38:51
66129	2908	228	124	167	38:53
66130	1969	228	44	168	38:57
66131	1905	228	125	169	38:58
66132	1517	228	126	170	39:00
66133	2766	228	127	171	39:03
66134	2341	228	128	172	39:11
66135	2974	228	45	173	39:16
66136	2102	228	129	174	39:17
66137	1686	228	130	175	39:22
66138	2874	228	46	176	39:25
66139	1641	228	47	177	39:28
66140	1692	228	48	178	39:30
66141	3035	228	131	179	39:36
66142	1684	228	49	180	39:42
66143	1957	228	132	181	39:51
66144	1967	228	133	182	39:52
66145	1643	228	50	183	39:54
66146	3036	228	134	184	39:58
66147	3037	228	51	185	40:00
66148	2388	228	135	186	40:02
66149	2241	228	52	187	40:06
66150	1717	228	53	188	40:11
66151	1725	228	54	189	40:12
66152	2746	228	55	190	40:14
66153	1733	228	136	191	40:20
66154	1664	228	56	192	40:21
66155	1691	228	57	193	40:23
66156	2362	228	58	194	40:26
66157	1735	228	59	195	40:29
66158	2922	228	60	196	40:30
66159	1979	228	61	197	40:37
66160	2264	228	62	198	40:38
66161	2059	228	137	199	40:39
66162	2778	228	63	200	40:59
66163	1783	228	138	201	41:13
66164	2702	228	139	202	41:22
66165	3016	228	64	203	41:26
66166	2520	228	65	204	41:27
66167	1982	228	66	205	41:28
66168	1666	228	67	206	41:30
66169	2071	228	140	207	41:32
66170	2924	228	68	208	41:33
66171	3038	228	69	209	41:36
66172	1754	228	141	210	41:37
66173	2717	228	142	211	41:38
66174	1744	228	143	212	41:40
66175	2929	228	70	213	41:41
66176	1705	228	71	214	41:42
66177	1922	228	144	215	41:43
66178	1742	228	145	216	41:52
66179	2412	228	146	217	41:54
66180	2780	228	147	218	41:58
66181	1795	228	148	219	42:00
66182	2192	228	72	220	42:01
66183	1524	228	149	221	42:02
66184	3039	228	73	222	42:07
66185	1781	228	150	223	42:08
66186	3040	228	151	224	42:11
66187	2700	228	152	225	42:13
66188	2976	228	74	226	42:16
66189	2426	228	153	227	42:20
66190	1700	228	154	228	42:36
66191	3041	228	75	229	42:39
66192	1787	228	76	230	42:42
66193	2383	228	156	232	42:44
66194	2930	228	77	234	42:46
66195	3042	228	78	235	42:48
66196	2391	228	79	236	42:56
66197	1785	228	80	237	43:01
66198	1697	228	81	238	43:06
66199	2564	228	158	239	43:14
66200	2718	228	82	240	43:21
66201	1654	228	83	241	43:48
66202	2934	228	84	242	43:56
66203	2919	228	159	243	43:58
66204	2810	228	85	244	44:08
66205	2316	228	86	245	44:12
66206	1842	228	160	246	44:17
66207	2686	228	161	247	44:21
66208	3043	228	87	248	44:25
66209	1803	228	88	249	44:29
66210	1983	228	89	250	44:33
66211	2508	228	90	251	44:36
66212	2248	228	91	252	44:51
66213	1807	228	162	253	45:08
66214	1722	228	92	254	45:17
66215	1723	228	163	255	45:46
66216	1797	228	164	256	46:06
66217	1948	228	165	257	46:07
66218	1811	228	166	258	46:10
66219	2854	228	93	259	46:14
66220	2991	228	94	260	46:23
66221	2591	228	95	261	46:32
66222	2937	228	96	263	46:39
66223	2411	228	97	264	47:16
66224	2410	228	168	265	47:59
66225	3044	228	169	266	48:12
66226	2947	228	98	267	48:44
66227	2992	228	99	268	48:57
66228	3004	228	170	269	49:08
66229	1845	228	100	270	49:28
66230	2529	228	171	271	49:34
66231	2068	228	172	272	49:50
66232	2537	228	173	273	50:34
66233	1813	228	101	274	50:34
66234	2996	228	174	275	50:59
66235	2741	228	102	276	51:16
66236	2944	228	103	277	51:21
66237	3045	228	104	278	52:18
66238	3046	228	105	279	52:28
66239	3047	228	106	280	52:28
66240	3048	228	107	281	53:01
66241	1847	228	108	282	53:09
66242	3049	228	175	283	53:49
66243	1831	228	176	284	54:26
66244	3050	228	109	285	55:02
66245	1829	228	177	286	59:34
66246	2797	228	178	287	1:04:01
66247	1587	228	110	288	1:04:47
66248	1830	228	179	289	1:04:48
66249	2204	228	180	290	1:07:53
66250	1434	229	1	1	29:21
66251	2604	229	2	2	29:30
66252	2803	229	3	3	30:17
66253	1442	229	4	4	30:28
66254	1439	229	5	5	30:44
66255	1459	229	6	6	31:08
66256	1444	229	7	7	31:50
66257	1965	229	8	8	32:00
66258	2858	229	9	9	32:12
66259	1854	229	10	10	32:18
66260	1463	229	11	11	32:28
66261	1455	229	12	12	32:33
66262	2857	229	13	13	32:39
66263	2017	229	1	14	32:55
66264	1440	229	14	15	32:57
66265	1497	229	15	16	33:09
66266	1977	229	2	17	33:15
66267	2859	229	16	18	33:23
66268	2840	229	17	19	33:28
66269	2567	229	3	20	33:35
66270	1487	229	18	21	33:40
66271	1460	229	19	22	34:01
66272	1467	229	20	23	34:06
66273	2643	229	21	24	34:17
66274	1464	229	22	25	34:37
66275	1521	229	23	26	34:49
66276	2750	229	24	27	35:00
66277	1502	229	25	28	35:15
66278	1490	229	26	29	35:18
66279	2443	229	27	30	35:22
66280	1470	229	28	31	35:23
66281	1466	229	29	32	35:30
66282	1629	229	30	33	35:32
66283	1942	229	31	34	35:37
66284	2156	229	32	35	35:52
66285	1501	229	4	36	35:53
66286	1898	229	33	37	35:58
66287	2469	229	34	38	36:04
66288	3051	229	5	39	36:04
66289	1855	229	35	40	36:10
66290	1841	229	36	41	36:21
66291	1512	229	37	42	36:31
66292	2755	229	6	43	36:37
66293	1686	229	38	44	36:38
66294	1503	229	39	45	36:41
66295	1469	229	40	46	36:49
66296	2658	229	41	47	36:55
66297	3052	229	42	48	36:58
66298	1516	229	43	49	37:05
66299	2615	229	44	50	37:08
66300	2664	229	45	51	37:11
66301	1698	229	46	52	37:12
66302	1480	229	47	53	37:15
66303	2655	229	48	54	37:19
66304	1543	229	49	55	37:20
66305	2468	229	50	56	37:21
66306	1559	229	51	57	37:28
66307	1504	229	52	58	37:31
66308	1486	229	53	59	37:39
66309	3053	229	54	60	37:42
66310	1935	229	55	61	37:44
66311	3054	229	56	62	37:48
66312	2337	229	57	63	37:53
66313	2869	229	58	64	37:57
66314	2285	229	59	65	38:09
66315	1604	229	60	66	38:11
66316	1515	229	61	67	38:15
66317	2113	229	62	68	38:17
66318	2866	229	7	69	38:28
66319	2245	229	8	70	38:28
66320	1579	229	63	71	38:31
66321	2612	229	64	72	38:32
66322	2864	229	9	73	38:33
66323	2460	229	65	74	38:36
66324	2960	229	66	75	38:42
66325	1636	229	67	76	38:44
66326	2879	229	68	77	38:45
66327	1868	229	69	78	38:46
66328	2874	229	10	79	38:47
66329	3055	229	70	80	38:59
66330	2881	229	11	81	39:12
66331	1573	229	71	82	39:15
66332	1611	229	72	83	39:16
66333	1974	229	73	84	39:20
66334	2852	229	74	85	39:46
66335	1524	229	75	86	39:48
66336	3056	229	76	87	39:49
66337	2833	229	77	88	39:53
66338	1688	229	78	89	39:54
66339	1955	229	12	90	39:55
66340	2768	229	79	91	39:57
66341	2575	229	80	92	40:02
66342	2459	229	13	93	40:05
66343	1650	229	81	94	40:05
66344	1574	229	82	95	40:07
66345	2884	229	83	96	40:08
66346	3026	229	84	97	40:13
66347	1892	229	85	98	40:14
66348	1593	229	86	99	40:18
66349	2672	229	87	100	40:19
66350	2474	229	88	101	40:20
66351	1565	229	14	102	40:20
66352	1657	229	89	103	40:21
66353	2882	229	15	104	40:21
66354	2867	229	90	105	40:22
66355	1580	229	91	106	40:23
66356	1910	229	92	107	40:26
66357	1541	229	16	108	40:31
66358	2660	229	93	109	40:33
66359	2248	229	17	110	40:34
66360	2893	229	94	111	41:17
66361	2900	229	18	112	41:22
66362	2343	229	95	113	41:31
66363	1958	229	96	114	41:32
66364	1906	229	97	115	41:35
66365	1645	229	98	116	41:43
66366	1570	229	99	117	41:45
66367	1887	229	19	118	41:48
66368	1471	229	100	119	41:53
66369	1920	229	20	120	42:06
66370	2677	229	101	121	42:11
66371	1702	229	102	122	42:20
66372	2968	229	103	123	42:23
66373	1715	229	21	124	42:24
66374	1569	229	104	125	42:27
66375	2176	229	105	126	42:27
66376	3057	229	106	127	42:29
66377	1582	229	22	128	42:34
66378	2698	229	107	129	42:34
66379	2951	229	108	130	42:35
66380	1640	229	109	131	42:37
66381	1500	229	23	132	42:44
66382	1652	229	24	133	42:54
66383	2895	229	110	134	43:05
66384	2806	229	25	135	43:07
66385	1774	229	111	136	43:13
66386	2966	229	26	137	43:15
66387	2903	229	27	138	43:16
66388	2819	229	28	139	43:22
66389	2673	229	29	140	43:24
66390	2973	229	112	141	43:26
66391	1653	229	113	142	43:28
66392	1971	229	30	143	43:29
66393	1742	229	114	144	43:30
66394	1718	229	115	145	43:31
66395	1991	229	31	146	43:38
66396	1899	229	116	147	43:40
66397	2969	229	32	148	43:40
66398	1620	229	117	149	43:41
66399	1900	229	33	150	43:42
66400	1895	229	118	151	43:43
66401	2578	229	119	152	43:44
66402	2777	229	120	153	43:44
66403	2894	229	34	154	43:45
66404	2038	229	121	155	43:46
66405	2909	229	35	156	43:48
66406	2713	229	122	157	43:49
66407	2712	229	36	158	43:52
66408	1754	229	123	159	43:57
66409	1661	229	37	160	44:03
66410	1664	229	38	161	44:04
66411	2902	229	124	162	44:13
66412	2703	229	39	163	44:19
66413	2970	229	40	164	44:23
66414	2225	229	125	165	44:28
66415	2365	229	126	166	44:28
66416	3058	229	127	167	44:29
66417	2980	229	128	168	44:32
66418	2277	229	41	169	44:40
66419	2515	229	129	170	44:48
66420	2347	229	42	171	44:49
66421	1530	229	130	172	44:49
66422	2010	229	43	173	44:53
66423	2905	229	44	174	44:55
66424	2102	229	131	175	44:59
66425	1699	229	133	177	45:02
66426	1523	229	45	178	45:02
66427	2670	229	134	179	45:03
66428	1905	229	135	180	45:07
66429	3059	229	46	181	45:09
66430	2463	229	136	182	45:10
66431	1814	229	137	183	45:10
66432	2904	229	47	184	45:14
66433	1519	229	138	185	45:18
66434	1969	229	48	186	45:19
66435	2908	229	139	187	45:26
66436	2555	229	49	188	45:28
66437	2503	229	140	189	45:33
66438	1980	229	50	190	45:34
66439	2959	229	51	191	45:36
66440	1641	229	52	192	45:39
66441	1797	229	141	193	45:40
66442	1692	229	53	194	45:41
66443	1976	229	54	195	45:51
66444	2770	229	55	196	45:54
66445	1957	229	142	197	46:10
66446	1735	229	56	198	46:21
66447	2368	229	57	199	46:24
66448	2726	229	58	200	46:25
66449	1592	229	59	201	46:25
66450	3036	229	143	202	46:29
66451	2906	229	144	203	46:32
66452	2071	229	145	204	46:33
66453	2778	229	60	205	46:38
66454	1783	229	146	206	46:42
66455	1608	229	147	207	46:49
66456	3060	229	148	208	46:52
66457	1630	229	61	209	46:57
66458	2921	229	62	210	46:59
66459	2671	229	149	211	47:02
66460	1717	229	63	212	47:04
66461	1725	229	64	213	47:04
66462	3061	229	65	214	47:05
66463	1948	229	150	215	47:07
66464	1691	229	66	216	47:07
66465	3062	229	151	217	47:09
66466	1979	229	67	218	47:11
66467	2767	229	68	219	47:13
66468	3037	229	69	220	47:17
66469	2702	229	152	221	47:24
66470	2780	229	153	222	47:27
66471	2835	229	154	223	47:43
66472	1982	229	70	224	47:55
66473	3032	229	155	225	47:56
66474	2520	229	71	226	47:57
66475	2994	229	72	227	48:01
66476	1785	229	73	228	48:06
66477	2923	229	74	229	48:09
66478	1697	229	75	230	48:15
66479	1787	229	76	231	48:42
66480	1922	229	156	232	48:42
66481	1983	229	77	233	48:46
66482	1705	229	78	234	48:48
66483	2508	229	79	235	48:56
66484	1829	229	157	236	49:08
66485	2564	229	158	237	49:10
66486	2264	229	80	238	49:11
66487	2497	229	159	239	49:15
66488	3063	229	81	240	49:26
66489	1842	229	160	241	49:29
66490	2058	229	82	242	49:31
66491	3064	229	83	243	49:31
66492	1517	229	161	244	49:37
66493	2927	229	84	245	49:41
66494	1784	229	162	246	49:41
66495	2391	229	85	247	49:44
66496	2531	229	163	248	49:52
66497	1659	229	164	249	49:59
66498	2930	229	86	250	50:02
66499	2922	229	87	251	50:05
66500	2934	229	88	252	50:12
66501	1456	229	165	253	50:24
66502	2663	229	166	254	50:33
66503	1793	229	167	255	50:37
66504	1744	229	168	256	50:43
66505	2192	229	89	257	50:58
66506	1643	229	90	258	51:19
66507	2991	229	91	259	51:37
66508	1809	229	92	260	51:42
66509	1803	229	93	261	51:48
66510	1714	229	94	262	51:59
66511	2426	229	169	263	52:11
66512	1807	229	170	264	52:11
66513	1722	229	95	265	52:12
66514	2686	229	171	266	52:13
66515	2407	229	96	267	52:13
66516	2413	229	172	268	52:26
66517	2931	229	173	269	52:51
66518	1723	229	174	270	53:13
66519	1967	229	175	271	53:33
66520	1997	229	97	272	54:07
66521	1732	229	98	273	54:30
66522	2992	229	99	274	56:01
66523	1817	229	100	275	56:09
66524	3065	229	101	276	57:52
66525	2741	229	102	277	57:53
66526	2995	229	103	278	58:11
66527	3004	229	176	279	58:23
66528	3066	229	104	280	59:08
66529	3067	229	105	281	59:42
66530	2989	229	106	282	59:43
66531	2997	229	107	283	59:44
66532	2988	229	108	284	1:00:00
66533	3068	229	177	285	1:01:10
66534	2946	229	109	286	1:04:19
66535	1813	229	110	287	1:04:19
66536	2011	229	111	288	1:04:54
66537	3006	229	112	289	1:04:55
66538	1990	229	178	290	1:05:16
66539	2948	229	113	291	1:05:26
66540	2080	229	114	292	1:05:54
66541	1847	229	115	293	1:06:08
66542	3069	229	116	294	1:15:40
66543	3070	229	117	295	1:16:34
66544	2797	229	179	296	1:16:41
66545	3071	229	118	297	1:19:55
66546	3072	229	180	298	1:19:56
66547	2954	229	119	299	1:20:27
66548	1434	230	1	1	45:25
66549	3073	230	2	2	46:13
66550	2604	230	3	3	46:55
66551	1459	230	4	4	47:11
66552	1439	230	5	5	47:47
66553	1442	230	6	6	48:37
66554	2803	230	7	7	49:27
66555	2827	230	8	8	49:36
66556	1444	230	9	9	50:07
66557	1463	230	10	10	51:06
66558	2858	230	11	11	51:09
66559	2326	230	12	12	51:09
66560	2824	230	13	13	51:22
66561	3074	230	14	14	51:23
66562	1453	230	15	15	52:03
66563	1440	230	16	16	52:15
66564	2826	230	17	17	52:24
66565	3020	230	18	18	52:30
66566	2017	230	1	19	52:33
66567	2857	230	19	20	52:45
66568	1460	230	20	21	52:50
66569	2643	230	21	22	52:52
66570	1497	230	22	23	52:57
66571	2859	230	23	24	53:32
66572	3010	230	24	25	53:48
66573	3075	230	25	26	53:49
66574	1862	230	26	27	54:06
66575	1467	230	27	28	54:25
66576	1464	230	28	29	55:03
66577	3023	230	29	30	55:04
66578	2205	230	2	31	55:06
66579	1490	230	30	32	55:07
66580	2840	230	31	33	55:13
66581	1466	230	32	34	55:23
66582	2567	230	3	35	55:36
66583	2156	230	33	36	55:50
66584	1855	230	34	37	55:57
66585	1898	230	35	38	56:08
66586	1502	230	36	39	56:14
66587	2956	230	37	40	56:20
66588	1942	230	38	41	56:26
66589	1512	230	39	42	56:53
66590	2865	230	4	43	57:13
66591	1470	230	40	44	57:16
66592	1870	230	41	45	57:29
66593	1559	230	42	46	57:37
66594	3076	230	43	47	57:48
66595	1946	230	44	48	57:51
66596	1441	230	45	49	57:59
66597	1456	230	46	50	58:10
66598	1480	230	47	51	58:34
66599	1935	230	48	52	58:35
66600	2154	230	5	53	58:52
66601	2443	230	49	54	59:12
66602	1503	230	50	55	59:21
66603	2615	230	51	56	59:31
66604	1841	230	52	57	59:33
66605	1698	230	53	58	59:33
66606	2873	230	54	59	59:37
66607	2113	230	55	60	59:38
66608	2331	230	56	61	59:51
66609	1565	230	6	62	59:52
66610	1604	230	57	63	59:54
66611	1504	230	58	64	1:00:02
66612	1543	230	59	65	1:00:23
66613	2655	230	60	66	1:00:30
66614	2612	230	61	67	1:00:33
66615	2337	230	62	68	1:00:35
66616	1636	230	63	69	1:00:36
66617	3077	230	7	70	1:00:42
66618	3078	230	64	71	1:00:42
66619	3053	230	65	72	1:00:44
66620	2460	230	66	73	1:01:15
66621	2872	230	67	74	1:01:17
66622	1539	230	68	75	1:01:26
66623	2660	230	69	76	1:01:28
66624	2343	230	70	77	1:01:30
66625	1950	230	8	78	1:01:38
66626	1593	230	71	79	1:02:02
66627	3007	230	72	80	1:02:03
66628	1515	230	73	81	1:02:19
66629	2890	230	9	82	1:02:22
66630	2459	230	10	83	1:02:25
66631	3055	230	74	84	1:02:26
66632	2829	230	75	85	1:02:34
66633	3261	230	76	86	1:02:36
66634	2879	230	77	87	1:02:40
66635	1934	230	78	88	1:02:54
66636	1955	230	11	89	1:03:15
66637	2031	230	79	90	1:03:31
66638	2761	230	80	91	1:03:34
66639	2884	230	81	92	1:03:36
66640	1745	230	82	93	1:03:42
66641	2249	230	83	94	1:04:06
66642	2474	230	84	95	1:04:16
66643	2248	230	12	96	1:04:30
66644	1564	230	13	97	1:04:36
66645	1686	230	85	98	1:04:38
66646	1688	230	86	99	1:04:38
66647	1477	230	14	100	1:04:50
66648	2893	230	87	101	1:04:53
66649	2965	230	15	102	1:04:59
66650	1892	230	88	103	1:05:01
66651	1887	230	16	104	1:05:05
66652	1650	230	89	105	1:05:06
66653	2464	230	90	106	1:05:07
66654	2139	230	91	107	1:05:10
66655	1611	230	92	108	1:05:31
66656	1645	230	93	109	1:05:34
66657	2900	230	17	110	1:05:37
66658	1471	230	94	111	1:05:44
66659	1570	230	95	112	1:06:03
66660	1574	230	96	113	1:06:06
66661	3079	230	18	114	1:06:17
66662	3080	230	19	115	1:06:17
66663	2376	230	97	116	1:06:18
66664	2833	230	98	117	1:06:20
66665	1715	230	20	118	1:06:23
66666	1500	230	21	119	1:06:25
66667	3081	230	99	120	1:06:30
66668	1910	230	100	121	1:06:39
66669	3059	230	22	122	1:06:43
66670	1953	230	101	123	1:06:47
66671	2575	230	102	124	1:06:56
66672	2245	230	23	125	1:07:07
66673	2881	230	24	126	1:07:09
66674	1774	230	103	127	1:07:22
66675	1591	230	104	128	1:07:28
66676	1990	230	105	129	1:07:29
66677	1702	230	106	130	1:07:31
66678	2677	230	107	131	1:07:49
66679	2973	230	108	132	1:07:52
66680	1523	230	25	133	1:07:53
66681	1660	230	109	134	1:07:57
66682	1582	230	26	135	1:07:59
66683	2698	230	110	136	1:08:00
66684	1718	230	111	137	1:08:03
66685	1652	230	27	138	1:08:05
66686	2806	230	28	139	1:08:06
66687	2819	230	29	140	1:08:10
66688	3082	230	112	141	1:08:11
66689	2832	230	30	142	1:08:12
66690	1571	230	113	143	1:08:17
66691	1958	230	114	144	1:08:18
66692	1661	230	31	145	1:08:21
66693	1648	230	115	146	1:08:37
66694	1569	230	116	147	1:08:55
66695	1971	230	32	148	1:09:00
66696	1640	230	117	149	1:09:05
66697	1620	230	118	150	1:09:15
66698	2670	230	119	151	1:09:17
66699	1699	230	120	152	1:09:18
66700	2236	230	121	153	1:09:19
66701	2904	230	33	154	1:09:22
66702	2905	230	34	155	1:09:23
66703	2365	230	122	156	1:09:35
66704	1592	230	35	157	1:09:44
66705	2726	230	36	158	1:09:45
66706	1875	230	37	159	1:09:50
66707	2663	230	123	160	1:10:03
66708	1991	230	38	161	1:10:05
66709	1900	230	39	162	1:10:19
66710	2671	230	124	163	1:10:34
66711	1895	230	125	164	1:10:48
66712	2368	230	40	165	1:10:51
66713	2555	230	41	166	1:10:59
66714	2970	230	42	167	1:11:00
66715	2903	230	43	168	1:11:01
66716	3083	230	44	169	1:11:03
66717	1692	230	45	170	1:11:06
66718	3084	230	126	171	1:11:13
66719	2770	230	46	172	1:11:14
66720	2277	230	47	173	1:11:37
66721	1814	230	127	174	1:11:46
66722	1519	230	128	175	1:11:49
66723	2667	230	129	176	1:11:55
66724	1641	230	48	177	1:12:04
66725	1580	230	130	178	1:12:30
66726	2902	230	131	179	1:12:34
66727	1969	230	49	180	1:12:49
66728	1700	230	132	181	1:12:54
66729	2767	230	50	182	1:12:59
66730	3085	230	51	183	1:13:03
66731	2802	230	133	184	1:13:16
66732	2835	230	134	185	1:13:17
66733	2778	230	52	186	1:13:23
66734	1725	230	53	187	1:13:26
66735	1527	230	135	188	1:13:27
66736	3037	230	54	189	1:13:28
66737	1649	230	55	190	1:13:29
66738	1957	230	136	191	1:13:59
66739	2188	230	56	192	1:14:11
66740	1691	230	57	193	1:14:13
66741	1608	230	137	194	1:14:29
66742	2426	230	138	195	1:15:08
66743	1705	230	58	196	1:15:09
66744	1735	230	59	197	1:15:22
66745	1979	230	60	198	1:15:27
66746	1717	230	61	199	1:15:29
66747	2371	230	139	200	1:15:48
66748	2102	230	140	201	1:15:56
66749	3086	230	141	202	1:16:14
66750	2264	230	62	203	1:16:16
66751	1664	230	63	204	1:16:25
66752	1980	230	64	205	1:16:33
66753	1797	230	142	206	1:16:39
66754	2927	230	65	207	1:16:43
66755	1723	230	143	208	1:16:47
66756	2780	230	144	209	1:16:53
66757	1666	230	66	210	1:17:09
66758	1697	230	67	211	1:17:10
66759	2923	230	68	212	1:17:39
66760	2909	230	69	213	1:17:49
66761	1733	230	145	214	1:17:55
66762	3087	230	146	215	1:17:58
66763	2388	230	147	216	1:18:04
66764	2362	230	70	217	1:18:05
66765	1842	230	148	218	1:18:22
66766	1517	230	149	219	1:18:30
66767	1469	230	150	220	1:18:31
66768	3088	230	71	221	1:18:32
66769	1784	230	151	222	1:18:34
66770	3089	230	152	223	1:18:57
66771	2929	230	72	224	1:19:05
66772	1787	230	73	225	1:20:02
66773	1948	230	153	226	1:20:04
66774	1922	230	154	227	1:20:06
66775	3031	230	74	228	1:20:08
66776	3039	230	75	229	1:20:09
66777	1744	230	155	230	1:20:51
66778	2916	230	156	231	1:20:55
66779	1781	230	157	232	1:20:58
66780	2930	230	76	233	1:21:06
66781	2934	230	77	234	1:21:25
66782	3090	230	158	235	1:21:26
66783	2976	230	78	236	1:21:28
66784	3091	230	79	237	1:21:36
66785	2391	230	80	238	1:22:25
66786	1793	230	159	239	1:22:50
66787	2922	230	81	240	1:23:16
66788	2686	230	160	241	1:23:22
66789	1803	230	82	242	1:23:29
66790	2700	230	161	243	1:23:38
66791	3092	230	162	244	1:24:29
66792	2931	230	163	245	1:24:47
66793	2991	230	83	248	1:26:59
66794	2810	230	84	249	1:27:35
66795	1811	230	166	250	1:28:00
66796	2937	230	85	251	1:28:35
66797	1807	230	167	252	1:29:11
66798	2854	230	86	253	1:29:55
66799	2413	230	168	254	1:29:56
66800	2989	230	87	255	1:36:09
66801	2508	230	88	256	1:36:44
66802	1817	230	89	257	1:37:15
66803	1845	230	90	258	1:38:48
66804	3093	230	169	259	1:38:56
66805	1847	230	91	260	1:38:57
66806	2392	230	92	261	1:39:17
66807	3002	230	93	262	1:39:18
66808	1434	231	1	1	50:16
66809	3073	231	2	2	51:03
66810	1439	231	3	3	52:58
66811	1442	231	4	4	53:25
66812	1626	231	5	5	54:02
66813	1444	231	6	6	55:16
66814	1451	231	7	7	55:58
66815	1463	231	8	8	56:17
66816	1440	231	9	9	56:38
66817	2857	231	10	10	57:33
66818	2826	231	11	11	58:09
66819	2750	231	12	12	58:19
66820	2840	231	13	13	58:51
66821	1862	231	14	14	59:00
66822	3010	231	15	15	59:07
66823	1854	231	16	16	59:24
66824	2643	231	17	17	59:25
66825	2017	231	1	18	59:28
66826	3094	231	18	19	59:34
66827	3095	231	19	20	59:41
66828	2955	231	20	21	1:00:09
66829	1490	231	21	22	1:00:23
66830	1487	231	22	23	1:00:30
66831	3096	231	23	24	1:01:19
66832	2156	231	24	25	1:02:05
66833	1466	231	25	26	1:02:08
66834	1898	231	26	27	1:02:17
66835	1502	231	27	28	1:02:26
66836	1865	231	28	29	1:02:37
66837	1942	231	29	30	1:02:53
66838	1464	231	30	31	1:02:57
66839	1559	231	31	32	1:02:59
66840	3012	231	32	33	1:03:09
66841	1521	231	33	34	1:03:24
66842	1965	231	34	35	1:03:37
66843	2865	231	2	36	1:03:45
66844	1512	231	35	37	1:03:58
66845	2443	231	36	38	1:04:21
66846	3097	231	37	39	1:04:43
66847	1503	231	38	40	1:04:52
66848	1480	231	39	41	1:04:57
66849	1870	231	40	42	1:04:58
66850	1504	231	41	43	1:05:00
66851	1855	231	42	44	1:05:01
66852	1698	231	43	45	1:05:03
66853	2655	231	44	46	1:05:23
66854	2113	231	45	47	1:05:25
66855	2867	231	46	48	1:05:36
66856	1530	231	47	49	1:05:39
66857	1730	231	48	50	1:05:42
66858	1841	231	49	51	1:05:56
66859	1593	231	50	52	1:05:59
66860	1935	231	51	53	1:06:01
66861	1604	231	52	54	1:06:23
66862	3051	231	3	55	1:06:34
66863	1565	231	4	56	1:06:50
66864	2761	231	53	57	1:07:09
66865	2337	231	54	58	1:07:17
66866	1456	231	55	59	1:07:27
66867	1516	231	56	60	1:07:32
66868	2469	231	57	61	1:07:37
66869	2460	231	58	62	1:07:44
66870	1515	231	59	63	1:07:54
66871	2660	231	60	64	1:07:58
66872	3098	231	5	65	1:08:03
66873	1950	231	6	66	1:08:09
66874	3099	231	7	67	1:08:16
66875	2873	231	61	68	1:08:23
66876	3076	231	62	69	1:08:34
66877	2459	231	8	70	1:08:37
66878	1539	231	63	71	1:08:38
66879	3053	231	64	72	1:08:45
66880	3055	231	65	73	1:08:47
66881	2343	231	66	74	1:09:14
66882	1636	231	67	75	1:09:15
66883	1469	231	68	76	1:09:35
66884	1591	231	69	77	1:09:36
66885	1745	231	70	78	1:10:01
66886	1868	231	71	79	1:10:05
66887	1887	231	9	80	1:10:19
66888	2965	231	10	81	1:10:22
66889	3100	231	72	82	1:10:26
66890	1934	231	73	83	1:10:29
66891	1505	231	11	84	1:10:35
66892	2248	231	12	85	1:10:36
66893	1564	231	13	86	1:10:43
66894	2833	231	74	87	1:10:45
66895	1688	231	75	88	1:10:47
66896	2474	231	76	89	1:10:58
66897	2376	231	77	90	1:11:02
66898	3007	231	78	91	1:11:07
66899	1910	231	79	92	1:11:08
66900	2350	231	80	93	1:11:10
66901	2893	231	81	94	1:11:11
66902	2038	231	82	95	1:11:14
66903	1955	231	14	96	1:11:18
66904	2872	231	83	97	1:11:24
66905	3015	231	15	98	1:11:40
66906	1611	231	84	99	1:11:42
66907	2667	231	85	100	1:11:48
66908	1571	231	86	101	1:11:51
66909	2906	231	87	102	1:11:56
66910	2832	231	16	103	1:11:58
66911	1574	231	88	104	1:12:10
66912	3261	231	89	105	1:12:13
66913	2894	231	17	106	1:12:14
66914	2763	231	18	107	1:12:14
66915	1541	231	19	108	1:12:15
66916	1892	231	90	109	1:12:18
66917	3014	231	20	110	1:12:29
66918	1650	231	91	111	1:12:40
66919	1471	231	92	112	1:12:52
66920	1569	231	93	113	1:12:58
66921	1582	231	21	114	1:13:22
66922	2698	231	94	115	1:13:23
66923	1774	231	95	116	1:13:33
66924	1899	231	96	117	1:14:18
66925	1690	231	97	118	1:14:29
66926	1974	231	98	119	1:14:51
66927	2236	231	99	120	1:14:51
66928	2137	231	100	121	1:15:19
66929	1702	231	101	122	1:15:30
66930	1958	231	102	123	1:15:36
66931	1649	231	22	124	1:15:42
66932	2677	231	103	125	1:15:44
66933	2819	231	23	126	1:15:45
66934	1990	231	104	127	1:16:02
66935	2916	231	105	128	1:16:12
66936	1991	231	24	129	1:16:16
66937	1718	231	106	130	1:16:23
66938	2904	231	25	131	1:16:38
66939	1699	231	107	132	1:16:54
66940	1657	231	108	133	1:16:55
66941	1623	231	109	134	1:17:38
66942	2365	231	110	135	1:17:40
66943	2344	231	26	136	1:17:44
66944	3102	231	27	137	1:18:13
66945	2802	231	111	138	1:18:18
66946	2555	231	28	139	1:18:23
66947	1875	231	29	140	1:18:50
66948	1969	231	30	141	1:18:52
66949	2341	231	112	142	1:19:02
66950	2368	231	31	143	1:19:10
66951	1486	231	113	144	1:19:11
66952	1725	231	32	145	1:19:17
66953	3068	231	114	146	1:19:18
66954	1692	231	33	147	1:19:58
66955	3225	231	115	148	1:20:23
66956	1648	231	116	149	1:20:24
66957	2102	231	117	150	1:20:41
66958	1705	231	34	151	1:20:46
66959	2770	231	35	152	1:20:50
66960	1686	231	118	153	1:21:15
66961	1735	231	36	154	1:21:17
66962	3104	231	37	155	1:21:24
66963	1664	231	38	156	1:21:36
66964	2277	231	39	157	1:21:44
66965	2970	231	40	158	1:21:48
66966	1814	231	119	159	1:22:05
66967	2188	231	41	160	1:22:15
66968	1714	231	42	161	1:22:17
66969	2778	231	43	162	1:22:25
66970	1643	231	44	163	1:22:42
66971	1982	231	45	165	1:23:17
66972	1717	231	46	166	1:23:20
66973	1976	231	47	167	1:23:24
66974	1742	231	121	168	1:23:30
66975	2923	231	48	169	1:23:49
66976	2746	231	49	170	1:23:50
66977	3086	231	122	171	1:24:01
66978	1666	231	50	172	1:24:09
66979	1660	231	123	173	1:24:35
66980	1948	231	124	174	1:24:41
66981	1922	231	125	175	1:24:51
66982	1691	231	51	176	1:24:53
66983	2264	231	52	177	1:24:56
66984	1979	231	53	178	1:25:11
66985	2726	231	54	179	1:25:13
66986	2362	231	55	180	1:25:35
66987	3105	231	56	181	1:26:07
66988	1723	231	126	182	1:26:11
66989	2836	231	57	183	1:26:32
66990	1733	231	127	184	1:26:45
66991	3106	231	58	185	1:27:03
66992	2391	231	59	186	1:27:09
66993	1523	231	60	187	1:28:01
66994	1784	231	128	188	1:28:04
66995	1842	231	129	189	1:28:36
66996	1697	231	61	190	1:28:43
66997	1787	231	62	191	1:29:03
66998	3090	231	130	192	1:29:06
66999	2780	231	131	193	1:29:15
67000	3107	231	63	194	1:29:35
67001	1793	231	132	195	1:29:45
67002	1797	231	133	196	1:30:56
67003	2934	231	64	197	1:31:04
67004	1811	231	134	198	1:34:06
67005	2976	231	65	199	1:35:00
67006	1807	231	135	200	1:35:12
67007	2686	231	136	201	1:35:21
67008	2392	231	66	202	1:35:24
67009	2413	231	137	203	1:38:12
67010	2426	231	138	204	1:40:05
67011	2729	231	67	205	1:40:07
67012	3108	232	1	1	35:02
67013	3109	232	2	2	35:03
67014	2803	232	3	3	36:57
67015	1439	232	4	4	37:02
67016	1459	232	5	5	37:51
67017	1437	232	6	6	38:21
67018	2326	232	7	7	38:28
67019	3110	232	8	8	39:05
67020	1463	232	9	9	39:17
67021	1455	232	10	10	39:29
67022	2858	232	11	11	39:45
67023	1440	232	12	12	39:48
67024	1854	232	13	13	39:51
67025	1451	232	14	14	40:12
67026	1464	232	15	15	40:15
67027	3111	232	16	16	40:17
67028	2857	232	17	17	40:18
67029	2859	232	18	18	40:19
67030	2120	232	19	19	40:22
67031	3112	232	20	20	40:34
67032	1497	232	21	21	40:38
67033	2751	232	22	22	40:45
67034	1460	232	23	23	40:52
67035	2750	232	24	24	40:58
67036	1438	232	25	25	41:11
67037	2017	232	1	26	41:23
67038	1521	232	26	27	41:31
67039	1467	232	27	28	41:38
67040	1977	232	2	29	42:17
67041	2156	232	28	30	42:32
67042	1862	232	29	31	42:46
67043	2956	232	30	32	42:50
67044	1466	232	31	33	42:59
67045	1855	232	32	34	43:01
67046	1490	232	33	35	43:17
67047	1470	232	34	36	43:24
67048	1502	232	35	37	43:52
67049	2598	232	36	38	43:54
67050	1501	232	3	39	43:55
67051	2542	232	37	40	43:56
67052	1942	232	38	41	43:57
67053	1946	232	39	42	43:58
67054	2469	232	40	43	44:00
67055	1841	232	41	44	44:02
67056	3113	232	42	45	44:04
67057	1898	232	43	46	44:09
67058	1503	232	44	47	44:13
67059	1512	232	45	48	44:22
67060	1870	232	46	49	44:23
67061	2223	232	47	50	44:40
67062	1629	232	48	51	44:49
67063	1480	232	49	52	44:54
67064	3010	232	50	53	44:56
67065	1730	232	51	54	45:05
67066	1686	232	52	55	45:08
67067	2755	232	4	56	45:09
67068	1935	232	53	57	45:11
67069	1698	232	54	58	45:13
67070	3114	232	5	59	45:16
67071	2664	232	55	60	45:16
67072	3261	232	56	61	45:20
67073	1504	232	57	62	45:25
67074	2655	232	58	63	45:29
67075	3053	232	59	64	45:51
67076	3115	232	60	65	45:53
67077	1543	232	61	66	45:54
67078	2113	232	62	67	45:56
67079	2876	232	63	68	45:57
67080	2285	232	64	69	46:02
67081	2443	232	65	70	46:03
67082	1524	232	66	71	46:05
67083	1604	232	67	72	46:06
67084	1579	232	68	73	46:07
67085	2025	232	69	74	46:07
67086	2873	232	70	75	46:08
67087	3116	232	71	76	46:10
67088	2658	232	72	77	46:15
67089	3117	232	6	78	46:29
67090	3118	232	7	79	46:44
67091	2890	232	8	80	46:56
67092	2612	232	73	81	47:07
67093	1636	232	74	82	47:26
67094	1565	232	9	83	47:27
67095	2874	232	10	84	47:29
67096	1974	232	75	85	47:34
67097	2660	232	76	86	47:39
67098	1593	232	77	87	47:41
67099	1745	232	78	88	47:47
67100	1611	232	79	89	47:48
67101	1571	232	80	90	47:53
67102	1591	232	81	91	48:03
67103	1868	232	82	92	48:04
67104	2245	232	11	93	48:05
67105	2864	232	12	94	48:07
67106	2881	232	13	95	48:08
67107	1955	232	14	96	48:18
67108	1505	232	15	97	48:22
67109	2248	232	16	98	48:23
67110	1934	232	83	99	48:28
67111	1541	232	17	100	48:31
67112	2350	232	84	101	48:32
67113	1892	232	85	102	48:36
67114	1910	232	86	103	48:41
67115	2474	232	87	104	48:47
67116	1950	232	18	105	48:54
67117	2889	232	88	106	48:55
67118	2249	232	89	107	48:59
67119	3055	232	90	108	49:02
67120	1688	232	91	109	49:03
67121	3026	232	92	110	49:10
67122	1574	232	93	111	49:12
67123	2965	232	19	112	49:13
67124	2464	232	94	113	49:24
67125	1486	232	95	114	49:26
67126	2343	232	96	115	49:29
67127	2842	232	97	116	49:31
67128	2768	232	98	117	49:42
67129	1569	232	99	118	49:44
67130	2900	232	20	119	49:50
67131	1906	232	100	120	49:52
67132	2893	232	101	121	49:55
67133	1570	232	102	122	49:59
67134	1715	232	21	123	50:03
67135	1650	232	103	124	50:07
67136	3119	232	104	125	50:11
67137	2672	232	105	126	50:19
67138	1564	232	22	127	50:21
67139	2038	232	106	128	50:33
67140	2667	232	107	129	50:35
67141	3120	232	23	130	50:35
67142	1645	232	108	131	50:37
67143	1553	232	24	132	50:41
67144	1702	232	109	133	50:41
67145	2761	232	110	134	50:48
67146	1471	232	111	135	50:50
67147	2887	232	25	136	50:52
67148	2902	232	112	137	50:58
67149	3080	232	26	138	51:02
67150	3079	232	27	139	51:03
67151	2802	232	113	140	51:05
67152	2886	232	114	141	51:08
67153	3121	232	115	142	51:09
67154	3122	232	116	143	51:14
67155	2376	232	117	144	51:19
67156	1774	232	118	145	51:23
67157	3123	232	28	146	51:30
67158	1895	232	119	147	51:41
67159	1500	232	29	148	51:53
67160	2578	232	120	149	51:53
67161	3124	232	121	150	52:00
67162	1582	232	30	151	52:12
67163	2698	232	122	152	52:13
67164	3007	232	123	153	52:14
67165	2670	232	124	154	52:17
67166	1887	232	31	155	52:22
67167	2010	232	32	156	52:23
67168	1900	232	33	157	52:27
67169	2365	232	125	158	52:35
67170	1971	232	34	159	52:46
67171	2777	232	126	160	52:46
67172	2970	232	35	161	52:50
67173	1899	232	127	162	52:53
67174	3125	232	36	163	52:53
67175	2973	232	128	164	52:54
67176	1991	232	37	165	53:01
67177	2677	232	129	166	53:07
67178	1648	232	130	167	53:13
67179	1661	232	38	168	53:23
67180	1660	232	131	169	53:28
67181	1664	232	39	170	53:32
67182	2904	232	40	171	53:38
67183	1653	232	132	172	53:40
67184	2277	232	41	173	53:42
67185	2368	232	42	174	53:43
67186	2770	232	43	175	53:46
67187	3126	232	133	176	54:00
67188	1692	232	44	177	54:08
67189	2703	232	45	178	54:12
67190	2555	232	46	179	54:15
67191	1905	232	134	180	54:15
67192	3127	232	135	181	54:41
67193	2726	232	47	182	54:52
67194	1592	232	48	183	54:54
67195	2906	232	136	184	54:54
67196	3085	232	49	185	54:56
67197	1519	232	137	186	54:56
67198	1641	232	50	187	54:58
67199	1976	232	51	188	55:04
67200	2503	232	138	189	55:09
67201	1699	232	139	190	55:16
67202	1657	232	140	191	55:17
67203	1944	232	141	192	55:35
67204	2531	232	142	193	55:36
67205	2959	232	52	194	55:41
67206	2671	232	143	195	55:44
67207	1814	232	144	196	55:45
67208	1969	232	53	197	55:46
67209	1691	232	54	198	55:50
67210	2778	232	55	199	55:58
67211	1735	232	56	200	56:05
67212	3037	232	57	201	56:06
67213	2975	232	145	202	56:08
67214	2102	232	146	203	56:09
67215	1922	232	147	204	56:10
67216	2362	232	58	205	56:28
67217	2702	232	148	206	56:30
67218	1697	232	59	207	56:31
67219	1967	232	149	208	56:49
67220	1608	232	150	209	56:53
67221	2767	232	60	210	56:53
67222	3036	232	151	211	57:00
67223	2388	232	152	212	57:02
67224	1705	232	61	213	57:10
67225	2071	232	153	214	57:14
67226	1982	232	62	215	57:26
67227	1979	232	63	216	57:39
67228	1723	232	154	217	57:40
67229	1666	232	64	218	57:51
67230	2059	232	155	219	57:52
67231	1996	232	156	220	57:55
67232	2192	232	65	222	58:18
67233	2780	232	158	223	58:20
67234	1754	232	159	224	58:28
67235	1948	232	160	225	58:35
67236	1795	232	161	226	58:42
67237	2908	232	162	227	58:42
67238	1517	232	163	228	58:44
67239	1469	232	164	229	58:45
67240	2426	232	165	230	58:46
67241	2974	232	66	231	58:59
67242	1787	232	67	232	59:01
67243	3086	232	166	233	59:08
67244	2700	232	167	234	59:13
67245	2989	232	68	235	59:20
67246	2392	232	69	236	59:24
67247	2264	232	70	237	59:36
67248	1624	232	71	238	59:45
67249	1643	232	72	239	59:57
67250	1783	232	168	240	59:58
67251	1784	232	169	241	59:59
67252	2927	232	73	242	1:00:12
67253	2922	232	74	243	1:00:21
67254	2934	232	75	246	1:00:42
67255	2854	232	76	247	1:01:04
67256	1742	232	172	248	1:01:26
67257	1744	232	173	249	1:01:37
67258	2930	232	77	250	1:01:40
67259	3128	232	78	251	1:01:41
67260	3129	232	79	252	1:01:42
67261	2407	232	80	253	1:01:52
67262	2686	232	174	254	1:01:52
67263	2976	232	81	257	1:02:04
67264	1781	232	177	258	1:02:15
67265	2990	232	82	259	1:02:18
67266	2991	232	83	260	1:02:29
67267	1829	232	178	261	1:02:33
67268	3130	232	84	262	1:02:40
67269	1998	232	85	263	1:03:05
67270	1803	232	86	264	1:04:05
67271	3131	232	179	265	1:04:46
67272	1700	232	180	266	1:04:50
67273	2919	232	181	267	1:04:56
67274	2673	232	87	268	1:05:15
67275	2391	232	88	269	1:06:45
67276	2186	232	89	271	1:06:54
67277	2413	232	183	272	1:08:12
67278	1845	232	90	273	1:08:26
67279	2992	232	91	274	1:09:15
67280	2988	232	92	275	1:09:37
67281	3000	232	184	276	1:09:48
67282	3004	232	185	277	1:09:55
67283	1811	232	186	278	1:11:35
67284	2995	232	93	279	1:12:56
67285	2410	232	187	280	1:15:58
67286	1847	232	94	281	1:18:25
67287	1434	233	1	1	16:48
67288	2639	233	2	2	17:31
67289	1459	233	3	3	17:38
67290	1442	233	4	4	17:51
67291	1438	233	5	5	18:05
67292	2604	233	6	6	18:07
67293	1437	233	7	7	18:10
67294	1444	233	8	8	18:35
67295	2640	233	9	9	18:36
67296	1441	233	10	10	18:52
67297	1925	233	11	11	18:55
67298	1440	233	12	12	19:06
67299	1977	233	1	13	19:14
67300	1451	233	13	14	19:18
67301	2641	233	14	15	19:24
67302	1453	233	15	16	19:27
67303	1521	233	16	17	19:30
67304	2642	233	17	18	19:33
67305	1511	233	18	19	19:34
67306	1467	233	19	20	19:35
67307	2643	233	20	21	19:37
67308	2644	233	21	22	19:41
67309	2329	233	22	23	19:41
67310	2645	233	23	24	19:44
67311	1497	233	24	25	19:53
67312	2646	233	25	26	20:02
67313	2647	233	26	27	20:07
67314	2452	233	27	28	20:10
67315	1507	233	28	29	20:12
67316	2205	233	2	30	20:13
67317	1446	233	29	31	20:16
67318	2017	233	3	32	20:21
67319	1478	233	30	33	20:27
67320	2648	233	31	34	20:30
67321	2468	233	32	35	20:31
67322	1456	233	33	36	20:33
67323	1469	233	34	37	20:33
67324	1452	233	35	38	20:34
67325	2612	233	36	39	20:35
67326	1855	233	37	40	20:35
67327	2446	233	38	41	20:36
67328	2649	233	39	42	20:50
67329	2650	233	40	43	20:51
67330	2335	233	41	44	20:52
67331	1473	233	42	45	20:53
67332	2651	233	43	46	20:59
67333	2331	233	44	47	21:00
67334	1466	233	45	48	21:04
67335	1863	233	46	49	21:09
67336	1581	233	47	50	21:18
67337	2652	233	48	51	21:21
67338	1516	233	49	52	21:22
67339	1515	233	50	53	21:24
67340	2653	233	51	54	21:26
67341	1591	233	52	55	21:28
67342	2443	233	53	56	21:29
67343	2113	233	54	57	21:31
67344	2469	233	55	58	21:31
67345	2235	233	56	59	21:42
67346	1503	233	57	60	21:45
67347	2654	233	4	61	21:46
67348	1510	233	58	62	21:47
67349	1605	233	59	63	21:51
67350	1629	233	60	64	21:52
67351	1462	233	61	65	21:54
67352	2155	233	62	66	22:01
67353	1436	233	63	67	22:04
67354	2655	233	64	68	22:06
67355	1946	233	65	69	22:07
67356	1636	233	66	70	22:10
67357	1539	233	67	71	22:17
67358	1564	233	5	72	22:18
67359	1486	233	68	73	22:18
67360	1490	233	69	74	22:19
67361	2025	233	70	75	22:22
67362	2342	233	71	76	22:23
67363	2341	233	72	77	22:28
67364	1698	233	73	78	22:29
67365	1487	233	74	79	22:30
67366	1549	233	75	80	22:30
67367	2656	233	6	81	22:31
67368	2350	233	76	82	22:31
67369	1517	233	77	83	22:32
67370	2454	233	7	84	22:32
67371	2657	233	78	85	22:33
67372	1505	233	8	86	22:33
67373	1604	233	79	87	22:33
67374	2658	233	80	88	22:45
67375	1974	233	81	89	22:45
67376	2659	233	82	90	22:47
67377	1500	233	9	91	22:48
67378	1488	233	83	92	22:50
67379	1955	233	10	93	22:50
67380	2376	233	84	94	22:51
67381	1730	233	85	95	22:53
67382	1543	233	86	96	22:55
67383	2660	233	87	97	22:57
67384	1950	233	11	98	23:06
67385	2661	233	88	99	23:12
67386	2038	233	89	100	23:14
67387	2231	233	90	101	23:19
67388	2662	233	91	102	23:24
67389	2663	233	92	103	23:28
67390	2664	233	93	104	23:30
67391	2476	233	94	105	23:32
67392	2225	233	95	106	23:33
67393	2665	233	12	107	23:34
67394	1910	233	96	108	23:35
67395	2666	233	97	109	23:37
67396	2344	233	13	110	23:42
67397	2228	233	98	111	23:46
67398	2337	233	99	112	23:48
67399	2667	233	100	113	23:50
67400	2467	233	14	114	23:59
67401	2474	233	101	115	24:04
67402	2668	233	102	116	24:06
67403	1690	233	103	117	24:07
67404	2236	233	104	118	24:09
67405	2381	233	105	119	24:11
67406	2670	233	106	120	24:16
67407	1570	233	107	121	24:19
67408	2671	233	108	122	24:22
67409	2176	233	109	123	24:23
67410	1628	233	110	124	24:28
67411	2343	233	111	125	24:30
67412	1645	233	112	126	24:33
67413	1552	233	15	127	24:37
67414	2672	233	113	128	24:39
67415	2673	233	16	129	24:42
67416	1585	233	114	130	24:43
67417	2360	233	17	131	24:45
67418	2358	233	115	132	24:46
67419	2139	233	116	133	24:47
67420	2674	233	117	134	24:47
67421	2675	233	18	135	24:48
67422	2171	233	118	136	24:48
67423	1580	233	119	137	24:49
67424	2676	233	120	138	24:50
67425	2677	233	121	139	24:55
67426	1745	233	122	140	24:57
67427	1990	233	123	141	24:58
67428	2678	233	124	142	24:59
67429	1647	233	19	143	25:03
67430	1954	233	125	144	25:04
67431	1935	233	126	145	25:04
67432	1888	233	20	146	25:05
67433	1795	233	127	147	25:08
67434	2385	233	21	148	25:09
67435	2679	233	128	149	25:10
67436	1578	233	129	150	25:25
67437	1530	233	130	151	25:26
67438	1569	233	131	152	25:30
67439	2102	233	132	153	25:31
67440	2680	233	22	154	25:34
67441	2681	233	133	155	25:40
67442	1884	233	134	156	25:41
67443	2682	233	135	157	25:41
67444	2362	233	23	158	25:42
67445	2253	233	24	159	25:50
67446	1906	233	136	160	25:52
67447	1956	233	137	161	25:53
67448	2683	233	138	162	25:55
67449	1971	233	25	163	25:56
67450	1640	233	139	164	25:58
67451	1654	233	26	165	26:01
67452	1661	233	27	166	26:02
67453	1648	233	140	167	26:03
67454	2367	233	28	168	26:05
67455	1680	233	29	169	26:06
67456	1621	233	30	170	26:07
67457	2684	233	141	171	26:10
67458	2165	233	31	172	26:11
67459	1582	233	32	173	26:12
67460	2383	233	142	174	26:15
67461	1716	233	143	175	26:16
67462	1737	233	33	176	26:18
67463	2685	233	34	177	26:20
67464	2686	233	144	178	26:22
67465	1948	233	145	179	26:23
67466	1718	233	146	180	26:23
67467	2687	233	35	181	26:26
67468	2626	233	36	182	26:27
67469	1562	233	147	183	26:28
67470	1656	233	37	184	26:29
67471	1900	233	38	185	26:30
67472	2688	233	148	186	26:31
67473	2144	233	39	187	26:32
67474	1957	233	149	188	26:33
67475	2391	233	150	189	26:35
67476	1700	233	151	190	26:36
67477	1624	233	40	191	26:37
67478	1652	233	41	192	26:38
67479	1679	233	42	193	26:39
67480	2371	233	152	194	26:40
67481	2059	233	153	195	26:41
67482	1646	233	43	196	26:44
67483	2689	233	44	197	26:46
67484	2690	233	154	198	26:49
67485	2691	233	155	199	26:51
67486	1969	233	45	200	26:52
67487	1480	233	156	201	26:53
67488	1641	233	46	202	26:54
67489	1899	233	157	203	26:57
67490	1650	233	158	204	26:58
67491	1958	233	159	205	27:04
67492	1643	233	47	206	27:07
67493	1707	233	48	207	27:08
67494	1637	233	160	208	27:09
67495	2692	233	161	209	27:11
67496	2693	233	162	210	27:13
67497	1477	233	49	211	27:14
67498	1664	233	50	212	27:17
67499	1541	233	51	213	27:18
67500	2481	233	163	214	27:19
67501	1657	233	164	215	27:20
67502	2694	233	52	216	27:21
67503	1952	233	165	217	27:22
67504	2486	233	166	218	27:27
67505	1683	233	167	219	27:30
67506	1940	233	168	220	27:31
67507	1743	233	169	221	27:38
67508	1976	233	53	222	27:39
67509	1922	233	170	223	27:40
67510	2578	233	171	224	27:45
67511	1493	233	54	225	27:47
67512	1649	233	55	226	27:47
67513	1519	233	172	227	27:51
67514	2359	233	173	228	28:04
67515	2695	233	174	229	28:05
67516	2696	233	175	230	28:08
67517	2387	233	56	231	28:14
67518	2382	233	176	232	28:16
67519	2697	233	177	233	28:17
67520	2485	233	57	234	28:20
67521	1733	233	178	235	28:23
67522	1725	233	58	236	28:24
67523	2068	233	179	237	28:28
67524	2698	233	180	238	28:30
67525	1754	233	181	239	28:31
67526	1991	233	59	240	28:32
67527	2699	233	60	241	28:33
67528	2700	233	182	242	28:38
67529	2064	233	61	243	28:40
67530	2281	233	62	244	28:41
67531	1717	233	63	245	28:42
67532	1608	233	183	246	28:43
67533	2701	233	184	247	28:46
67534	2702	233	185	248	28:47
67535	2703	233	64	249	28:48
67536	2507	233	65	250	28:52
67537	2704	233	66	251	28:55
67538	2500	233	186	252	28:56
67539	2705	233	187	253	28:58
67540	1671	233	67	254	28:58
67541	2706	233	68	255	28:59
67542	2423	233	69	256	29:01
67543	2181	233	188	257	29:02
67544	2506	233	70	258	29:04
67545	2708	233	71	259	29:05
67546	1979	233	72	260	29:05
67547	1574	233	189	261	29:06
67548	2709	233	73	262	29:12
67549	1744	233	190	263	29:13
67550	2388	233	191	264	29:15
67551	1911	233	74	265	29:21
67552	1982	233	75	266	29:23
67553	1713	233	192	267	29:25
67554	1755	233	76	268	29:29
67555	1722	233	77	269	29:33
67556	1788	233	193	270	29:35
67557	2414	233	78	271	29:38
67558	2516	233	79	272	29:42
67559	2710	233	80	273	29:43
67560	1666	233	81	274	29:47
67561	2711	233	82	275	29:55
67562	1625	233	194	276	29:57
67563	1784	233	195	277	29:59
67564	2712	233	83	278	30:04
67565	2713	233	196	279	30:05
67566	2714	233	84	280	30:11
67567	2715	233	85	281	30:12
67568	2716	233	86	282	30:12
67569	1760	233	197	283	30:15
67570	1829	233	198	284	30:20
67571	1917	233	199	285	30:25
67572	1568	233	200	286	30:28
67573	1842	233	201	287	30:29
67574	1797	233	202	288	30:30
67575	2187	233	203	289	30:32
67576	2717	233	204	290	30:35
67577	1787	233	87	291	30:38
67578	2076	233	88	292	30:39
67579	2718	233	89	293	30:46
67580	2719	233	205	294	30:57
67581	2720	233	90	295	31:02
67582	2721	233	91	296	31:02
67583	2418	233	92	297	31:05
67584	2188	233	93	298	31:17
67585	2590	233	94	299	31:26
67586	2162	233	95	300	31:28
67587	2177	233	96	301	31:28
67588	2723	233	97	302	31:29
67589	2393	233	206	303	31:35
67590	2724	233	98	304	31:40
67591	1691	233	99	305	31:42
67592	1813	233	100	306	31:54
67593	2725	233	101	307	31:55
67594	2300	233	102	308	32:03
67595	1599	233	103	309	32:04
67596	1600	233	207	310	32:04
67597	2186	233	104	311	32:07
67598	2390	233	208	312	32:09
67599	2518	233	105	313	32:09
67600	1846	233	106	314	32:10
67601	2007	233	107	315	32:13
67602	2058	233	108	316	32:23
67603	1751	233	109	317	32:29
67604	2368	233	110	318	32:34
67605	1909	233	111	319	32:35
67606	1807	233	209	320	32:36
67607	2726	233	112	321	32:36
67608	2727	233	113	322	32:54
67609	2079	233	114	323	33:27
67610	1845	233	115	324	33:44
67611	1822	233	116	325	33:46
67612	2190	233	117	326	33:56
67613	1793	233	210	327	34:01
67614	2729	233	118	328	34:04
67615	2730	233	119	329	34:05
67616	2426	233	211	330	34:09
67617	1738	233	120	331	34:16
67618	1742	233	212	332	34:17
67619	2731	233	121	333	34:23
67620	2534	233	122	334	34:24
67621	2428	233	213	335	34:47
67622	2537	233	214	336	35:07
67623	2429	233	123	337	35:18
67624	2430	233	124	338	35:20
67625	2732	233	125	339	35:35
67626	2733	233	126	340	35:45
67627	2734	233	127	341	35:48
67628	2735	233	215	342	36:17
67629	2736	233	128	343	36:25
67630	2737	233	216	344	36:38
67631	2738	233	129	345	37:55
67632	1805	233	130	346	38:14
67633	2739	233	131	347	38:40
67634	2740	233	132	348	39:00
67635	1802	233	217	349	39:17
67636	1887	233	133	350	39:18
67637	2741	233	134	351	39:30
67638	2010	233	135	352	40:23
67639	2515	233	218	353	40:24
67640	2011	233	136	354	41:54
67641	2742	233	219	355	42:03
67642	2743	233	220	356	43:33
67643	1847	233	137	357	44:43
67644	2204	233	221	358	44:58
67645	2744	233	138	359	45:50
67646	2745	233	139	360	47:16
67647	2746	233	140	361	47:17
67648	2747	233	141	362	47:18
67649	2748	233	142	363	47:56
67650	2749	233	222	364	51:39
67651	2750	233	223	365	51:40
67652	1459	234	1	1	0:18:51
67653	1442	234	2	2	0:19:03
67654	1444	234	3	3	0:19:39
67655	2014	234	4	4	0:19:42
67656	2751	234	5	5	0:19:46
67657	1438	234	6	6	0:19:52
67658	1441	234	7	7	0:19:55
67659	1470	234	8	8	0:20:01
67660	2641	234	9	9	0:20:03
67661	2752	234	10	10	0:20:04
67662	2647	234	11	11	0:20:05
67663	1463	234	12	12	0:20:08
67664	2753	234	13	13	0:20:15
67665	1440	234	14	14	0:20:22
67666	1521	234	15	15	0:20:27
67667	2754	234	16	16	0:20:29
67668	2642	234	17	17	0:20:32
67669	1511	234	18	18	0:20:33
67670	1455	234	19	19	0:20:37
67671	2452	234	20	20	0:20:43
67672	2644	234	21	21	0:20:52
67673	2645	234	22	22	0:20:55
67674	2643	234	23	23	0:21:01
67675	2755	234	1	24	0:21:07
67676	2446	234	24	25	0:21:11
67677	2756	234	25	26	0:21:19
67678	2017	234	2	27	0:21:22
67679	2612	234	26	28	0:21:27
67680	1456	234	27	29	0:21:35
67681	1855	234	28	30	0:21:36
67682	2757	234	29	31	0:21:38
67683	1478	234	30	32	0:21:41
67684	2650	234	31	33	0:21:42
67685	1466	234	32	34	0:21:46
67686	1471	234	33	35	0:21:47
67687	2205	234	3	36	0:21:52
67688	2339	234	34	37	0:21:54
67689	1467	234	35	38	0:21:57
67690	1452	234	36	39	0:22:04
67691	1854	234	37	40	0:22:04
67692	2235	234	38	41	0:22:08
67693	1473	234	39	42	0:22:11
67694	2758	234	40	43	0:22:12
67695	1502	234	41	44	0:22:13
67696	1515	234	42	45	0:22:16
67697	2331	234	43	46	0:22:18
67698	1863	234	44	47	0:22:21
67699	2657	234	45	48	0:22:23
67700	2335	234	46	49	0:22:24
67701	2655	234	47	50	0:22:27
67702	2759	234	48	51	0:22:28
67703	1490	234	49	52	0:22:31
67704	2651	234	50	53	0:22:33
67705	1503	234	51	54	0:22:34
67706	1579	234	52	55	0:22:35
67707	2468	234	53	56	0:22:36
67708	2113	234	54	57	0:22:40
67709	1581	234	55	58	0:22:45
67710	2654	234	4	59	0:22:47
67711	2325	234	56	60	0:22:50
67712	2443	234	57	61	0:22:54
67713	1930	234	58	62	0:23:05
67714	1516	234	59	63	0:23:10
67715	1591	234	60	64	0:23:11
67716	2341	234	61	65	0:23:15
67717	1453	234	62	66	0:23:16
67718	1841	234	63	67	0:23:19
67719	1504	234	64	68	0:23:20
67720	1512	234	65	69	0:23:22
67721	1868	234	66	70	0:23:23
67722	2760	234	67	71	0:23:23
67723	1484	234	68	72	0:23:24
67724	1935	234	69	73	0:23:26
67725	1636	234	70	74	0:23:28
67726	2615	234	71	75	0:23:30
67727	1539	234	72	76	0:23:32
67728	1946	234	73	77	0:23:37
67729	1564	234	5	78	0:23:39
67730	1486	234	74	79	0:23:40
67731	2231	234	75	80	0:23:44
67732	1774	234	76	81	0:23:45
67733	1698	234	77	82	0:23:48
67734	1488	234	78	83	0:23:57
67735	2376	234	79	84	0:23:59
67736	2285	234	80	85	0:24:00
67737	1565	234	6	86	0:24:01
67738	2761	234	81	87	0:24:03
67739	1955	234	7	88	0:24:04
67740	1604	234	82	89	0:24:06
67741	1549	234	83	90	0:24:10
67742	1505	234	8	91	0:24:12
67743	2464	234	84	92	0:24:19
67744	2454	234	9	93	0:24:23
67745	1500	234	10	94	0:24:28
67746	2762	234	85	95	0:24:32
67747	2652	234	86	96	0:24:35
67748	1543	234	87	97	0:24:37
67749	2660	234	88	98	0:24:42
67750	1950	234	11	99	0:24:43
67751	2763	234	12	100	0:24:43
67752	2343	234	89	101	0:24:45
67753	2248	234	13	102	0:24:47
67754	1611	234	90	103	0:24:50
67755	1945	234	91	104	0:24:52
67756	1570	234	92	105	0:24:54
67757	2764	234	93	106	0:25:00
67758	1541	234	14	107	0:25:01
67759	2667	234	94	108	0:25:02
67760	2225	234	95	109	0:25:03
67761	2765	234	15	110	0:25:04
67762	1910	234	96	111	0:25:07
67763	1620	234	97	112	0:25:08
67764	2253	234	16	113	0:25:17
67765	2662	234	98	114	0:25:24
67766	2663	234	99	115	0:25:26
67767	1657	234	100	116	0:25:28
67768	1888	234	17	117	0:25:30
67769	1952	234	101	118	0:25:30
67770	2463	234	102	119	0:25:31
67771	2476	234	103	120	0:25:32
67772	2665	234	18	121	0:25:34
67773	1640	234	104	122	0:25:36
67774	1552	234	19	123	0:25:50
67775	2474	234	105	124	0:25:51
67776	2038	234	106	125	0:25:54
67777	2656	234	20	126	0:25:59
67778	2678	234	107	127	0:26:09
67779	1690	234	108	128	0:26:09
67780	2674	234	109	129	0:26:10
67781	1647	234	21	130	0:26:12
67782	1688	234	110	131	0:26:19
67783	2682	234	111	132	0:26:22
67784	2162	234	22	133	0:26:22
67785	2381	234	112	134	0:26:23
67786	1592	234	23	135	0:26:29
67787	2766	234	113	136	0:26:32
67788	2767	234	24	137	0:26:33
67789	2228	234	114	138	0:26:34
67790	2672	234	115	139	0:26:35
67791	3124	234	116	140	0:26:36
67792	2768	234	117	141	0:26:37
67793	1990	234	118	142	0:26:39
67794	1900	234	25	143	0:26:40
67795	1580	234	119	144	0:26:43
67796	1644	234	120	145	0:26:50
67797	1569	234	121	146	0:26:52
67798	2137	234	122	147	0:26:55
67799	1645	234	123	148	0:26:56
67800	2687	234	26	149	0:26:56
67801	1745	234	124	150	0:26:59
67802	2334	234	125	151	0:27:08
67803	1834	234	126	152	0:27:09
67804	1612	234	127	153	0:27:24
67805	2677	234	128	154	0:27:29
67806	1652	234	27	155	0:27:32
67807	2503	234	129	156	0:27:33
67808	2236	234	130	157	0:27:34
67809	2684	234	131	158	0:27:39
67810	1530	234	132	159	0:27:41
67811	2102	234	133	160	0:27:41
67812	1974	234	134	161	0:27:42
67813	1628	234	135	162	0:27:42
67814	1661	234	28	163	0:27:44
67815	1664	234	29	164	0:27:46
67816	2626	234	30	165	0:27:48
67817	1794	234	136	166	0:27:49
67818	1641	234	31	167	0:27:50
67819	1559	234	137	168	0:27:52
67820	1585	234	138	169	0:27:52
67821	1680	234	32	170	0:27:55
67822	1911	234	33	171	0:27:58
67823	3034	234	34	172	0:27:58
67824	1713	234	139	173	0:27:59
67825	2683	234	140	174	0:28:01
67826	2691	234	141	175	0:28:03
67827	1480	234	142	176	0:28:04
67828	1578	234	143	177	0:28:04
67829	2769	234	144	178	0:28:06
67830	2770	234	35	179	0:28:06
67831	1702	234	145	180	0:28:07
67832	1562	234	146	181	0:28:08
67833	1621	234	36	182	0:28:14
67834	1957	234	147	183	0:28:18
67835	1899	234	148	184	0:28:21
67836	1969	234	37	185	0:28:22
67837	1906	234	149	186	0:28:28
67838	2467	234	38	187	0:28:29
67839	2564	234	150	188	0:28:37
67840	1648	234	151	189	0:28:43
67841	2686	234	152	190	0:28:43
67842	2245	234	39	191	0:28:44
67843	2117	234	153	192	0:28:45
67844	2367	234	40	193	0:28:45
67845	1716	234	154	194	0:28:46
67846	2693	234	155	195	0:28:47
67847	2685	234	41	196	0:28:50
67848	1967	234	156	197	0:28:53
67849	2771	234	42	198	0:28:55
67850	2772	234	43	199	0:28:57
67851	2715	234	44	200	0:29:05
67852	2773	234	45	201	0:29:08
67853	2774	234	46	202	0:29:08
67854	2264	234	47	203	0:29:16
67855	2775	234	48	204	0:29:18
67856	2776	234	157	205	0:29:27
67857	1697	234	49	206	0:29:29
67858	2747	234	50	207	0:29:30
67859	2561	234	158	208	0:29:32
67860	2777	234	159	209	0:29:33
67861	1692	234	51	210	0:29:37
67862	1703	234	160	211	0:29:42
67863	1980	234	52	212	0:29:43
67864	2697	234	161	213	0:29:44
67865	1699	234	162	214	0:29:45
67866	1976	234	53	215	0:29:56
67867	1718	234	163	216	0:29:58
67868	1983	234	54	217	0:29:59
67869	1683	234	164	218	0:30:01
67870	2516	234	55	219	0:30:02
67871	1948	234	165	220	0:30:06
67872	1991	234	56	221	0:30:07
67873	1754	234	166	222	0:30:08
67874	2281	234	57	223	0:30:09
67875	2382	234	167	224	0:30:10
67876	2418	234	58	225	0:30:10
67877	1737	234	59	226	0:30:11
67878	1733	234	168	227	0:30:16
67879	2068	234	169	228	0:30:17
67880	1519	234	170	229	0:30:20
67881	1717	234	60	230	0:30:22
67882	2486	234	171	231	0:30:24
67883	1705	234	61	232	0:30:28
67884	1625	234	172	233	0:30:31
67885	1691	234	62	234	0:30:34
67886	1802	234	63	235	0:30:37
67887	1940	234	173	236	0:30:38
67888	2387	234	64	237	0:30:39
67889	1707	234	65	238	0:30:41
67890	1722	234	66	239	0:30:46
67891	1744	234	174	240	0:30:53
67892	2700	234	175	241	0:30:58
67893	1785	234	67	242	0:30:59
67894	2778	234	68	243	0:31:00
67895	2709	234	69	244	0:31:01
67896	1784	234	176	245	0:31:11
67897	2494	234	70	246	0:31:16
67898	2390	234	177	247	0:31:20
67899	2711	234	71	248	0:31:25
67900	1615	234	72	249	0:31:27
67901	2506	234	73	250	0:31:30
67902	2706	234	74	251	0:31:31
67903	2779	234	75	252	0:31:32
67904	2721	234	76	253	0:31:34
67905	2500	234	178	254	0:31:39
67906	1666	234	77	255	0:31:42
67907	1922	234	179	256	0:31:44
67908	2404	234	78	257	0:31:46
67909	1755	234	79	258	0:31:51
67910	2383	234	180	259	0:31:58
67911	2780	234	181	260	0:32:16
67912	1829	234	182	261	0:32:21
67913	1788	234	183	262	0:32:35
67914	1842	234	184	263	0:32:36
67915	2781	234	80	264	0:32:37
67916	2782	234	185	265	0:32:38
67917	2388	234	186	266	0:32:39
67918	1781	234	187	267	0:32:41
67919	1909	234	81	268	0:32:41
67920	2783	234	82	269	0:32:49
67921	2585	234	83	270	0:32:50
67922	1797	234	188	271	0:33:00
67923	1728	234	84	272	0:33:01
67924	2525	234	85	273	0:33:02
67925	2302	234	86	274	0:33:06
67926	1807	234	189	275	0:33:25
67927	1811	234	190	276	0:33:26
67928	2241	234	87	277	0:33:35
67929	2290	234	88	278	0:33:43
67930	1998	234	89	279	0:33:44
67931	2784	234	191	280	0:33:56
67932	2426	234	192	281	0:34:00
67933	1751	234	90	282	0:34:06
67934	2692	234	193	283	0:34:09
67935	2058	234	91	284	0:34:14
67936	2393	234	194	285	0:34:19
67937	2300	234	92	286	0:34:20
67938	2415	234	93	287	0:34:21
67939	2590	234	94	288	0:34:23
67940	2714	234	95	289	0:34:36
67941	2710	234	96	290	0:34:40
67942	2413	234	195	291	0:34:42
67943	2785	234	97	292	0:34:43
67944	1892	234	196	293	0:34:44
67945	1793	234	197	294	0:34:55
67946	1958	234	198	295	0:35:09
67947	2414	234	98	296	0:35:14
67948	2786	234	99	297	0:35:15
67949	2787	234	100	298	0:35:15
67950	1732	234	101	299	0:35:16
67951	2729	234	102	300	0:35:26
67952	1574	234	199	301	0:36:02
67953	2007	234	103	302	0:36:05
67954	1679	234	104	303	0:36:09
67955	2080	234	105	304	0:36:26
67956	2537	234	200	305	0:36:35
67957	2731	234	106	306	0:36:43
67958	2788	234	107	307	0:37:01
67959	2737	234	201	308	0:37:18
67960	2186	234	108	309	0:37:27
67961	1845	234	109	310	0:37:29
67962	2529	234	202	311	0:37:32
67963	2732	234	110	312	0:37:41
67964	2789	234	111	313	0:37:56
67965	2540	234	112	314	0:38:12
67966	2790	234	113	315	0:38:35
67967	1805	234	114	316	0:39:05
67968	2742	234	203	317	0:39:06
67969	2791	234	204	318	0:39:30
67970	2792	234	115	319	0:39:44
67971	2793	234	116	320	0:39:49
67972	2440	234	117	321	0:40:52
67973	2718	234	118	322	0:42:45
67974	2741	234	119	323	0:42:46
67975	2717	234	205	324	0:42:47
67976	2089	234	206	325	0:43:35
67977	1830	234	207	326	0:44:07
67978	2534	234	120	327	0:46:02
67979	2794	234	121	328	0:46:03
67980	2795	234	122	329	0:46:33
67981	2796	234	123	330	0:46:35
67982	2797	234	208	331	0:46:37
67983	1587	234	124	332	0:46:55
67984	2798	234	209	333	0:48:28
67985	1847	234	125	334	0:48:41
67986	2204	234	210	335	0:50:28
67987	2748	234	126	336	0:56:22
67988	2535	234	127	337	0:56:23
67989	2799	234	128	338	0:56:24
67990	2800	234	211	339	1:26:31
67991	2749	234	212	340	1:26:33
67992	2444	234	129	341	1:26:34
67993	2750	234	213	342	1:26:36
67994	1434	235	1	1	0:25:14
67995	1442	235	2	2	0:26:05
67996	1459	235	3	3	0:26:45
67997	1444	235	4	4	0:26:56
67998	1441	235	5	5	0:27:25
67999	1438	235	6	6	0:27:39
68000	2750	235	7	7	0:27:52
68001	2014	235	8	8	0:28:00
68002	1511	235	9	9	0:28:02
68003	1440	235	10	10	0:28:05
68004	2801	235	11	11	0:28:07
68005	1463	235	12	12	0:28:15
68006	2641	235	13	13	0:28:22
68007	2205	235	1	14	0:28:33
68008	1521	235	14	15	0:28:42
68009	2446	235	15	16	0:28:44
68010	2542	235	16	17	0:28:55
68011	2643	235	17	18	0:28:56
68012	2647	235	18	19	0:28:59
68013	2757	235	19	20	0:29:00
68014	2329	235	20	21	0:29:02
68015	2644	235	21	22	0:29:05
68016	1466	235	22	23	0:29:07
68017	2017	235	2	24	0:29:10
68018	1467	235	23	25	0:29:14
68019	1507	235	24	26	0:29:25
68020	2110	235	25	27	0:29:27
68021	1446	235	26	28	0:29:30
68022	1486	235	27	29	0:29:33
68023	1478	235	28	30	0:29:37
68024	2759	235	29	31	0:29:42
68025	1453	235	30	32	0:29:45
68026	1855	235	31	33	0:29:57
68027	2468	235	32	34	0:30:01
68028	2331	235	33	35	0:30:08
68029	1473	235	34	36	0:30:11
68030	1471	235	35	37	0:30:15
68031	1451	235	36	38	0:30:20
68032	1863	235	37	39	0:30:23
68033	2612	235	38	40	0:30:25
68034	1452	235	39	41	0:30:28
68035	1502	235	40	42	0:30:44
68036	2650	235	41	43	0:30:48
68037	2802	235	42	44	0:30:52
68038	1581	235	43	45	0:30:58
68039	2755	235	3	46	0:31:07
68040	2113	235	44	47	0:31:15
68041	2235	235	45	48	0:31:17
68042	1501	235	4	49	0:31:20
68043	1455	235	46	50	0:31:38
68044	1516	235	47	51	0:31:40
68045	2231	235	48	52	0:31:42
68046	1487	235	49	53	0:31:45
68047	1490	235	50	54	0:31:47
68048	1484	235	51	55	0:31:50
68049	2654	235	5	56	0:31:56
68050	1841	235	52	57	0:31:58
68051	2341	235	53	58	0:32:02
68052	1456	235	54	59	0:32:16
68053	1946	235	55	60	0:32:20
68054	2615	235	56	61	0:32:23
68055	1935	235	57	62	0:32:25
68056	1868	235	58	63	0:32:27
68057	1564	235	6	64	0:32:29
68058	2655	235	59	65	0:32:32
68059	2454	235	7	66	0:32:36
68060	1591	235	60	67	0:32:40
68061	2376	235	61	68	0:32:43
68062	1500	235	8	69	0:32:46
68063	1539	235	62	70	0:32:49
68064	1934	235	63	71	0:32:59
68065	2803	235	64	72	0:33:01
68066	2804	235	65	73	0:33:08
68067	2038	235	66	74	0:33:10
68068	1974	235	67	75	0:33:13
68069	1698	235	68	76	0:33:19
68070	1565	235	9	77	0:33:22
68071	1488	235	69	78	0:33:25
68072	1592	235	10	79	0:33:33
68073	1605	235	70	80	0:33:36
68074	1512	235	71	81	0:33:47
68075	1505	235	11	82	0:33:50
68076	1774	235	72	83	0:33:53
68077	2660	235	73	84	0:33:56
68078	1543	235	74	85	0:34:00
68079	2248	235	12	86	0:34:02
68080	2467	235	13	87	0:34:06
68081	1579	235	75	88	0:34:07
68082	2662	235	76	89	0:34:10
68083	2667	235	77	90	0:34:12
68084	2344	235	14	91	0:34:15
68085	1930	235	78	92	0:34:18
68086	1955	235	15	93	0:34:20
68087	2460	235	79	94	0:34:28
68088	2139	235	80	95	0:34:30
68089	2665	235	16	96	0:34:33
68090	1950	235	17	97	0:34:37
68091	2343	235	81	98	0:34:43
68092	1515	235	82	99	0:34:51
68093	1527	235	83	100	0:34:53
68094	2236	235	84	101	0:34:56
68095	1584	235	85	102	0:34:58
68096	2652	235	86	103	0:35:01
68097	2474	235	87	104	0:35:10
68098	1552	235	18	105	0:35:12
68099	1892	235	88	106	0:35:14
68100	1517	235	89	107	0:35:16
68101	1609	235	90	108	0:35:21
68102	1690	235	91	109	0:35:24
68103	1504	235	92	110	0:35:34
68104	1910	235	93	111	0:35:36
68105	1479	235	94	112	0:35:38
68106	2459	235	19	113	0:35:43
68107	2135	235	95	114	0:35:46
68108	1702	235	96	115	0:35:50
68109	1534	235	20	116	0:35:52
68110	2176	235	97	117	0:36:01
68111	1470	235	98	118	0:36:04
68112	1578	235	99	119	0:36:07
68113	1873	235	100	120	0:36:09
68114	1990	235	101	121	0:36:11
68115	1745	235	102	122	0:36:15
68116	1688	235	103	123	0:36:17
68117	2673	235	21	124	0:36:19
68118	1651	235	104	125	0:36:48
68119	2228	235	105	126	0:36:53
68120	1645	235	106	127	0:36:55
68121	1905	235	107	128	0:36:58
68122	1906	235	108	129	0:37:00
68123	1948	235	109	130	0:37:03
68124	1585	235	110	131	0:37:06
68125	2671	235	111	132	0:37:09
68126	1621	235	22	133	0:37:14
68127	1582	235	23	134	0:37:17
68128	2651	235	112	135	0:37:19
68129	1647	235	24	136	0:37:21
68130	2681	235	113	137	0:37:24
68131	2137	235	114	138	0:37:28
68132	1958	235	115	139	0:37:34
68133	2805	235	116	140	0:37:37
68134	2770	235	25	141	0:37:39
68135	1887	235	26	142	0:37:41
68136	1967	235	117	143	0:37:43
68137	2102	235	118	144	0:37:51
68138	2806	235	27	145	0:37:54
68139	2253	235	28	146	0:37:56
68140	2769	235	119	147	0:37:58
68141	1956	235	120	148	0:38:00
68142	1628	235	121	149	0:38:03
68143	2368	235	29	150	0:38:05
68144	1680	235	30	151	0:38:07
68145	2687	235	31	152	0:38:08
68146	2578	235	122	153	0:38:09
68147	2683	235	123	154	0:38:13
68148	2690	235	124	155	0:38:16
68149	2670	235	125	156	0:38:18
68150	2807	235	126	157	0:38:20
68151	1569	235	127	158	0:38:22
68152	1562	235	128	159	0:38:25
68153	1636	235	129	160	0:38:28
68154	1716	235	130	161	0:38:33
68155	2103	235	131	162	0:38:35
68156	2383	235	132	163	0:38:46
68157	2165	235	32	164	0:38:50
68158	1661	235	33	165	0:38:52
68159	2264	235	34	166	0:38:54
68160	2726	235	35	167	0:38:56
68161	2387	235	36	168	0:38:59
68162	2718	235	37	169	0:39:05
68163	2371	235	133	170	0:39:25
68164	1679	235	38	171	0:39:29
68165	2281	235	39	172	0:39:31
68166	1969	235	40	173	0:39:35
68167	2485	235	41	174	0:39:37
68168	1519	235	134	175	0:39:40
68169	1692	235	42	176	0:39:42
68170	1737	235	43	177	0:39:45
68171	1637	235	135	178	0:39:47
68172	1657	235	136	179	0:39:49
68173	1650	235	137	180	0:39:51
68174	1700	235	138	181	0:39:53
68175	1957	235	139	182	0:39:57
68176	2486	235	140	183	0:39:59
68177	1725	235	44	184	0:40:00
68178	2141	235	45	185	0:40:02
68179	2423	235	46	186	0:40:04
68180	3124	235	141	187	0:40:08
68181	2059	235	142	188	0:40:12
68182	2721	235	47	189	0:40:14
68183	2808	235	48	190	0:40:18
68184	1991	235	49	191	0:40:22
68185	1922	235	143	192	0:40:32
68186	1574	235	144	193	0:40:34
68187	1664	235	50	194	0:40:42
68188	2117	235	145	195	0:40:45
68189	1976	235	51	196	0:40:50
68190	2703	235	52	197	0:40:51
68191	1713	235	146	198	0:40:54
68192	2500	235	147	199	0:40:57
68193	1940	235	148	200	0:41:04
68194	1743	235	149	201	0:41:13
68195	2494	235	53	202	0:41:16
68196	2506	235	54	203	0:41:18
68197	1697	235	55	204	0:41:21
68198	1717	235	56	205	0:41:24
68199	1460	235	150	206	0:41:26
68200	1733	235	151	207	0:41:28
68201	1744	235	152	208	0:41:32
68202	2704	235	57	209	0:41:38
68203	2181	235	153	210	0:41:43
68204	2700	235	154	211	0:41:52
68205	2068	235	155	212	0:41:59
68206	2404	235	58	213	0:42:10
68207	2686	235	156	214	0:42:23
68208	2702	235	157	215	0:42:27
68209	1997	235	59	216	0:42:38
68210	1671	235	60	217	0:42:41
68211	1699	235	158	218	0:42:44
68212	1909	235	61	219	0:42:46
68213	1705	235	62	220	0:42:53
68214	2711	235	63	221	0:43:05
68215	2747	235	64	222	0:43:09
68216	2781	235	65	223	0:43:11
68217	1773	235	159	224	0:43:14
68218	1784	235	160	225	0:43:23
68219	1785	235	66	226	0:43:33
68220	1787	235	67	227	0:43:39
68221	2778	235	161	228	0:43:51
68222	1643	235	68	229	0:44:03
68223	1754	235	162	230	0:44:17
68224	1781	235	163	231	0:44:20
68225	2779	235	69	232	0:44:26
68226	2058	235	70	233	0:44:33
68227	1896	235	71	234	0:44:36
68228	2727	235	72	235	0:44:39
68229	1722	235	73	236	0:45:13
68230	2809	235	74	237	0:45:21
68231	2415	235	75	238	0:45:33
68232	1917	235	164	239	0:45:35
68233	2590	235	76	240	0:45:38
68234	2007	235	77	241	0:45:44
68235	2414	235	78	242	0:45:50
68236	2525	235	79	243	0:46:00
68237	2524	235	80	244	0:46:02
68238	2786	235	81	245	0:46:08
68239	1829	235	165	246	0:46:15
68240	1899	235	166	247	0:46:17
68241	1751	235	82	248	0:46:19
68242	2810	235	83	249	0:46:22
68243	1728	235	84	250	0:46:24
68244	1807	235	167	251	0:46:29
68245	1811	235	168	252	0:46:32
68246	2698	235	169	253	0:46:46
68247	2300	235	85	254	0:47:14
68248	2714	235	86	255	0:47:20
68249	2393	235	170	256	0:47:27
68250	1813	235	87	257	0:47:38
68251	2413	235	171	258	0:47:40
68252	2518	235	88	259	0:47:45
68253	1703	235	172	260	0:47:50
68254	2811	235	89	261	0:47:52
68255	2812	235	90	262	0:48:12
68256	2813	235	173	263	0:48:14
68257	2426	235	174	264	0:48:40
68258	1822	235	91	265	0:48:59
68259	2186	235	92	266	0:49:14
68260	2737	235	175	267	0:50:17
68261	1980	235	93	268	0:50:41
68262	2503	235	176	269	0:50:44
68263	1797	235	177	270	0:51:26
68264	2814	235	94	271	0:51:44
68265	1656	235	95	272	0:51:46
68266	1805	235	96	273	0:51:49
68267	2735	235	178	274	0:51:51
68268	2079	235	97	275	0:52:02
68269	1836	235	179	276	0:52:19
68270	2738	235	98	277	0:54:53
68271	2440	235	99	278	0:56:36
68272	2010	235	100	279	0:57:05
68273	2515	235	180	280	0:57:08
68274	2743	235	181	281	0:58:02
68275	2011	235	101	282	1:04:07
68276	2204	235	182	283	1:10:53
68277	1459	236	1	1	0:31:09
68278	1442	236	2	2	0:31:15
68279	1925	236	3	3	0:32:27
68280	2815	236	4	4	0:32:36
68281	2014	236	5	5	0:32:39
68282	1463	236	6	6	0:33:12
68283	2205	236	1	7	0:33:25
68284	1511	236	7	8	0:33:27
68285	1438	236	8	9	0:33:33
68286	2750	236	9	10	0:33:41
68287	2753	236	10	11	0:33:43
68288	2755	236	2	12	0:33:54
68289	1854	236	11	13	0:33:56
68290	1440	236	12	14	0:33:58
68291	2017	236	3	15	0:34:01
68292	1521	236	13	16	0:34:05
68293	1444	236	14	17	0:34:16
68294	2816	236	15	18	0:34:21
68295	1466	236	16	19	0:34:27
68296	2110	236	17	20	0:34:29
68297	2452	236	18	21	0:34:29
68298	2757	236	19	22	0:34:36
68299	2641	236	20	23	0:34:38
68300	1486	236	21	24	0:34:53
68301	2644	236	22	25	0:35:06
68302	2446	236	23	26	0:35:09
68303	2643	236	24	27	0:35:24
68304	2331	236	25	28	0:35:36
68305	1446	236	26	29	0:35:44
68306	1453	236	27	30	0:35:47
68307	1473	236	28	31	0:35:49
68308	1855	236	29	32	0:35:54
68309	2612	236	30	33	0:36:00
68310	1471	236	31	34	0:36:05
68311	2647	236	32	35	0:36:07
68312	1863	236	33	36	0:36:16
68313	2443	236	34	37	0:36:24
68314	1487	236	35	38	0:36:29
68315	2754	236	36	39	0:36:31
68316	1470	236	37	40	0:36:33
68317	2235	236	38	41	0:36:40
68318	2656	236	4	42	0:36:42
68319	1503	236	39	43	0:37:32
68320	2654	236	5	44	0:37:37
68321	2113	236	40	45	0:37:41
68322	2651	236	41	46	0:37:44
68323	2469	236	42	47	0:37:46
68324	1604	236	43	48	0:37:55
68325	1504	236	44	49	0:37:59
68326	2231	236	45	50	0:38:01
68327	2342	236	46	51	0:38:08
68328	2802	236	47	52	0:38:12
68329	1698	236	48	53	0:38:14
68330	1512	236	49	54	0:38:19
68331	1868	236	50	55	0:38:22
68332	1490	236	51	56	0:38:23
68333	1565	236	6	57	0:38:25
68334	1500	236	7	58	0:38:26
68335	1946	236	52	59	0:38:28
68336	1841	236	53	60	0:38:34
68337	2762	236	54	61	0:38:39
68338	2376	236	55	62	0:38:43
68339	1549	236	56	63	0:38:47
68340	1488	236	57	64	0:38:50
68341	2038	236	58	65	0:38:56
68342	2660	236	59	66	0:38:58
68343	2454	236	8	67	0:39:02
68344	1591	236	60	68	0:39:11
68345	2467	236	9	69	0:39:14
68346	1592	236	10	70	0:39:16
68347	1469	236	61	71	0:39:17
68348	2655	236	62	72	0:39:24
68349	1950	236	11	73	0:39:26
68350	2228	236	63	74	0:39:29
68351	1484	236	64	75	0:39:31
68352	2245	236	12	76	0:39:32
68353	1593	236	65	77	0:39:37
68354	1626	236	66	78	0:39:48
68355	1774	236	67	79	0:40:01
68356	1505	236	13	80	0:40:07
68357	1579	236	68	81	0:40:09
68358	2236	236	69	82	0:40:11
68359	2139	236	70	83	0:40:21
68360	2350	236	71	84	0:40:23
68361	2652	236	72	85	0:40:26
68362	1974	236	73	86	0:40:27
68363	1611	236	74	87	0:40:37
68364	2344	236	14	88	0:40:43
68365	2658	236	75	89	0:40:48
68366	1510	236	76	90	0:40:55
68367	1873	236	77	91	0:40:57
68368	1657	236	78	92	0:40:59
68369	2817	236	79	93	0:41:15
68370	1456	236	80	94	0:41:16
68371	2460	236	81	95	0:41:21
68372	1910	236	82	96	0:41:23
68373	2665	236	15	97	0:41:26
68374	1552	236	16	98	0:41:28
68375	2248	236	17	99	0:41:31
68376	1517	236	83	100	0:41:39
68377	1570	236	84	101	0:41:44
68378	1990	236	85	102	0:41:50
68379	1892	236	86	103	0:41:52
68380	1887	236	18	104	0:41:54
68381	2763	236	19	105	0:41:58
68382	1502	236	87	106	0:42:02
68383	2667	236	88	107	0:42:03
68384	1580	236	89	108	0:42:05
68385	1636	236	90	109	0:42:08
68386	1620	236	91	110	0:42:12
68387	1578	236	92	111	0:42:14
68388	2474	236	93	112	0:42:20
68389	1585	236	94	113	0:42:21
68390	2806	236	20	114	0:42:36
68391	2663	236	95	115	0:42:37
68392	2673	236	21	116	0:42:41
68393	2253	236	22	117	0:42:57
68394	2135	236	96	118	0:43:00
68395	1582	236	23	119	0:43:22
68396	1541	236	24	120	0:43:43
68397	1958	236	97	121	0:43:46
68398	2677	236	98	122	0:43:56
68399	2176	236	99	123	0:43:57
68400	3124	236	100	124	0:43:59
68401	1621	236	25	125	0:44:00
68402	2619	236	26	126	0:44:01
68403	1688	236	101	127	0:44:03
68404	2671	236	102	128	0:44:04
68405	1645	236	103	129	0:44:08
68406	1953	236	104	130	0:44:14
68407	1569	236	105	131	0:44:27
68408	1702	236	106	132	0:44:31
68409	1745	236	107	133	0:44:40
68410	2770	236	27	134	0:45:00
68411	2818	236	28	135	0:45:01
68412	1680	236	29	136	0:45:01
68413	1637	236	108	137	0:45:11
68414	1957	236	109	138	0:45:15
68415	1948	236	110	139	0:45:17
68416	1718	236	111	140	0:45:20
68417	1900	236	30	141	0:45:23
68418	2578	236	112	142	0:45:23
68419	2264	236	31	143	0:45:30
68420	1661	236	32	144	0:45:33
68421	2371	236	113	145	0:45:44
68422	1692	236	33	146	0:45:51
68423	1648	236	114	147	0:45:54
68424	2485	236	34	148	0:45:55
68425	1650	236	115	149	0:45:58
68426	2659	236	116	150	0:46:01
68427	2486	236	117	151	0:46:03
68428	2141	236	35	152	0:46:04
68429	1909	236	36	153	0:46:07
68430	1641	236	37	154	0:46:10
68431	2481	236	118	155	0:46:22
68432	1652	236	38	156	0:46:34
68433	1956	236	119	157	0:46:43
68434	1699	236	120	158	0:46:53
68435	2281	236	39	159	0:47:12
68436	2383	236	121	160	0:47:16
68437	1574	236	122	161	0:47:18
68438	1969	236	40	162	0:47:23
68439	1519	236	123	163	0:47:27
68440	2102	236	124	164	0:47:39
68441	2516	236	41	165	0:47:40
68442	1656	236	42	166	0:47:43
68443	3034	236	43	167	0:47:50
68444	2721	236	44	168	0:47:55
68445	1643	236	45	169	0:47:59
68446	1997	236	46	170	0:48:01
68447	2503	236	125	171	0:48:05
68448	2626	236	47	172	0:48:09
68449	2506	236	48	173	0:48:19
68450	1773	236	126	174	0:48:25
68451	2819	236	49	175	0:48:30
68452	1996	236	127	176	0:48:32
68453	1754	236	128	177	0:48:34
68454	2507	236	50	178	0:48:37
68455	1733	236	129	179	0:48:40
68456	2697	236	130	180	0:48:42
68457	1940	236	131	181	0:48:45
68458	2362	236	51	182	0:48:48
68459	1705	236	52	183	0:48:53
68460	2747	236	53	184	0:48:57
68461	1922	236	132	185	0:48:58
68462	2388	236	133	186	0:49:05
68463	1755	236	54	187	0:49:07
68464	1976	236	55	188	0:49:09
68465	2820	236	134	189	0:49:12
68466	2711	236	56	190	0:49:14
68467	2494	236	57	191	0:49:15
68468	2068	236	135	192	0:49:28
68469	1744	236	136	193	0:49:52
68470	1982	236	58	194	0:49:59
68471	1664	236	59	195	0:50:00
68472	1842	236	137	196	0:50:05
68473	2404	236	60	197	0:50:10
68474	1671	236	61	198	0:50:20
68475	2702	236	138	199	0:50:22
68476	2382	236	139	200	0:50:29
68477	1980	236	62	201	0:50:39
68478	2706	236	63	202	0:50:41
68479	1743	236	140	203	0:50:43
68480	2780	236	141	204	0:50:50
68481	2700	236	142	205	0:50:51
68482	2288	236	64	206	0:51:01
68483	1781	236	143	207	0:51:06
68484	1920	236	65	208	0:51:07
68485	2727	236	66	209	0:51:11
68486	2710	236	67	210	0:51:25
68487	1787	236	68	211	0:51:43
68488	1683	236	144	212	0:51:44
68489	1697	236	69	213	0:51:47
68490	1784	236	145	214	0:51:53
68491	2162	236	70	215	0:52:13
68492	1829	236	146	216	0:52:17
68493	2415	236	71	217	0:52:20
68494	1983	236	72	218	0:52:31
68495	1666	236	73	219	0:52:33
68496	1998	236	74	220	0:52:42
68497	2058	236	75	221	0:52:44
68498	1707	236	76	222	0:52:46
68499	2590	236	77	223	0:52:47
68500	1728	236	78	224	0:53:04
68501	1732	236	79	225	0:53:17
68502	1917	236	147	226	0:53:19
68503	2368	236	80	227	0:53:21
68504	2726	236	81	228	0:53:23
68505	2786	236	82	229	0:53:38
68506	2414	236	83	230	0:53:43
68507	1811	236	148	231	0:53:45
68508	2810	236	84	232	0:53:55
68509	1807	236	149	233	0:53:57
68510	2813	236	150	234	0:54:31
68511	2812	236	85	235	0:54:32
68512	1751	236	86	236	0:54:43
68513	2554	236	151	237	0:54:58
68514	1845	236	87	238	0:55:12
68515	2811	236	88	239	0:55:23
68516	1836	236	152	240	0:55:25
68517	1797	236	153	241	0:56:00
68518	2781	236	89	242	0:56:09
68519	1785	236	90	243	0:56:36
68520	2177	236	91	244	0:56:37
68521	2737	236	154	245	0:57:07
68522	2440	236	92	246	0:57:25
68523	2300	236	93	247	0:57:54
68524	2186	236	94	248	1:00:07
68525	2393	236	155	249	1:00:08
68526	1805	236	95	250	1:00:15
68527	2735	236	156	251	1:00:18
68528	2079	236	96	252	1:00:26
68529	2010	236	97	253	1:00:27
68530	1822	236	98	254	1:01:08
68531	2080	236	99	255	1:03:26
68532	2795	236	100	256	1:05:50
68533	2729	236	101	257	1:06:47
68534	2534	236	102	258	1:07:20
68535	2011	236	103	259	1:08:40
68536	1813	236	104	260	1:09:26
68537	1991	236	105	261	1:09:27
68538	2821	236	106	262	1:09:28
68539	2426	236	157	263	1:12:58
68540	1847	236	107	264	1:25:52
68541	2822	237	1	1	0:44:10
68542	2596	237	2	2	0:45:14
68543	1434	237	3	3	0:45:44
68544	2823	237	4	4	0:47:51
68545	1459	237	5	5	0:49:36
68546	1444	237	6	6	0:50:25
68547	1441	237	7	7	0:50:51
68548	2824	237	8	8	0:51:27
68549	2825	237	9	9	0:51:33
68550	2826	237	10	10	0:51:34
68551	2452	237	11	11	0:51:38
68552	2205	237	1	12	0:51:42
68553	1440	237	12	13	0:52:03
68554	1463	237	13	14	0:52:27
68555	1439	237	14	15	0:52:28
68556	1437	237	15	16	0:52:28
68557	1521	237	16	17	0:52:45
68558	2017	237	2	18	0:52:53
68559	2755	237	3	19	0:52:56
68560	2827	237	17	20	0:53:01
68561	1486	237	18	21	0:53:03
68562	2329	237	19	22	0:53:20
68563	1855	237	20	23	0:53:37
68564	1466	237	21	24	0:54:06
68565	2468	237	22	25	0:54:13
68566	1854	237	23	26	0:54:22
68567	1470	237	24	27	0:54:24
68568	2750	237	25	28	0:54:34
68569	2110	237	26	29	0:54:36
68570	2753	237	27	30	0:54:38
68571	2446	237	28	31	0:55:08
68572	1446	237	29	32	0:55:09
68573	2331	237	30	33	0:55:10
68574	1862	237	31	34	0:55:11
68575	1471	237	32	35	0:55:35
68576	1453	237	33	36	0:55:42
68577	1511	237	34	37	0:56:21
68578	1467	237	35	38	0:56:21
68579	2828	237	4	39	0:56:43
68580	1452	237	36	40	0:57:05
68581	1502	237	37	41	0:57:12
68582	1581	237	38	42	0:57:22
68583	2443	237	39	43	0:57:33
68584	2654	237	5	44	0:57:37
68585	2113	237	40	45	0:57:45
68586	1503	237	41	46	0:58:01
68587	2235	237	42	47	0:58:10
68588	2651	237	43	48	0:58:11
68589	1490	237	44	49	0:58:12
68590	2342	237	45	50	0:58:28
68591	1863	237	46	51	0:58:30
68592	1456	237	47	52	0:58:38
68593	2760	237	48	53	0:58:40
68594	1478	237	49	54	0:58:50
68595	1928	237	50	55	0:58:56
68596	2469	237	51	56	0:58:57
68597	1698	237	52	57	0:58:59
68598	1516	237	53	58	0:59:01
68599	1565	237	6	59	0:59:05
68600	2615	237	54	60	0:59:06
68601	1564	237	7	61	0:59:07
68602	1539	237	55	62	0:59:09
68603	1636	237	56	63	0:59:13
68604	1841	237	57	64	0:59:17
68605	1935	237	58	65	0:59:19
68606	2650	237	59	66	0:59:23
68607	2829	237	60	67	0:59:24
68608	1549	237	61	68	0:59:34
68609	1504	237	62	69	0:59:42
68610	2325	237	63	70	0:59:52
68611	1865	237	64	71	1:00:02
68612	2655	237	65	72	1:00:14
68613	2662	237	66	73	1:00:23
68614	2652	237	67	74	1:00:28
68615	1487	237	68	75	1:00:39
68616	1559	237	69	76	1:00:40
68617	1604	237	70	77	1:00:41
68618	1945	237	71	78	1:00:48
68619	1946	237	72	79	1:00:49
68620	1930	237	73	80	1:00:52
68621	1484	237	74	81	1:00:57
68622	1591	237	75	82	1:01:04
68623	1774	237	76	83	1:01:06
68624	1868	237	77	84	1:01:17
68625	1592	237	8	85	1:01:20
68626	1500	237	9	86	1:01:34
68627	1626	237	78	87	1:01:47
68628	2830	237	79	88	1:02:02
68629	1955	237	10	89	1:02:04
68630	2656	237	11	90	1:02:17
68631	2759	237	80	91	1:02:18
68632	1510	237	81	92	1:02:23
68633	2038	237	82	93	1:02:27
68634	2831	237	83	94	1:02:35
68635	2231	237	84	95	1:02:40
68636	2660	237	85	96	1:02:50
68637	1488	237	86	97	1:02:53
68638	1605	237	87	98	1:03:07
68639	2832	237	12	99	1:03:13
68640	2467	237	13	100	1:03:14
68641	2460	237	88	101	1:03:28
68642	2833	237	89	102	1:03:47
68643	1611	237	90	103	1:03:56
68644	1561	237	14	104	1:03:57
68645	1950	237	15	105	1:04:00
68646	1543	237	91	106	1:04:06
68647	2667	237	92	107	1:04:17
68648	2659	237	93	108	1:04:27
68649	1892	237	94	109	1:04:33
68650	2663	237	95	110	1:04:54
68651	2139	237	96	111	1:04:58
68652	2253	237	16	112	1:05:01
68653	2248	237	17	113	1:05:08
68654	1584	237	97	114	1:05:16
68655	1690	237	98	115	1:05:33
68656	2135	237	99	116	1:05:58
68657	2806	237	18	117	1:06:01
68658	1885	237	100	118	1:06:10
68659	1570	237	101	119	1:06:14
68660	1512	237	102	120	1:06:17
68661	1609	237	103	121	1:06:24
68662	2474	237	104	122	1:06:33
68663	2671	237	105	123	1:06:43
68664	2670	237	106	124	1:06:48
68665	1647	237	19	125	1:06:50
68666	1910	237	107	126	1:06:59
68667	1534	237	20	127	1:07:09
68668	1552	237	21	128	1:07:13
68669	1645	237	108	129	1:07:33
68670	1578	237	109	130	1:07:35
68671	1688	237	110	131	1:07:44
68672	1887	237	22	132	1:07:45
68673	1589	237	111	133	1:07:46
68674	1652	237	23	134	1:07:49
68675	1900	237	24	135	1:07:57
68676	2578	237	112	136	1:07:58
68677	1745	237	113	137	1:08:08
68678	2808	237	25	138	1:08:12
68679	1649	237	26	139	1:08:13
68680	2677	237	114	140	1:08:23
68681	1582	237	27	141	1:08:26
68682	1480	237	115	142	1:08:31
68683	1895	237	116	143	1:08:32
68684	2834	237	117	144	1:09:05
68685	1716	237	118	145	1:09:09
68686	1530	237	119	146	1:09:12
68687	1718	237	120	147	1:09:21
68688	2137	237	121	148	1:09:23
68689	1958	237	122	149	1:09:26
68690	2770	237	28	150	1:09:28
68691	1702	237	123	151	1:09:29
68692	1648	237	124	152	1:09:37
68693	2726	237	29	153	1:09:40
68694	1664	237	30	154	1:09:43
68695	2706	237	31	155	1:10:29
68696	2773	237	32	156	1:10:44
68697	1661	237	33	157	1:10:51
68698	1737	237	34	158	1:10:55
68699	1562	237	125	159	1:11:06
68700	2228	237	126	160	1:11:13
68701	2683	237	127	161	1:11:20
68702	2102	237	128	162	1:11:21
68703	2368	237	35	163	1:11:23
68704	1707	237	36	164	1:11:31
68705	1574	237	129	165	1:11:34
68706	1665	237	130	166	1:11:39
68707	2835	237	131	167	1:11:41
68708	1654	237	37	168	1:11:48
68709	1906	237	132	169	1:11:52
68710	1909	237	38	170	1:12:07
68711	2769	237	133	171	1:12:08
68712	2264	237	39	172	1:12:09
68713	1569	237	134	173	1:12:12
68714	2383	237	135	174	1:12:14
68715	1656	237	40	175	1:12:34
68716	2371	237	136	176	1:12:46
68717	1967	237	137	177	1:12:48
68718	1969	237	41	178	1:12:54
68719	1620	237	138	179	1:13:04
68720	1679	237	42	180	1:13:05
68721	2486	237	139	181	1:13:06
68722	1922	237	140	182	1:13:14
68723	1650	237	141	183	1:13:39
68724	1641	237	43	184	1:13:47
68725	2699	237	44	185	1:13:55
68726	2626	237	45	186	1:13:57
68727	1683	237	142	187	1:14:01
68728	1957	237	143	188	1:14:23
68729	2387	237	46	189	1:14:27
68730	1692	237	47	190	1:14:29
68731	1948	237	144	191	1:14:35
68732	2718	237	48	192	1:14:44
68733	2423	237	49	193	1:14:51
68734	2836	237	50	194	1:14:54
68735	2561	237	145	195	1:15:01
68736	1991	237	51	196	1:15:07
68737	2485	237	52	197	1:15:43
68738	1697	237	53	198	1:15:45
68739	2188	237	54	199	1:15:46
68740	1713	237	146	200	1:15:51
68741	1705	237	55	201	1:16:11
68742	2837	237	147	202	1:16:12
68743	2766	237	148	203	1:16:42
68744	2494	237	56	204	1:16:53
68745	2068	237	149	205	1:16:55
68746	2697	237	150	206	1:17:00
68747	2506	237	57	207	1:17:08
68748	1660	237	151	208	1:17:10
68749	1783	237	152	209	1:17:19
68750	1657	237	153	210	1:17:33
68751	2236	237	154	211	1:17:34
68752	1699	237	155	212	1:17:35
68753	2141	237	58	213	1:17:37
68754	2838	237	59	214	1:17:40
68755	2170	237	156	215	1:17:42
68756	1979	237	60	216	1:17:45
68757	1717	237	61	217	1:17:46
68758	2746	237	62	218	1:18:03
68759	2404	237	63	219	1:18:13
68760	1733	237	157	220	1:18:40
68761	1976	237	64	221	1:19:02
68762	2388	237	158	222	1:19:08
68763	2507	237	65	223	1:19:11
68764	1982	237	66	224	1:19:12
68765	1755	237	67	225	1:19:17
68766	1666	237	68	226	1:19:29
68767	1784	237	159	227	1:20:26
68768	1842	237	160	228	1:20:38
68769	1744	237	161	229	1:20:39
68770	2709	237	69	230	1:20:58
68771	2780	237	162	231	1:21:01
68772	2700	237	163	232	1:21:29
68773	1615	237	70	233	1:21:33
68774	2414	237	71	234	1:21:35
68775	1829	237	164	235	1:21:37
68776	2786	237	72	236	1:21:39
68777	2839	237	73	237	1:21:47
68778	1787	237	74	238	1:22:19
68779	1722	237	75	239	1:22:39
68780	2809	237	76	240	1:22:51
68781	2781	237	77	241	1:22:51
68782	2590	237	78	242	1:22:58
68783	2007	237	79	243	1:23:36
68784	2554	237	165	244	1:23:51
68785	2518	237	80	245	1:24:18
68786	1998	237	81	246	1:24:36
68787	2525	237	82	247	1:24:43
68788	2524	237	83	248	1:24:43
68789	1846	237	84	249	1:24:45
68790	2187	237	166	250	1:24:55
68791	2714	237	85	251	1:25:12
68792	1781	237	167	252	1:25:26
68793	1732	237	86	253	1:25:32
68794	2415	237	87	254	1:25:40
68795	1751	237	88	255	1:26:13
68796	1811	237	168	256	1:27:48
68797	1742	237	169	257	1:28:08
68798	2437	237	170	258	1:28:20
68799	1822	237	89	259	1:29:12
68800	1807	237	171	260	1:32:23
68801	2737	237	172	261	1:34:13
68802	2795	237	90	262	1:36:18
68803	1836	237	173	263	1:36:44
68804	1817	237	91	264	1:39:57
68805	1845	237	92	265	1:39:59
68806	2811	237	93	266	1:41:11
68807	2290	237	94	267	1:44:51
68808	2540	237	95	268	1:45:56
68809	1797	237	174	269	1:45:57
68810	1459	238	1	1	0:36:24
68811	1442	238	2	2	0:37:19
68812	1444	238	3	3	0:38:47
68813	1437	238	4	4	0:38:50
68814	2014	238	5	5	0:39:02
68815	2752	238	6	6	0:39:08
68816	1463	238	7	7	0:39:10
68817	1925	238	8	8	0:39:28
68818	1441	238	9	9	0:39:41
68819	2017	238	1	10	0:39:50
68820	2840	238	10	11	0:39:52
68821	2650	238	11	12	0:39:55
68822	1451	238	12	13	0:40:00
68823	1440	238	13	14	0:40:12
68824	2641	238	14	15	0:40:24
68825	2754	238	15	16	0:40:27
68826	1521	238	16	17	0:40:29
68827	2120	238	17	18	0:40:37
68828	2329	238	18	19	0:40:43
68829	2647	238	19	20	0:40:48
68830	2643	238	20	21	0:40:56
68831	1486	238	21	22	0:41:02
68832	2645	238	22	23	0:41:05
68833	2452	238	23	24	0:41:15
68834	1438	238	24	25	0:41:18
68835	2205	238	2	26	0:41:23
68836	2750	238	25	27	0:41:26
68837	1854	238	26	28	0:41:29
68838	2542	238	27	29	0:41:44
68839	1511	238	28	30	0:41:46
68840	1455	238	29	31	0:41:50
68841	2646	238	30	32	0:41:52
68842	2446	238	31	33	0:42:13
68843	1446	238	32	34	0:42:15
68844	1467	238	33	35	0:42:25
68845	1466	238	34	36	0:42:35
68846	2644	238	35	37	0:42:38
68847	2755	238	3	38	0:42:48
68848	1855	238	36	39	0:43:00
68849	2331	238	37	40	0:43:03
68850	1471	238	38	41	0:43:22
68851	1456	238	39	42	0:43:56
68852	2759	238	40	43	0:44:12
68853	1473	238	41	44	0:44:30
68854	2654	238	4	45	0:44:40
68855	1453	238	42	46	0:44:42
68856	1862	238	43	47	0:44:46
68857	1452	238	44	48	0:44:53
68858	1502	238	45	49	0:44:55
68859	2757	238	46	50	0:44:57
68860	2325	238	47	51	0:45:02
68861	2828	238	5	52	0:45:14
68862	3261	238	48	53	0:45:17
68863	2235	238	49	54	0:45:19
68864	2113	238	50	55	0:45:21
68865	2443	238	51	56	0:45:26
68866	1581	238	52	57	0:45:33
68867	2469	238	53	58	0:45:37
68868	1935	238	54	59	0:45:41
68869	1636	238	55	60	0:45:47
68870	2615	238	56	61	0:45:48
68871	1515	238	57	62	0:45:53
68872	1698	238	58	63	0:45:58
68873	1501	238	6	64	0:46:02
68874	1503	238	59	65	0:46:11
68875	1604	238	60	66	0:46:14
68876	1841	238	61	67	0:46:15
68877	1591	238	62	68	0:46:23
68878	2342	238	63	69	0:46:26
68879	1564	238	7	70	0:46:31
68880	2376	238	64	71	0:46:35
68881	2841	238	8	72	0:46:41
68882	1946	238	65	73	0:46:51
68883	1593	238	66	74	0:46:58
68884	1484	238	67	75	0:47:14
68885	1565	238	9	76	0:47:21
68886	2228	238	68	77	0:47:21
68887	1516	238	69	78	0:47:25
68888	2337	238	70	79	0:47:34
68889	2842	238	71	80	0:47:37
68890	1592	238	10	81	0:47:41
68891	2612	238	72	82	0:47:46
68892	2095	238	11	83	0:47:48
68893	1595	238	12	84	0:47:56
68894	1774	238	73	85	0:48:00
68895	1510	238	74	86	0:48:03
68896	2343	238	75	87	0:48:09
68897	2651	238	76	88	0:48:09
68898	1974	238	77	89	0:48:14
68899	2248	238	13	90	0:48:21
68900	2038	238	78	91	0:48:23
68901	2660	238	79	92	0:48:25
68902	1955	238	14	93	0:48:26
68903	2843	238	80	94	0:48:31
68904	2655	238	81	95	0:48:31
68905	1488	238	82	96	0:48:38
68906	2139	238	83	97	0:48:41
68907	2762	238	84	98	0:48:44
68908	1611	238	85	99	0:48:55
68909	2665	238	15	100	0:48:55
68910	1934	238	86	101	0:49:01
68911	1579	238	87	102	0:49:03
68912	2476	238	88	103	0:49:10
68913	2833	238	89	104	0:49:25
68914	2341	238	90	105	0:49:27
68915	1500	238	16	106	0:49:35
68916	2742	238	91	107	0:49:41
68917	2652	238	92	108	0:49:45
68918	1910	238	93	109	0:49:48
68919	1657	238	94	110	0:49:50
68920	2659	238	95	111	0:49:53
68921	1505	238	17	112	0:49:58
68922	2460	238	96	113	0:50:24
68923	2236	238	97	114	0:50:30
68924	2670	238	98	115	0:50:34
68925	2620	238	99	116	0:50:46
68926	1715	238	18	117	0:50:49
68927	2674	238	100	118	0:50:55
68928	1690	238	101	119	0:51:03
68929	2767	238	19	120	0:51:05
68930	2135	238	102	121	0:51:12
68931	2667	238	103	122	0:51:19
68932	2680	238	20	123	0:51:25
68933	2474	238	104	124	0:51:27
68934	1702	238	105	125	0:51:31
68935	1552	238	21	126	0:51:36
68936	2344	238	22	127	0:51:46
68937	1640	238	106	128	0:51:59
68938	1543	238	107	129	0:52:07
68939	2463	238	108	130	0:52:15
68940	2844	238	109	131	0:52:16
68941	1534	238	23	132	0:52:30
68942	2253	238	24	133	0:52:32
68943	2726	238	25	134	0:52:37
68944	2678	238	110	135	0:52:40
68945	1609	238	111	136	0:52:56
68946	1892	238	112	137	0:52:57
68947	2689	238	26	138	0:52:59
68948	1652	238	27	139	0:53:01
68949	1664	238	28	140	0:53:03
68950	1541	238	29	141	0:53:05
68951	1647	238	30	142	0:53:10
68952	2671	238	113	143	0:53:13
68953	2687	238	31	144	0:53:16
68954	3124	238	114	145	0:53:19
68955	1887	238	32	146	0:53:39
68956	2769	238	115	147	0:53:42
68957	1718	238	116	148	0:53:43
68958	1477	238	33	149	0:53:50
68959	2677	238	117	150	0:53:53
68960	1517	238	118	151	0:53:55
68961	1469	238	119	152	0:53:56
68962	1585	238	120	153	0:53:59
68963	1688	238	121	154	0:54:04
68964	1578	238	123	156	0:54:16
68965	1582	238	34	157	0:54:21
68966	2845	238	35	158	0:54:22
68967	1569	238	124	159	0:54:30
68968	2681	238	125	160	0:54:36
68969	1621	238	36	161	0:54:36
68970	2846	238	126	162	0:54:38
68971	1648	238	127	163	0:54:39
68972	1562	238	128	164	0:54:43
68973	1637	238	129	165	0:54:46
68974	2776	238	130	166	0:54:58
68975	1645	238	131	167	0:55:08
68976	1909	238	37	168	0:55:09
68977	1656	238	38	169	0:55:11
68978	2847	238	39	170	0:55:14
68979	2770	238	40	171	0:55:15
68980	1954	238	132	172	0:55:23
68981	1906	238	133	173	0:55:29
68982	1957	238	134	174	0:55:32
68983	1661	238	41	175	0:55:35
68984	2169	238	135	176	0:55:37
68985	3034	238	42	177	0:55:38
68986	2773	238	43	178	0:55:47
68987	2673	238	44	179	0:55:57
68988	2813	238	136	180	0:56:00
68989	2848	238	45	181	0:56:07
68990	2626	238	46	182	0:56:09
68991	1692	238	47	183	0:56:14
68992	1650	238	137	184	0:56:17
68993	2703	238	48	185	0:56:17
68994	1969	238	49	186	0:56:27
68995	1654	238	50	187	0:56:32
68996	2693	238	138	188	0:56:46
68997	1725	238	51	189	0:56:48
68998	2165	238	52	190	0:56:50
68999	1991	238	53	191	0:56:51
69000	2486	238	139	192	0:56:52
69001	1683	238	140	193	0:56:54
69002	2264	238	54	194	0:56:54
69003	1737	238	55	195	0:57:10
69004	2011	238	56	196	0:57:15
69005	1899	238	141	197	0:57:15
69006	1624	238	57	198	0:57:21
69007	2786	238	58	199	0:57:24
69008	2849	238	142	200	0:57:27
69009	2850	238	143	201	0:57:36
69010	2368	238	59	202	0:57:38
69011	2481	238	144	203	0:57:52
69012	1716	238	145	204	0:57:53
69013	1615	238	60	205	0:57:57
69014	1783	238	146	206	0:58:02
69015	2170	238	147	207	0:58:05
69016	1691	238	61	208	0:58:13
69017	1713	238	148	209	0:58:14
69018	1574	238	149	210	0:58:19
69019	1754	238	150	211	0:58:20
69020	1953	238	151	212	0:58:41
69021	1773	238	152	213	0:58:47
69022	2144	238	62	214	0:58:53
69023	2068	238	153	215	0:58:54
69024	2503	238	154	216	0:59:00
69025	1680	238	63	217	0:59:01
69026	1643	238	64	218	0:59:24
69027	1996	238	155	219	0:59:34
69028	2302	238	65	220	0:59:36
69029	2404	238	66	221	0:59:37
69030	2281	238	67	222	0:59:45
69031	2746	238	68	223	0:59:47
69032	1717	238	69	224	0:59:48
69033	2506	238	70	225	0:59:50
69034	1705	238	71	226	1:00:01
69035	2494	238	72	227	1:00:10
69036	1979	238	73	228	1:00:13
69037	1940	238	156	229	1:00:23
69038	1742	238	157	230	1:00:47
69039	1781	238	158	231	1:00:52
69040	1744	238	159	232	1:00:57
69041	1722	238	74	233	1:00:59
69042	1699	238	160	234	1:01:04
69043	2851	238	75	235	1:01:15
69044	2706	238	76	236	1:01:17
69045	2388	238	162	238	1:01:40
69046	2836	238	77	239	1:01:42
69047	1922	238	163	240	1:01:45
69048	1760	238	165	242	1:02:06
69049	1707	238	78	243	1:02:19
69050	1666	238	79	244	1:02:35
69051	2700	238	166	245	1:02:37
69052	1743	238	167	246	1:02:58
69053	1998	238	80	247	1:03:13
69054	2780	238	168	248	1:03:17
69055	2781	238	81	249	1:03:18
69056	2691	238	169	250	1:03:19
69057	1480	238	170	251	1:03:21
69058	2783	238	82	252	1:03:25
69059	2721	238	83	253	1:03:43
69060	1784	238	171	254	1:03:49
69061	2586	238	84	255	1:03:58
69062	1829	238	172	256	1:04:01
69063	2382	238	173	257	1:04:08
69064	1980	238	85	258	1:04:12
69065	2852	238	174	259	1:05:07
69066	1646	238	86	260	1:05:19
69067	2787	238	87	261	1:05:43
69068	1732	238	88	262	1:05:44
69069	2717	238	175	263	1:05:56
69070	2713	238	176	264	1:05:59
69071	2525	238	89	265	1:06:05
69072	2812	238	90	266	1:06:14
69073	1787	238	91	267	1:06:18
69074	1751	238	92	268	1:06:30
69075	2408	238	93	269	1:06:35
69076	2727	238	94	270	1:06:54
69077	1842	238	177	271	1:06:59
69078	2058	238	95	272	1:07:00
69079	1788	238	178	273	1:07:04
69080	1845	238	96	274	1:07:31
69081	1797	238	179	275	1:08:16
69082	1793	238	180	276	1:08:53
69083	1811	238	181	277	1:09:02
69084	2854	238	97	278	1:09:14
69085	1917	238	182	279	1:11:35
69086	2518	238	98	280	1:11:52
69087	1822	238	99	281	1:11:54
69088	2426	238	183	282	1:12:49
69089	1813	238	100	283	1:13:48
69090	2079	238	101	285	1:14:45
69091	2534	238	102	286	1:14:47
69092	1948	238	185	287	1:14:58
69093	2737	238	186	288	1:15:23
69094	2414	238	103	289	1:17:01
69095	2855	238	104	290	1:17:07
69096	2080	238	105	291	1:17:33
69097	2177	238	106	292	1:17:48
69098	2743	238	187	293	1:23:08
69099	2748	238	107	294	1:25:16
69100	2089	238	188	295	1:28:40
69101	1434	239	1	1	17:27
69102	1433	239	2	2	17:38
69103	1977	239	1	3	18:06
69104	1436	239	3	4	18:19
69105	1437	239	4	5	18:31
69106	1441	239	5	6	18:58
69107	1438	239	6	7	19:00
69108	1459	239	7	8	19:01
69109	1511	239	8	9	19:03
69110	1443	239	9	10	19:08
69111	1463	239	10	11	19:13
69112	1440	239	11	12	19:14
69113	1455	239	12	13	19:18
69114	2325	239	13	14	19:20
69115	2326	239	14	15	19:35
69116	1453	239	15	16	19:48
69117	1461	239	16	17	19:51
69118	1467	239	17	18	19:56
69119	2327	239	18	19	20:00
69120	2328	239	2	20	20:06
69121	1482	239	19	21	20:07
69122	1447	239	20	22	20:13
69123	2329	239	21	23	20:14
69124	1458	239	22	24	20:16
69125	2330	239	23	25	20:17
69126	1854	239	24	26	20:19
69127	1450	239	25	27	20:20
69128	2331	239	26	28	20:36
69129	2332	239	27	29	20:40
69130	2120	239	28	30	20:42
69131	1473	239	29	31	20:49
69132	2017	239	3	32	20:51
69133	1581	239	30	33	20:57
69134	1460	239	31	34	20:57
69135	2333	239	32	35	20:57
69136	1466	239	33	36	20:59
69137	2334	239	34	37	21:02
69138	1497	239	35	38	21:03
69139	1629	239	36	39	21:06
69140	2335	239	37	40	21:09
69141	1481	239	38	41	21:09
69142	1521	239	39	42	21:10
69143	2336	239	40	43	21:11
69144	2156	239	41	44	21:22
69145	1502	239	42	45	21:25
69146	1490	239	43	46	21:31
69147	2110	239	44	47	21:32
69148	2090	239	45	48	21:37
69149	1869	239	46	49	50
69150	2337	239	47	50	21:47
69151	1505	239	4	51	21:49
69152	2338	239	48	52	21:49
69153	1512	239	49	53	21:50
69154	1544	239	50	54	21:51
69155	1487	239	51	55	21:56
69156	1515	239	52	56	22:00
69157	2113	239	53	57	22:05
69158	2339	239	54	58	22:08
69159	1488	239	55	59	22:08
69160	1636	239	56	60	22:10
69161	1880	239	57	61	22:16
69162	2160	239	58	62	22:18
69163	2231	239	59	63	22:22
69164	2340	239	60	64	22:33
69165	2341	239	61	65	22:36
69166	2157	239	62	66	22:38
69167	1517	239	63	67	22:40
69168	1469	239	64	68	22:42
69169	1470	239	65	69	22:43
69170	2235	239	66	70	22:44
69171	2026	239	5	71	22:46
69172	1872	239	67	72	22:46
69173	1503	239	68	73	22:49
69174	1504	239	69	74	22:50
69175	1604	239	70	75	22:51
69176	1500	239	6	76	22:53
69177	1591	239	71	77	22:54
69178	2342	239	72	78	22:57
69179	2343	239	73	79	23:00
69180	1659	239	74	80	23:07
69181	1935	239	75	81	23:09
69182	2242	239	76	82	23:10
69183	1589	239	77	83	23:15
69184	1564	239	7	84	23:16
69185	1479	239	78	85	23:17
69186	1510	239	79	86	23:18
69187	1531	239	8	87	23:21
69188	1549	239	80	88	23:21
69189	2344	239	9	89	23:22
69190	2345	239	81	90	23:27
69191	1520	239	82	91	23:33
69192	1627	239	83	92	23:39
69193	1950	239	10	93	23:40
69194	1547	239	84	94	23:41
69195	1439	239	85	95	23:42
69196	1585	239	86	96	23:42
69197	1539	239	87	97	23:44
69198	1575	239	88	98	23:45
69199	2346	239	89	99	23:52
69200	1569	239	90	100	23:56
69201	1552	239	11	101	23:57
69202	1530	239	91	102	23:58
69203	1528	239	12	103	23:59
69204	2347	239	13	104	24:00
69205	1698	239	92	105	24:00
69206	2155	239	93	106	24:01
69207	1493	239	14	107	24:02
69208	1940	239	94	108	24:03
69209	1541	239	15	109	24:06
69210	2348	239	95	110	24:09
69211	1606	239	96	111	24:09
69212	2349	239	97	112	24:12
69213	2228	239	98	113	24:16
69214	2072	239	16	114	24:16
69215	1580	239	99	115	24:20
69216	1625	239	100	116	24:25
69217	1556	239	101	117	24:26
69218	1974	239	102	118	24:30
69219	2139	239	103	119	24:38
69220	2350	239	104	120	24:40
69221	1962	239	105	121	24:43
69222	2916	239	106	122	24:43
69223	1626	239	107	123	24:46
69224	1806	239	108	124	24:47
69225	1948	239	109	125	24:53
69226	2158	239	110	126	24:55
69227	1888	239	17	127	24:56
69228	2233	239	111	128	24:56
69229	1952	239	112	129	24:56
69230	3505	239	113	130	24:58
69231	1524	239	114	131	25:02
69232	2033	239	115	132	25:02
69233	2375	239	116	133	25:03
69234	1657	239	117	134	25:05
69235	1565	239	18	135	25:07
69236	1519	239	118	136	25:08
69237	2007	239	19	137	25:11
69238	2353	239	119	138	25:13
69239	1568	239	120	139	25:14
69240	1608	239	121	140	25:15
69241	1910	239	122	141	25:15
69242	1715	239	20	142	25:17
69243	1582	239	21	143	25:17
69244	1887	239	22	144	25:23
69245	1647	239	23	145	25:24
69246	1650	239	123	146	25:25
69247	1683	239	124	147	25:25
69248	2052	239	24	148	25:29
69249	1653	239	125	149	25:32
69250	1680	239	25	150	25:34
69251	1574	239	126	151	25:38
69252	1523	239	26	152	25:42
69253	2136	239	27	153	25:43
69254	1660	239	127	154	25:48
69255	2354	239	28	155	25:49
69256	1954	239	128	156	25:51
69257	2355	239	29	157	25:51
69258	2356	239	30	158	25:53
69259	2357	239	31	159	25:56
69260	1649	239	32	160	25:56
69261	2358	239	129	161	25:57
69262	2359	239	130	162	25:59
69263	1684	239	33	163	26:00
69264	2360	239	34	164	26:03
69265	1637	239	131	165	26:04
69266	2257	239	35	166	26:05
69267	1713	239	132	167	26:05
69268	1654	239	36	168	26:06
69269	1618	239	37	169	26:06
69270	1971	239	38	170	26:10
69271	1655	239	39	171	26:11
69272	2361	239	133	172	26:15
69273	1990	239	134	173	26:20
69274	2362	239	40	174	26:21
69275	1621	239	41	175	26:22
69276	1746	239	135	176	26:23
69277	1915	239	42	177	26:23
69278	1906	239	136	178	26:24
69279	1957	239	137	179	26:26
69280	1737	239	43	180	26:27
69281	1718	239	138	181	26:28
69282	1656	239	44	182	26:30
69283	2165	239	45	183	26:32
69284	1640	239	139	184	26:34
69285	2363	239	46	185	26:38
69286	2159	239	140	186	26:41
69287	2166	239	141	187	26:41
69288	1614	239	142	188	26:42
69289	1884	239	143	189	26:44
69290	2055	239	144	190	26:44
69291	2364	239	47	191	26:48
69292	2365	239	145	192	26:49
69293	1702	239	146	193	26:49
69294	2366	239	48	194	26:54
69295	2686	239	147	195	27:02
69296	2367	239	49	196	27:04
69297	1648	239	148	197	27:06
69298	1911	239	50	198	27:09
69299	2368	239	51	199	27:11
69300	2369	239	149	200	27:12
69301	1899	239	150	201	27:15
69302	1745	239	151	202	27:17
69303	2370	239	152	203	27:19
69304	1670	239	52	204	27:22
69305	1664	239	53	205	27:26
69306	2371	239	153	206	27:31
69307	1781	239	154	207	27:31
69308	1905	239	155	208	27:35
69309	2372	239	156	209	27:37
69310	2373	239	157	210	27:38
69311	1856	239	158	211	27:39
69312	1966	239	159	212	27:41
69313	1671	239	54	213	27:42
69314	2170	239	160	214	27:43
69315	1643	239	55	215	27:56
69316	1635	239	161	216	28:01
69317	1717	239	56	217	28:02
69318	1976	239	57	218	28:03
69319	2376	239	162	219	28:03
69320	2377	239	58	220	28:03
69321	1755	239	59	221	28:04
69322	2144	239	60	222	28:05
69323	2378	239	61	223	28:05
69324	1707	239	62	224	28:07
69325	1728	239	63	225	28:08
69326	2379	239	163	226	28:14
69327	1785	239	64	227	28:15
69328	1969	239	65	228	28:17
69329	1691	239	66	229	28:18
69330	2380	239	164	230	28:19
69331	2381	239	165	231	28:22
69332	1666	239	67	232	28:23
69333	1710	239	68	233	28:29
69334	1714	239	69	234	28:31
69335	1677	239	70	235	28:38
69336	1678	239	166	236	28:39
69337	1681	239	71	237	28:40
69338	2382	239	167	238	28:41
69339	2383	239	168	239	28:43
69340	1732	239	72	240	28:45
69341	2384	239	73	241	28:48
69342	2385	239	74	242	28:51
69343	2386	239	169	243	28:55
69344	2387	239	75	244	28:55
69345	2068	239	170	245	29:03
69346	2281	239	76	246	29:09
69347	1913	239	171	247	29:12
69348	2388	239	172	248	29:20
69349	1743	239	173	249	29:22
69350	1697	239	77	250	29:24
69351	2100	239	78	251	29:32
69352	2389	239	174	252	29:42
69353	1795	239	175	253	29:43
69354	1738	239	79	254	29:43
69355	1759	239	80	255	29:44
69356	2390	239	176	256	29:44
69357	2391	239	81	257	29:45
69358	1751	239	82	258	29:45
69359	1639	239	177	259	29:46
69360	1790	239	178	260	29:48
69361	1527	239	179	261	29:51
69362	2392	239	83	262	29:52
69363	1752	239	84	263	29:56
69364	1761	239	85	264	29:57
69365	2393	239	180	265	30:03
69366	1922	239	181	266	30:04
69367	1991	239	86	267	30:07
69368	1805	239	87	268	30:10
69369	2394	239	88	269	30:11
69370	1979	239	89	270	30:12
69371	2395	239	90	271	30:14
69372	1788	239	182	272	30:15
69373	1693	239	91	273	30:22
69374	1921	239	92	274	30:23
69375	1733	239	183	275	30:29
69376	2396	239	93	276	30:31
69377	2397	239	94	277	30:45
69378	2064	239	95	278	30:45
69379	2398	239	184	279	30:46
69380	1975	239	96	280	30:47
69381	1725	239	97	281	30:47
69382	1829	239	185	282	30:48
69383	1784	239	186	283	30:50
69384	2400	239	98	284	30:52
69385	2401	239	187	285	30:53
69386	1917	239	188	286	30:54
69387	1782	239	99	287	30:55
69388	2402	239	100	288	30:56
69389	2403	239	189	289	31:00
69390	2404	239	101	290	31:03
69391	2405	239	190	291	31:05
69392	1824	239	102	292	31:06
69393	1823	239	103	293	31:07
69394	2192	239	104	294	31:09
69395	2406	239	105	295	31:10
69396	2407	239	106	296	31:16
69397	2075	239	107	297	31:25
69398	2408	239	108	298	31:29
69399	1787	239	109	299	31:30
69400	1797	239	191	300	31:42
69401	2409	239	110	301	31:54
69402	1808	239	111	302	31:55
69403	2410	239	192	303	31:56
69404	2411	239	112	304	32:00
69405	2309	239	113	305	32:01
69406	1918	239	114	306	32:11
69407	2412	239	193	307	32:16
69408	1909	239	115	308	32:18
69409	2413	239	194	309	32:18
69410	2414	239	116	310	32:19
69411	2415	239	117	311	32:19
69412	2416	239	195	312	32:24
69413	2080	239	118	313	32:34
69414	1814	239	196	314	32:41
69415	1770	239	119	315	32:51
69416	2417	239	197	316	32:53
69417	2418	239	120	317	32:56
69418	2079	239	121	318	32:57
69419	2419	239	122	319	32:57
69420	2076	239	123	320	33:08
69421	2420	239	124	321	33:14
69422	2421	239	125	322	33:20
69423	1722	239	126	323	33:23
69424	1793	239	198	324	33:34
69425	1779	239	127	325	33:37
69426	1817	239	128	326	33:43
69427	2181	239	199	327	33:44
69428	2290	239	129	328	33:45
69429	2423	239	130	329	33:45
69430	2186	239	131	330	34:01
69431	2424	239	132	331	34:03
69432	1742	239	200	332	34:03
69433	1754	239	201	333	34:15
69434	2425	239	202	334	34:15
69435	1766	239	133	335	34:24
69436	2426	239	203	336	34:36
69437	1740	239	134	337	34:38
69438	1807	239	204	338	34:40
69439	1822	239	135	339	34:57
69440	1813	239	136	340	35:04
69441	2427	239	137	341	35:20
69442	2428	239	205	342	35:28
69443	2429	239	138	343	35:30
69444	1821	239	139	344	35:35
69445	2430	239	140	345	35:37
69446	1802	239	206	346	36:01
69447	2431	239	207	347	36:03
69448	2432	239	141	348	36:06
69449	2433	239	142	349	36:11
69450	2147	239	143	350	36:40
69451	1831	239	208	351	36:45
69452	1723	239	209	352	36:46
69453	2434	239	210	353	37:16
69454	1830	239	211	354	37:32
69455	2435	239	144	355	37:35
69456	1592	239	145	356	37:36
69457	2436	239	146	357	37:44
69458	2437	239	147	358	37:59
69459	2438	239	212	359	38:10
69460	2439	239	213	360	38:28
69461	2440	239	148	361	39:00
69462	2318	239	149	362	39:48
69463	2441	239	214	363	40:49
69464	1587	239	150	364	42:58
69465	2442	239	215	365	43:28
69466	2443	239	216	366	43:29
69467	2011	239	151	367	44:54
69468	2204	239	217	368	46:28
69469	2444	239	152	369	1:37:06
69470	1433	240	1	1	18:43
69471	2445	240	2	2	19:12
69472	1977	240	1	3	19:20
69473	1436	240	3	4	19:28
69474	2014	240	4	5	19:41
69475	1453	240	5	6	19:48
69476	2446	240	6	7	19:58
69477	1441	240	7	8	20:01
69478	1511	240	8	9	20:03
69479	1440	240	9	10	20:17
69480	1443	240	10	11	20:18
69481	3428	240	11	12	20:37
69482	1459	240	12	13	20:41
69483	2447	240	13	14	20:44
69484	2329	240	14	15	20:44
69485	1447	240	15	16	20:47
69486	2326	240	16	17	20:49
69487	1557	240	17	18	20:53
69488	2327	240	18	19	20:55
69489	1461	240	19	20	20:58
69490	1450	240	20	21	20:59
69491	2205	240	2	22	21:01
69492	1460	240	21	23	21:01
69493	1930	240	22	24	21:02
69494	2331	240	23	25	21:03
69495	1854	240	24	26	21:04
69496	2448	240	25	27	21:05
69497	2017	240	3	28	21:14
69498	1456	240	26	29	21:17
69499	1521	240	27	30	21:30
69500	2120	240	28	31	21:34
69501	1466	240	29	32	21:35
69502	1471	240	30	33	21:38
69503	1467	240	31	34	21:39
69504	1567	240	32	35	21:41
69505	2345	240	33	36	21:44
69506	1965	240	34	37	21:49
69507	1439	240	35	38	21:50
69508	2325	240	36	39	21:52
69509	2449	240	37	40	21:54
69510	1855	240	38	41	21:55
69511	1458	240	39	42	22:10
69512	1629	240	40	43	22:12
69513	2450	240	41	44	22:16
69514	1473	240	42	45	22:18
69515	2451	240	43	46	22:23
69516	1497	240	44	47	22:31
69517	1490	240	45	48	22:34
69518	1581	240	46	49	22:38
69519	1487	240	47	50	22:40
69520	1480	240	48	51	22:46
69521	1870	240	49	52	22:50
69522	1452	240	50	53	22:57
69523	1880	240	51	54	22:58
69524	1469	240	52	55	23:01
69525	2021	240	53	56	23:02
69526	2337	240	54	57	23:03
69527	1502	240	55	58	23:04
69528	1515	240	56	59	23:05
69529	1488	240	57	60	23:06
69530	1517	240	58	61	23:08
69531	2452	240	59	62	23:09
69532	1516	240	60	63	23:13
69533	1834	240	61	64	23:16
69534	1512	240	62	65	23:18
69535	1484	240	63	66	23:18
69536	1935	240	64	67	23:19
69537	2235	240	65	68	23:20
69538	2231	240	66	69	23:21
69539	1503	240	67	70	23:23
69540	1576	240	68	71	23:28
69541	1504	240	69	72	23:30
69542	1625	240	70	73	23:31
69543	1500	240	4	74	23:32
69544	2453	240	71	75	23:35
69545	2454	240	5	76	23:40
69546	2333	240	72	77	23:45
69547	2338	240	73	78	23:46
69548	2455	240	74	79	23:48
69549	1636	240	75	80	23:56
69550	1604	240	76	81	23:57
69551	1505	240	6	82	23:57
69552	1564	240	7	83	24:02:00
69553	1479	240	77	84	24:04:00
69554	2456	240	78	85	24:05:00
69555	2228	240	79	86	24:05:00
69556	1481	240	80	87	24:07:00
69557	2090	240	81	88	24:10:00
69558	2457	240	82	89	24:11:00
69559	2339	240	83	90	24:12:00
69560	1841	240	84	91	24:14:00
69561	1545	240	8	92	24:15:00
69562	1698	240	85	93	24:16:00
69563	1575	240	86	94	24:17:00
69564	2458	240	9	95	24:19:00
69565	1868	240	87	96	24:22:00
69566	1559	240	88	97	24:24:00
69567	1589	240	89	98	24:25:00
69568	1477	240	10	99	24:27:00
69569	1592	240	11	100	24:36:00
69570	1523	240	12	101	24:41:00
69571	2459	240	13	102	24:42:00
69572	1571	240	90	103	24:43:00
69573	1730	240	91	104	24:43:00
69574	1551	240	14	105	24:44:00
69575	2460	240	92	106	24:45:00
69576	1534	240	15	107	24:46:00
69577	1593	240	93	108	24:47:00
69578	1884	240	94	109	24:48:00
69579	2341	240	95	110	24:49:00
69580	1626	240	96	111	24:52:00
69581	1579	240	97	112	24:53:00
69582	2461	240	98	113	24:54:00
69583	2051	240	16	114	24:58:00
69584	1566	240	17	115	25:01:00
69585	1470	240	99	116	25:06:00
69586	2462	240	18	117	25:08:00
69587	1561	240	19	118	25:12:00
69588	1569	240	100	119	25:14:00
69589	2034	240	101	120	25:16:00
69590	2463	240	102	121	25:31:00
69591	1601	240	103	122	25:33:00
69592	1950	240	20	123	25:34:00
69593	1552	240	21	124	25:35:00
69594	1873	240	104	125	25:36:00
69595	2464	240	105	126	25:39:00
69596	1591	240	106	127	25:42:00
69597	2465	240	107	128	25:44:00
69598	2349	240	108	129	25:46:00
69599	1539	240	109	130	25:48:00
69600	1565	240	22	131	25:49:00
69601	2466	240	23	132	25:50:00
69602	2033	240	110	133	25:52:00
69603	1627	240	111	134	25:52:00
69604	2072	240	24	135	25:53:00
69605	1910	240	112	136	26:00:00
69606	1570	240	113	137	26:02:00
69607	1584	240	114	138	26:03:00
69608	1664	240	25	139	26:05:00
69609	1715	240	26	140	26:07:00
69610	2467	240	27	141	26:10:00
69611	2375	240	115	142	26:12:00
69612	1606	240	116	143	26:19:00
69613	1659	240	117	144	26:24:00
69614	1940	240	118	145	26:30:00
69615	2468	240	119	146	26:35:00
69616	1580	240	120	147	26:38:00
69617	1608	240	121	148	26:40:00
69618	1974	240	122	149	26:47:00
69619	1524	240	123	150	26:48:00
69620	1619	240	28	151	26:50:00
69621	2346	240	124	152	26:51:00
69622	1609	240	125	153	26:51:00
69623	2469	240	126	154	26:52:00
69624	1528	240	29	155	26:53:00
69625	1949	240	30	156	26:54:00
69626	3505	240	127	157	26:56:00
69627	1680	240	31	158	26:57:00
69628	2470	240	32	159	26:58:00
69629	2471	240	128	160	26:59:00
69630	2361	240	129	161	27:00:00
69631	1898	240	130	162	27:03:00
69632	2472	240	131	163	27:07:00
69633	2253	240	33	164	27:11:00
69634	1900	240	34	165	27:12:00
69635	2137	240	132	166	27:13:00
69636	1519	240	133	167	27:14:00
69637	2473	240	134	168	27:16:00
69638	1892	240	135	169	27:19:00
69639	1737	240	35	170	27:20:00
69640	1640	240	136	171	27:21:00
69641	2474	240	137	172	27:22:00
69642	1653	240	138	173	27:27:00
69643	1948	240	139	174	27:28:00
69644	1957	240	140	175	27:29:00
69645	1623	240	141	176	27:31:00
69646	1657	240	142	177	27:32:00
69647	1702	240	143	178	27:34:00
69648	1690	240	144	179	27:36:00
69649	1956	240	145	180	27:37:00
69650	2357	240	36	181	27:38:00
69651	1899	240	146	182	27:39:00
69652	1573	240	147	183	27:43:00
69653	1718	240	148	184	27:44:00
69654	2475	240	37	185	27:46:00
69655	2356	240	38	186	27:48:00
69656	2476	240	149	187	27:53:00
69657	2477	240	150	188	27:54:00
69658	1954	240	151	189	27:55:00
69659	1621	240	39	190	27:56:00
69660	1745	240	152	191	27:57:00
69661	1679	240	40	192	27:57:00
69662	2167	240	41	193	27:58:00
69663	2478	240	42	194	27:59:00
69664	1920	240	43	195	28:00:00
69665	1666	240	44	196	28:01:00
69666	2097	240	45	197	28:02:00
69667	2165	240	46	198	28:03:00
69668	2916	240	153	199	28:06:00
69669	2479	240	47	200	28:09:00
69670	1645	240	154	201	28:10:00
69671	2233	240	155	202	28:11:00
69672	2365	240	156	203	28:12:00
69673	1688	240	157	204	28:13:00
69674	2480	240	158	205	28:13:00
69675	2481	240	159	206	28:15:00
69676	2364	240	48	207	28:26:00
69677	1648	240	160	208	28:30:00
69678	1641	240	49	209	28:32:00
69679	1746	240	161	210	28:36:00
69680	1915	240	50	211	28:37:00
69681	2482	240	162	212	28:38:00
69682	2483	240	163	213	28:38:00
69683	2484	240	164	214	28:40:00
69684	2442	240	165	215	28:41:00
69685	2443	240	166	216	28:44:00
69686	2485	240	51	217	28:46:00
69687	1971	240	52	218	28:47:00
69688	2353	240	167	219	28:53:00
69689	1677	240	53	220	28:54:00
69690	1678	240	168	221	28:57:00
69691	2486	240	169	222	28:58:00
69692	1990	240	170	223	29:02:00
69693	1842	240	171	224	29:05:00
69694	1655	240	54	225	29:15:00
69695	2487	240	172	226	29:17:00
69696	1905	240	173	227	29:18:00
69697	1911	240	55	228	29:19:00
69698	3034	240	56	229	29:20:00
69699	1958	240	174	230	29:21:00
69700	1496	240	175	231	29:22:00
69701	1530	240	176	232	29:25:00
69702	2423	240	57	233	29:26:00
69703	1713	240	177	234	29:27:00
69704	2488	240	58	235	29:28:00
69705	2489	240	59	236	29:29:00
69706	2490	240	60	237	29:32:00
69707	1692	240	61	238	29:34:00
69708	1686	240	178	239	29:35:00
69709	1615	240	62	240	29:36:00
69710	1909	240	63	241	29:38:00
69711	2491	240	179	242	29:39:00
69712	1982	240	64	243	29:41:00
69713	1901	240	65	244	29:42:00
69714	1681	240	66	245	29:46:00
69715	1660	240	180	246	29:48:00
69716	1568	240	181	247	29:49:00
69717	1618	240	67	248	29:49:00
69718	1656	240	68	249	29:50:00
69719	2492	240	182	250	29:51:00
69720	1755	240	69	251	29:52:00
69721	1694	240	183	252	29:53:00
69722	1699	240	184	253	29:54:00
69723	1981	240	70	254	29:55:00
69724	2493	240	71	255	29:56:00
69725	1703	240	185	256	30:04:00
69726	1785	240	72	257	30:10:00
69727	1743	240	186	258	30:11:00
69728	1614	240	187	259	30:12:00
69729	1707	240	73	260	30:14:00
69730	1635	240	188	261	30:15:00
69731	2494	240	74	262	30:18:00
69732	1696	240	75	263	30:19:00
69733	1717	240	76	264	30:20:00
69734	2495	240	189	265	30:21:00
69735	2496	240	190	266	30:22:00
69736	2373	240	191	267	30:23:00
69737	1815	240	192	268	30:24:00
69738	1969	240	77	269	30:25:00
69739	2686	240	193	270	30:26:00
69740	1980	240	78	271	30:27:00
69741	1953	240	194	272	30:28:00
69742	1942	240	195	273	30:30:00
69743	1670	240	79	274	30:31:00
69744	2392	240	80	275	30:32:00
69745	1976	240	81	276	30:34:00
69746	2389	240	196	277	30:37:00
69747	2497	240	197	278	30:38:00
69748	1781	240	198	279	30:39:00
69749	2498	240	82	280	30:42:00
69750	2499	240	199	281	30:44:00
69751	2500	240	200	282	30:45:00
69752	1856	240	201	283	30:47:00
69753	2132	240	202	284	30:49:00
69754	1543	240	203	285	30:53:00
69755	1754	240	204	286	30:54:00
69756	2372	240	205	287	30:56:00
69757	2068	240	206	288	30:57:00
69758	1991	240	83	289	30:58:00
69759	2501	240	84	290	30:59:00
69760	1996	240	207	291	31:01:00
69761	2502	240	85	292	31:04:00
69762	2503	240	208	293	31:05:00
69763	1716	240	209	294	31:11:00
69764	1697	240	86	295	31:18:00
69765	1896	240	87	296	31:19:00
69766	1691	240	88	297	31:20:00
69767	2277	240	89	298	31:21:00
69768	2281	240	90	299	31:22:00
69769	1671	240	91	300	31:25:00
69770	2504	240	92	301	31:27:00
69771	2505	240	93	302	31:28:00
69772	1778	240	94	303	31:29:00
69773	1922	240	210	304	31:35:00
69774	1705	240	95	305	31:36:00
69775	2506	240	96	306	31:45:00
69776	1700	240	211	307	31:46:00
69777	1733	240	212	308	31:47:00
69778	2507	240	97	309	31:48:00
69779	1527	240	213	310	31:52:00
69780	1790	240	214	311	31:54:00
69781	2384	240	98	312	31:55:00
69782	1643	240	99	313	31:56:00
69783	1706	240	100	314	31:57:00
69784	2508	240	101	315	31:58:00
69785	2377	240	102	316	31:58:00
69786	2396	240	103	317	32:01:00
69787	2292	240	104	318	32:02:00
69788	1722	240	105	319	32:05:00
69789	2509	240	106	320	32:08:00
69790	2510	240	215	321	32:09:00
69791	1913	240	216	322	32:12:00
69792	1805	240	107	323	32:19:00
69793	1725	240	108	324	32:20:00
69794	2511	240	109	325	32:25:00
69795	2512	240	217	326	32:27:00
69796	1983	240	110	327	32:53:00
69797	2404	240	111	328	32:56:00
69798	2388	240	218	329	32:59:00
69799	2383	240	219	330	33:00:00
69800	1742	240	220	331	33:01:00
69801	1639	240	221	332	33:02:00
69802	1752	240	112	333	33:04:00
69803	1791	240	113	334	33:05:00
69804	1751	240	114	335	33:08:00
69805	2513	240	222	336	33:09:00
69806	1773	240	223	337	33:13:00
69807	2514	240	224	338	33:18:00
69808	1787	240	115	339	33:20:00
69809	1732	240	116	340	33:20:00
69810	2515	240	225	341	33:21:00
69811	1820	240	226	342	33:23:00
69812	2382	240	227	343	33:34:00
69813	2516	240	117	344	33:35:00
69814	2410	240	228	345	33:36:00
69815	2411	240	118	346	33:42:00
69816	2058	240	119	347	33:44:00
69817	1783	240	229	348	33:50:00
69818	2400	240	120	349	33:54:00
69819	1796	240	230	350	33:56:00
69820	1975	240	121	351	33:59:00
69821	1782	240	122	352	34:01:00
69822	2517	240	231	353	34:05:00
69823	1779	240	123	354	34:11:00
69824	2518	240	124	355	34:15:00
69825	2519	240	232	356	34:20:00
69826	1710	240	125	357	34:21:00
69827	1795	240	233	358	34:24:00
69828	2390	240	234	359	34:27:00
69829	2520	240	126	360	34:28:00
69830	2521	240	235	361	34:39:00
69831	2522	240	127	362	34:40:00
69832	2413	240	236	363	34:46:00
69833	2192	240	128	364	34:50:00
69834	1693	240	129	365	34:54:00
69835	2523	240	130	366	35:02:00
69836	1723	240	237	367	35:03:00
69837	2524	240	131	368	35:04:00
69838	2525	240	132	369	35:05:00
69839	2526	240	133	370	35:12:00
69840	1761	240	134	371	35:16:00
69841	1793	240	238	372	35:21:00
69842	1792	240	239	373	35:25:00
69843	2086	240	135	374	35:28:00
69844	2403	240	240	375	35:40:00
69845	1807	240	241	376	35:47:00
69846	1808	240	136	377	35:49:00
69847	2309	240	137	378	35:51:00
69848	2527	240	138	379	35:52:00
69849	2528	240	242	380	35:53:00
69850	1574	240	243	381	35:54:00
69851	1802	240	244	382	35:55:00
69852	2414	240	139	383	36:06:00
69853	2529	240	245	384	36:07:00
69854	1797	240	246	385	36:12:00
69855	2408	240	140	386	36:19:00
69856	2530	240	141	387	36:20:00
69857	2010	240	142	388	36:32:00
69858	2531	240	247	389	37:03:00
69859	2420	240	143	390	37:32:00
69860	2421	240	144	391	37:32:00
69861	2532	240	145	392	37:33:00
69862	2426	240	248	393	37:47:00
69863	2533	240	249	394	37:57:00
69864	1766	240	146	395	38:04:00
69865	1740	240	147	396	38:04:00
69866	1813	240	148	397	38:15:00
69867	1814	240	250	398	38:16:00
69868	2534	240	149	399	38:17:00
69869	2535	240	150	400	38:24:00
69870	1720	240	151	401	38:28:00
69871	2536	240	152	402	38:36:00
69872	2537	240	251	403	38:37:00
69873	1817	240	153	404	38:38:00
69874	2538	240	252	405	38:39:00
69875	2186	240	154	406	39:07:00
69876	2393	240	253	407	39:09:00
69877	2435	240	155	408	39:30:00
69878	2430	240	156	409	39:31:00
69879	1822	240	157	410	39:47:00
69880	1831	240	254	411	40:03:00
69881	2539	240	158	412	40:04:00
69882	1830	240	255	413	40:06:00
69883	2440	240	159	414	45:30:00
69884	2432	240	160	415	45:31:00
69885	2540	240	256	416	45:32:00
69886	2011	240	161	417	46:20:00
69887	1587	240	162	418	46:43:00
69888	2541	240	163	419	49:29:00
69889	1433	241	1	1	25:45
69890	1436	241	2	2	27:46
69891	2014	241	3	3	27:49
69892	1443	241	4	4	27:50
69893	2446	241	5	5	27:59
69894	1438	241	6	6	28:18
69895	1461	241	7	7	28:23
69896	1441	241	8	8	28:35
69897	1567	241	9	9	28:49
69898	1450	241	10	10	28:53
69899	1453	241	11	11	28:58
69900	1440	241	12	12	29:01
69901	2542	241	13	13	29:13
69902	1463	241	14	14	29:16
69903	1437	241	15	15	29:20
69904	1464	241	16	16	29:23
69905	1930	241	17	17	29:25
69906	2327	241	18	18	29:28
69907	2331	241	19	19	29:30
69908	1456	241	20	20	29:33
69909	1466	241	21	21	29:35
69910	1854	241	22	22	29:46
69911	1460	241	23	23	29:49
69912	1467	241	24	24	29:51
69913	3428	241	25	25	29:51
69914	2329	241	26	26	29:54
69915	1695	241	27	27	29:59
69916	1473	241	28	28	30:09
69917	1855	241	29	29	30:24
69918	2017	241	1	30	30:25
69919	1447	241	30	31	30:53
69920	2543	241	31	32	30:59
69921	1490	241	32	33	31:01
69922	1965	241	33	34	31:05
69923	1481	241	34	35	31:14
69924	1487	241	35	36	31:22
69925	2334	241	36	37	31:23
69926	1486	241	37	38	31:28
69927	1458	241	38	39	31:31
69928	1557	241	39	40	31:33
69929	2544	241	40	41	31:39
69930	1502	241	41	42	32:00
69931	1515	241	42	43	32:05
69932	2342	241	43	44	32:07
69933	1868	241	44	45	32:09
69934	1863	241	45	46	32:10
69935	1452	241	46	47	32:12
69936	2545	241	47	48	32:17
69937	1935	241	48	49	32:23
69938	1503	241	49	50	32:23
69939	1505	241	2	51	32:25
69940	1504	241	50	52	32:27
69941	2454	241	3	53	32:29
69942	1869	241	51	54	32:36
69943	2113	241	52	55	32:38
69944	1629	241	53	56	32:42
69945	1488	241	54	57	32:45
69946	1477	241	4	58	32:49
69947	1604	241	55	59	32:53
69948	1510	241	56	60	32:53
69949	1870	241	57	61	33:15
69950	2546	241	58	62	33:18
69951	2547	241	59	63	33:19
69952	2051	241	5	64	33:19
69953	1867	241	60	65	33:21
69954	1500	241	6	66	33:30
69955	2231	241	61	67	33:32
69956	1841	241	62	68	33:34
69957	2469	241	63	69	33:43
69958	2157	241	64	70	33:52
69959	1873	241	65	71	34:00
69960	1565	241	7	72	34:13
69961	1576	241	66	73	34:21
69962	1575	241	67	74	34:25
69963	2346	241	68	75	34:28
69964	1552	241	8	76	34:30
69965	1872	241	69	77	34:33
69966	1534	241	9	78	34:35
69967	1569	241	70	79	34:48
69968	1933	241	10	80	34:50
69969	2344	241	11	81	34:52
69970	2242	241	71	82	35:09
69971	1591	241	72	83	35:29
69972	2460	241	73	84	35:32
69973	1566	241	12	85	35:33
69974	1950	241	13	86	35:40
69975	1543	241	74	87	35:49
69976	1806	241	75	88	36:04
69977	1887	241	14	89	36:08
69978	2548	241	15	90	36:09
69979	2549	241	76	91	36:09
69980	1601	241	77	92	36:10
69981	1657	241	78	93	36:10
69982	2372	241	79	94	36:13
69983	1582	241	16	95	36:13
69984	1946	241	80	96	36:16
69985	1659	241	81	97	36:16
69986	1578	241	82	98	36:22
69987	1910	241	83	99	36:25
69988	2139	241	84	100	36:27
69989	2228	241	85	101	36:33
69990	2463	241	86	102	36:38
69991	2034	241	87	103	36:44
69992	2550	241	17	104	36:47
69993	1653	241	88	105	36:49
69994	1517	241	89	106	36:50
69995	1538	241	90	107	37:01
69996	1574	241	91	108	37:03
69997	1962	241	92	109	37:04
69998	1650	241	93	110	37:13
69999	1570	241	94	111	37:14
70000	2551	241	18	112	37:17
70001	2072	241	19	113	37:18
70002	1688	241	95	114	37:29
70003	2253	241	20	115	37:31
70004	2235	241	96	116	37:38
70005	1702	241	97	117	37:41
70006	1940	241	98	118	37:43
70007	1647	241	21	119	37:43
70008	1954	241	99	120	37:46
70009	1618	241	22	121	37:47
70010	1948	241	100	122	37:48
70011	1640	241	101	123	37:51
70012	1715	241	23	124	37:55
70013	2135	241	102	125	38:00
70014	1972	241	103	126	38:03
70015	1628	241	104	127	38:08
70016	2474	241	105	128	38:14
70017	1655	241	24	129	38:16
70018	1635	241	106	130	38:18
70019	2097	241	25	131	38:20
70020	1660	241	107	132	38:25
70021	1637	241	108	133	38:29
70022	1621	241	26	134	38:32
70023	1623	241	109	135	38:33
70024	1957	241	110	136	38:33
70025	2363	241	27	137	38:37
70026	1906	241	111	138	38:40
70027	2355	241	28	139	38:53
70028	1892	241	112	140	38:55
70029	1713	241	113	141	38:59
70030	2552	241	29	142	39:05
70031	2553	241	30	143	39:07
70032	1842	241	114	144	39:08
70033	2362	241	31	145	39:11
70034	1905	241	115	146	39:14
70035	1648	241	116	147	39:15
70036	1614	241	117	148	39:20
70037	1990	241	118	149	39:25
70038	2376	241	119	150	39:25
70039	1911	241	32	151	39:26
70040	1856	241	120	152	39:30
70041	1690	241	121	153	39:32
70042	1645	241	122	154	39:36
70043	2165	241	33	155	39:39
70044	1519	241	123	156	39:41
70045	1899	241	124	157	39:42
70046	1973	241	125	158	39:42
70047	1686	241	126	159	39:53
70048	2554	241	127	160	39:57
70049	1707	241	34	161	40:12
70050	1624	241	35	162	40:14
70051	1692	241	36	163	40:22
70052	2555	241	37	164	40:30
70053	1691	241	38	165	40:32
70054	1699	241	128	166	40:38
70055	2486	241	129	167	40:44
70056	1451	241	130	168	40:47
70057	1530	241	131	169	40:48
70058	1496	241	132	170	40:52
70059	2366	241	39	171	41:06
70060	2102	241	133	172	41:06
70061	2368	241	40	173	41:07
70062	1909	241	41	174	41:15
70063	1751	241	42	175	41:16
70064	2556	241	134	176	41:19
70065	1681	241	43	177	41:25
70066	2125	241	44	178	41:26
70067	1920	241	45	179	41:30
70068	2365	241	135	180	41:33
70069	1790	241	136	181	41:34
70070	1737	241	46	182	41:35
70071	1981	241	47	183	41:39
70072	1969	241	48	184	41:45
70073	1722	241	49	185	41:48
70074	1717	241	50	186	41:49
70075	1781	241	137	187	41:55
70076	1725	241	51	188	41:55
70077	1527	241	138	189	41:56
70078	1641	241	52	190	42:08
70079	1705	241	53	191	42:11
70080	2480	241	139	192	42:14
70081	1778	241	54	193	42:15
70082	1671	241	55	194	42:17
70083	1979	241	56	195	42:18
70084	1915	241	57	196	42:45
70085	1703	241	140	197	43:01
70086	2557	241	58	198	43:01
70087	1767	241	59	199	43:11
70088	2503	241	141	200	43:13
70089	1693	241	60	201	43:14
70090	1639	241	142	202	43:14
70091	1697	241	61	203	43:15
70092	1728	241	62	204	43:16
70093	1755	241	63	205	43:25
70094	2364	241	64	206	43:33
70095	1958	241	143	207	43:36
70096	1989	241	65	208	43:40
70097	2492	241	144	209	43:44
70098	1991	241	66	210	43:45
70099	2292	241	67	211	44:21
70100	2489	241	68	212	44:22
70101	2558	241	145	213	44:24
70102	1792	241	146	214	44:29
70103	1783	241	147	215	44:45
70104	1733	241	148	216	44:54
70105	2309	241	69	217	44:56
70106	2167	241	70	218	44:56
70107	1754	241	149	219	45:00
70108	1773	241	150	220	45:04
70109	2388	241	151	221	45:04
70110	2559	241	152	222	45:07
70111	1829	241	153	223	45:12
70112	1677	241	71	224	45:12
70113	1678	241	154	225	45:14
70114	2383	241	155	226	45:27
70115	2382	241	156	227	45:37
70116	1743	241	157	228	45:53
70117	2560	241	72	229	45:57
70118	1921	241	73	230	45:59
70119	2561	241	158	231	45:59
70120	1706	241	74	232	46:00
70121	2412	241	159	233	46:01
70122	1732	241	75	234	46:11
70123	1996	241	160	235	46:21
70124	2068	241	161	236	46:30
70125	2389	241	162	237	46:31
70126	1814	241	163	238	46:34
70127	1700	241	164	239	46:37
70128	1742	241	165	240	46:41
70129	2500	241	166	241	46:42
70130	1723	241	167	242	46:48
70131	1805	241	76	243	46:55
70132	1766	241	77	244	46:58
70133	1795	241	168	245	46:59
70134	2400	241	78	246	47:06
70135	1759	241	79	247	47:09
70136	1784	241	169	248	47:10
70137	1779	241	80	249	47:22
70138	1752	241	81	250	47:25
70139	1917	241	170	251	48:15
70140	2297	241	82	252	48:15
70141	2524	241	83	253	48:39
70142	1679	241	84	254	48:40
70143	2525	241	85	255	48:41
70144	2562	241	86	256	48:41
70145	1710	241	87	257	48:42
70146	2563	241	88	258	48:46
70147	1807	241	171	259	48:58
70148	2510	241	172	260	49:22
70149	2564	241	173	261	49:36
70150	2419	241	89	262	50:49
70151	2080	241	90	263	51:52
70152	2079	241	91	264	51:52
70153	1720	241	92	265	52:00
70154	1818	241	93	266	52:23
70155	2430	241	94	267	52:28
70156	2426	241	174	268	52:34
70157	2420	241	95	269	53:22
70158	2539	241	96	270	55:57
70159	1797	241	175	271	57:31
70160	1831	241	176	272	59:11
70161	1830	241	177	273	59:14
70162	2565	242	1	1	27:47:00
70163	1433	242	2	2	30:13:00
70164	2445	242	3	3	30:37:00
70165	1977	242	1	4	30:41:00
70166	1442	242	4	5	30:55:00
70167	1436	242	5	6	30:57:00
70168	1439	242	6	7	31:00:00
70169	1441	242	7	8	31:48:00
70170	2566	242	8	9	31:53:00
70171	1443	242	9	10	31:54:00
70172	1511	242	10	11	31:56:00
70173	1453	242	11	12	32:07:00
70174	2446	242	12	13	32:19:00
70175	1925	242	13	14	32:29:00
70176	1455	242	14	15	32:34:00
70177	2014	242	15	16	32:48:00
70178	1451	242	16	17	32:55:00
70179	1440	242	17	18	33:05:00
70180	1461	242	18	19	33:26:00
70181	2447	242	19	20	33:29:00
70182	1463	242	20	21	33:31:00
70183	1482	242	21	22	33:45:00
70184	1438	242	22	23	33:46:00
70185	1460	242	23	24	33:52:00
70186	2327	242	24	25	33:55:00
70187	2331	242	25	26	33:58:00
70188	1930	242	26	27	34:02:00
70189	2567	242	2	28	34:05:00
70190	1854	242	27	29	34:07:00
70191	2325	242	28	30	34:08:00
70192	1447	242	29	31	34:17:00
70193	1456	242	30	32	34:28:00
70194	2120	242	31	33	34:30:00
70195	1473	242	32	34	34:33:00
70196	2568	242	33	35	34:35:00
70197	1471	242	34	36	34:36:00
70198	2569	242	35	37	34:42:00
70199	1458	242	36	38	34:45:00
70200	2329	242	37	39	34:49:00
70201	2017	242	3	40	34:58:00
70202	2570	242	38	41	35:00:00
70203	1863	242	39	42	35:06:00
70204	1855	242	40	43	35:12:00
70205	1466	242	41	44	35:48:00
70206	1581	242	42	45	35:55:00
70207	1467	242	43	46	35:57:00
70208	1497	242	44	47	36:04:00
70209	2333	242	45	48	36:05:00
70210	2091	242	46	49	36:16:00
70211	2021	242	47	50	36:30:00
70212	2545	242	48	51	36:32:00
70213	2339	242	49	52	36:43:00
70214	1452	242	50	53	36:45:00
70215	1501	242	4	54	36:47:00
70216	1629	242	51	55	36:49:00
70217	1490	242	52	56	36:55:00
70218	1636	242	53	57	37:01:00
70219	1512	242	54	58	37:05:00
70220	1487	242	55	59	37:12:00
70221	1515	242	56	60	37:19:00
70222	2337	242	57	61	37:23:00
70223	1868	242	58	62	37:23:00
70224	1484	242	59	63	37:25:00
70225	1505	242	5	64	37:29:00
70226	1557	242	60	65	37:30:00
70227	1500	242	6	66	37:32:00
70228	1870	242	61	67	37:33:00
70229	2342	242	62	68	37:43:00
70230	2454	242	7	69	37:52:00
70231	2455	242	63	70	37:56:00
70232	1503	242	64	71	37:57:00
70233	1504	242	65	72	38:01:00
70234	2113	242	66	73	38:02:00
70235	1488	242	67	74	38:05:00
70236	2235	242	68	75	38:07:00
70237	1935	242	69	76	38:08:00
70238	1536	242	70	77	38:09:00
70239	2571	242	71	78	38:11:00
70240	2572	242	72	79	38:12:00
70241	1604	242	73	80	38:14:00
70242	3428	242	74	81	38:17:00
70243	1545	242	8	82	38:21:00
70244	2449	242	75	83	38:35:00
70245	2157	242	76	84	38:45:00
70246	1564	242	9	85	38:46:00
70247	2090	242	77	86	38:48:00
70248	1520	242	78	87	38:53:00
70249	2459	242	10	88	38:56:00
70250	2573	242	79	89	38:59:00
70251	2443	242	80	90	39:03:00
70252	1841	242	81	91	39:12:00
70253	1593	242	82	92	39:18:00
70254	1575	242	83	93	39:25:00
70255	1884	242	84	94	39:26:00
70256	2341	242	85	95	39:28:00
70257	1592	242	11	96	39:30:00
70258	1730	242	86	97	39:31:00
70259	2345	242	87	98	39:33:00
70260	2456	242	88	99	39:34:00
70261	2051	242	12	100	39:39:00
70262	1539	242	89	101	39:46:00
70263	1591	242	90	102	39:47:00
70264	1549	242	91	103	39:49:00
70265	1531	242	13	104	39:51:00
70266	1875	242	14	105	39:52:00
70267	1551	242	15	106	39:53:00
70268	1579	242	92	107	40:05:00
70269	1569	242	93	108	40:11:00
70270	1698	242	94	109	40:13:00
70271	2343	242	95	110	40:19:00
70272	1523	242	16	111	40:21:00
70273	1601	242	96	112	40:24:00
70274	1565	242	17	113	40:26:00
70275	2344	242	18	114	40:28:00
70276	1566	242	19	115	40:29:00
70277	1534	242	20	116	40:30:00
70278	2469	242	97	117	40:32:00
70279	1517	242	98	118	40:34:00
70280	1869	242	99	119	40:35:00
70281	1469	242	100	120	40:50:00
70282	2574	242	21	121	40:53:00
70283	1626	242	101	122	40:56:00
70284	2551	242	22	123	40:59:00
70285	2575	242	102	124	41:01:00
70286	1552	242	23	125	41:03:00
70287	2034	242	103	126	41:05:00
70288	1585	242	104	127	41:06:00
70289	2576	242	24	128	41:09:00
70290	2476	242	105	129	41:11:00
70291	1627	242	106	130	41:18:00
70292	2253	242	25	131	41:20:00
70293	1481	242	107	132	41:22:00
70294	1570	242	108	133	41:25:00
70295	2228	242	109	134	41:37:00
70296	2072	242	26	135	41:44:00
70297	2348	242	110	136	41:45:00
70298	2463	242	111	137	41:47:00
70299	1715	242	27	138	41:52:00
70300	1582	242	28	139	41:54:00
70301	2139	242	112	140	41:56:00
70302	2350	242	113	141	42:01:00
70303	1702	242	114	142	42:10:00
70304	2229	242	115	143	42:13:00
70305	2346	242	116	144	42:21:00
70306	1650	242	117	145	42:22:00
70307	2375	242	118	146	42:26:00
70308	1892	242	119	147	42:27:00
70309	1578	242	120	148	42:30:00
70310	2470	242	29	149	42:31:00
70311	1524	242	121	150	42:34:00
70312	2577	242	122	151	42:36:00
70313	3505	242	123	152	42:52:00
70314	1619	242	30	153	42:58:00
70315	2550	242	31	154	43:05:00
70316	1887	242	32	155	43:13:00
70317	1690	242	124	156	43:14:00
70318	2376	242	125	157	43:15:00
70319	1680	242	33	158	43:18:00
70320	1737	242	34	159	43:23:00
70321	1940	242	126	160	43:29:00
70322	1528	242	35	161	43:31:00
70323	1580	242	127	162	43:37:00
70324	2167	242	36	163	43:40:00
70325	2357	242	37	164	43:44:00
70326	1653	242	128	165	43:47:00
70327	1974	242	129	166	43:53:00
70328	1956	242	130	167	43:56:00
70329	2474	242	131	168	43:58:00
70330	1657	242	132	169	44:02:00
70331	1645	242	133	170	44:08:00
70332	1615	242	38	171	44:10:00
70333	1544	242	134	172	44:12:00
70334	3124	242	135	173	44:17:00
70335	1608	242	136	174	44:22:00
70336	1623	242	137	175	44:26:00
70337	2363	242	39	176	44:28:00
70338	1806	242	138	177	44:29:00
70339	1842	242	139	178	44:32:00
70340	1746	242	140	179	44:33:00
70341	2233	242	141	180	44:34:00
70342	1718	242	142	181	44:37:00
70343	1707	242	40	182	44:43:00
70344	2362	242	41	183	44:44:00
70345	2472	242	143	184	44:45:00
70346	2578	242	144	185	44:46:00
70347	1958	242	145	186	44:49:00
70348	1568	242	146	187	44:50:00
70349	1573	242	147	188	44:51:00
70350	1656	242	42	189	44:54:00
70351	1713	242	148	190	44:55:00
70352	1574	242	149	191	44:57:00
70353	1683	242	150	192	44:58:00
70354	2347	242	43	193	45:00:00
70355	2431	242	151	194	45:01:00
70356	1530	242	152	195	45:02:00
70357	2579	242	44	196	45:07:00
70358	1660	242	153	197	45:08:00
70359	2361	242	154	198	45:09:00
70360	1614	242	155	199	45:10:00
70361	1655	242	45	200	45:17:00
70362	1688	242	156	201	45:18:00
70363	2580	242	46	202	45:19:00
70364	1962	242	157	203	45:21:00
70365	1609	242	158	204	45:24:00
70366	2354	242	47	205	45:35:00
70367	2581	242	48	206	45:40:00
70368	1641	242	49	207	45:41:00
70369	1681	242	50	208	45:43:00
70370	2483	242	159	209	45:45:00
70371	1670	242	51	210	45:48:00
70372	1541	242	52	211	45:50:00
70373	1982	242	53	212	45:51:00
70374	1971	242	54	213	45:53:00
70375	1659	242	160	214	45:57:00
70376	2364	242	55	215	46:01:00
70377	2372	242	161	216	46:04:00
70378	2554	242	162	217	46:07:00
70379	1898	242	163	218	46:12:00
70380	1496	242	164	219	46:13:00
70381	2165	242	56	220	46:13:00
70382	1957	242	165	221	46:14:00
70383	1692	242	57	222	46:15:00
70384	1686	242	166	223	46:16:00
70385	1949	242	58	224	46:18:00
70386	1493	242	59	225	46:19:00
70387	1649	242	60	226	46:20:00
70388	2059	242	167	227	46:22:00
70389	1666	242	61	228	46:24:00
70390	1909	242	62	229	46:29:00
70391	2489	242	63	230	46:32:00
70392	2558	242	168	231	46:33:00
70393	2555	242	64	232	46:38:00
70394	1637	242	169	233	46:41:00
70395	1901	242	65	234	46:46:00
70396	2485	242	66	235	46:55:00
70397	1618	242	67	236	46:59:00
70398	1635	242	170	237	47:00:00
70399	1628	242	171	238	47:02:00
70400	2103	242	172	239	47:12:00
70401	1700	242	173	240	47:18:00
70402	1980	242	68	241	47:21:00
70403	2582	242	69	242	47:24:00
70404	1691	242	70	243	47:25:00
70405	1969	242	71	244	47:30:00
70406	1976	242	72	245	47:33:00
70407	1717	242	73	246	47:35:00
70408	2510	242	174	247	47:38:00
70409	1705	242	74	248	47:43:00
70410	2423	242	75	249	47:45:00
70411	2368	242	76	250	47:48:00
70412	2370	242	175	251	47:53:00
70413	1856	242	176	252	48:01:00
70414	1896	242	77	253	48:04:00
70415	1911	242	78	254	48:10:00
70416	3034	242	79	255	48:12:00
70417	2383	242	177	256	48:16:00
70418	1716	242	178	257	48:19:00
70419	2519	242	179	258	48:22:00
70420	2292	242	80	259	48:23:00
70421	1671	242	81	260	48:27:00
70422	1981	242	82	261	48:28:00
70423	1643	242	83	262	48:44:00
70424	2506	242	84	263	48:51:00
70425	2388	242	180	264	48:52:00
70426	2494	242	85	265	48:55:00
70427	1778	242	86	266	49:02:00
70428	1922	242	181	267	49:02:00
70429	2492	242	182	268	49:04:00
70430	2500	242	183	269	49:05:00
70431	1562	242	184	270	49:07:00
70432	2389	242	185	271	49:10:00
70433	1703	242	186	272	49:11:00
70434	1781	242	187	273	49:23:00
70435	1755	242	87	274	49:25:00
70436	1728	242	88	275	49:26:00
70437	1699	242	188	276	49:27:00
70438	1706	242	89	277	49:28:00
70439	1991	242	90	278	49:40:00
70440	1973	242	189	279	49:42:00
70441	2380	242	190	280	49:48:00
70442	1785	242	91	281	49:53:00
70443	2583	242	92	282	50:08:00
70444	1639	242	191	283	50:10:00
70445	1754	242	192	284	50:12:00
70446	2497	242	193	285	50:19:00
70447	2504	242	93	286	50:28:00
70448	2584	242	194	287	50:29:00
70449	2517	242	195	288	50:37:00
70450	1677	242	94	289	50:45:00
70451	1678	242	196	290	50:46:00
70452	2498	242	95	291	50:47:00
70453	2499	242	197	292	50:48:00
70454	1722	242	96	293	50:50:00
70455	2281	242	97	294	50:51:00
70456	1983	242	98	295	50:52:00
70457	2520	242	99	296	50:53:00
70458	1664	242	100	297	50:54:00
70459	1791	242	101	298	50:55:00
70460	2503	242	198	299	50:56:00
70461	2382	242	199	300	50:57:00
70462	2585	242	102	301	51:04:00
70463	2586	242	103	302	51:08:00
70464	1915	242	104	303	51:12:00
70465	2487	242	200	304	51:25:00
70466	2378	242	105	305	51:26:00
70467	1733	242	201	306	51:28:00
70468	1913	242	202	307	51:29:00
70469	1751	242	106	308	51:30:00
70470	1693	242	107	309	51:38:00
70471	1743	242	203	310	51:43:00
70472	1921	242	108	311	51:48:00
70473	1732	242	109	312	51:49:00
70474	2587	242	110	313	51:51:00
70475	1975	242	111	314	51:59:00
70476	2075	242	112	315	52:07:00
70477	2589	242	113	316	52:08:00
70478	2076	242	114	317	52:10:00
70479	2557	242	115	318	52:21:00
70480	2410	242	204	319	52:25:00
70481	1697	242	116	320	52:26:00
70482	1979	242	117	321	52:28:00
70483	2396	242	118	322	52:29:00
70484	2411	242	119	323	52:30:00
70485	2400	242	120	324	52:39:00
70486	1796	242	205	325	52:41:00
70487	1787	242	121	326	52:50:00
70488	2516	242	122	327	52:53:00
70489	2686	242	206	328	52:55:00
70490	1917	242	207	329	53:01:00
70491	2395	242	123	330	53:19:00
70492	1510	242	208	331	53:42:00
70493	1761	242	124	332	53:50:00
70494	1808	242	125	333	53:57:00
70495	1759	242	126	334	53:58:00
70496	1784	242	209	335	53:59:00
70497	1829	242	210	336	54:11:00
70498	1752	242	127	337	54:36:00
70499	2403	242	211	338	54:55:00
70500	2590	242	128	339	54:57:00
70501	1783	242	212	340	55:09:00
70502	2425	242	213	341	55:18:00
70503	1710	242	129	342	55:21:00
70504	2419	242	130	343	55:24:00
70505	2591	242	131	344	55:25:00
70506	2523	242	132	345	55:27:00
70507	1767	242	133	346	55:45:00
70508	2562	242	134	347	55:53:00
70509	2408	242	135	348	55:54:00
70510	2524	242	136	349	55:56:00
70511	1679	242	137	350	56:03:00
70512	1795	242	214	351	56:09:00
70513	2405	242	215	352	56:17:00
70514	1793	242	216	353	56:21:00
70515	2525	242	138	354	56:22:00
70516	2413	242	217	355	56:25:00
70517	1792	242	218	356	56:27:00
70518	1770	242	139	357	56:48:00
70519	2086	242	140	358	56:51:00
70520	1989	242	141	359	56:58:00
70521	2420	242	142	360	57:07:00
70522	2527	242	143	361	57:27:00
70523	2528	242	219	362	57:29:00
70524	2309	242	144	363	57:33:00
70525	1766	242	145	364	57:37:00
70526	1740	242	146	365	57:38:00
70527	2530	242	147	366	57:39:00
70528	2414	242	148	367	57:43:00
70529	1840	242	149	368	57:44:00
70530	1813	242	150	369	58:10:00
70531	1814	242	220	370	58:11:00
70532	2592	242	151	371	58:31:00
70533	1807	242	221	372	58:33:00
70534	2192	242	152	373	58:34:00
70535	1782	242	153	374	1:00:04
70536	2531	242	222	375	1:00:11
70537	2518	242	154	376	1:00:30
70538	1822	242	155	377	1:00:31
70539	2533	242	223	378	1:00:32
70540	2186	242	156	379	1:00:33
70541	2430	242	157	380	1:00:42
70542	2593	242	224	381	1:00:43
70543	2594	242	158	382	1:01:31
70544	2595	242	159	383	1:01:47
70545	2426	242	225	384	1:01:52
70546	2079	242	160	385	1:02:07
70547	1818	242	161	386	1:02:10
70548	1486	242	226	387	1:02:11
70549	1821	242	162	388	1:02:37
70550	2190	242	163	389	1:04:29
70551	2439	242	227	390	1:04:30
70552	2596	243	1	1	29:32
70553	1925	243	2	2	31:58
70554	1436	243	3	3	32:31
70555	1441	243	4	4	32:45
70556	2446	243	5	5	32:50
70557	1463	243	6	6	32:54
70558	1443	243	7	7	32:59
70559	1451	243	8	8	33:05
70560	1440	243	9	9	33:07
70561	1854	243	10	10	33:36
70562	1450	243	11	11	33:42
70563	1930	243	12	12	33:48
70564	1567	243	13	13	34:14
70565	1695	243	14	14	34:16
70566	1464	243	15	15	34:30
70567	1447	243	16	16	34:31
70568	2331	243	17	17	34:40
70569	2543	243	18	18	34:48
70570	3428	243	19	19	34:54
70571	1456	243	20	20	35:02
70572	2327	243	21	21	35:11
70573	1511	243	22	22	35:25
70574	1466	243	23	23	35:34
70575	2017	243	1	24	35:37
70576	1446	243	24	25	35:41
70577	2110	243	25	26	35:41
70578	2157	243	26	27	36:00
70579	2597	243	27	28	36:23
70580	1490	243	28	29	36:29
70581	1516	243	29	30	36:44
70582	1481	243	30	31	36:46
70583	1557	243	31	32	36:48
70584	1487	243	32	33	36:57
70585	2205	243	2	34	36:59
70586	2021	243	33	35	36:59
70587	2334	243	34	36	37:00
70588	1558	243	35	37	37:03
70589	1510	243	36	38	37:05
70590	1505	243	3	39	37:13
70591	1544	243	37	40	37:18
70592	1834	243	38	41	37:21
70593	2091	243	39	42	37:22
70594	1868	243	40	43	37:27
70595	2598	243	41	44	37:30
70596	1503	243	42	45	37:32
70597	1504	243	43	46	37:33
70598	2090	243	44	47	37:34
70599	2235	243	45	48	37:35
70600	1484	243	46	49	37:38
70601	1500	243	4	50	37:44
70602	1488	243	47	51	37:50
70603	2342	243	48	52	37:54
70604	2454	243	5	53	37:56
70605	1467	243	49	54	38:04
70606	2445	243	50	55	38:05
70607	1497	243	51	56	38:07
70608	1502	243	52	57	38:08
70609	1863	243	53	58	38:08
70610	1452	243	54	59	38:29
70611	1604	243	55	60	38:35
70612	1841	243	56	61	38:47
70613	1524	243	57	62	38:50
70614	1581	243	58	63	38:56
70615	1549	243	59	64	38:57
70616	1870	243	60	65	38:57
70617	2443	243	61	66	39:06
70618	1942	243	62	67	39:09
70619	2469	243	63	68	39:11
70620	1564	243	6	69	39:19
70621	1479	243	64	70	39:20
70622	1541	243	7	71	39:29
70623	1636	243	65	72	39:35
70624	1575	243	66	73	39:39
70625	1974	243	67	74	39:41
70626	2231	243	68	75	39:43
70627	1884	243	69	76	39:46
70628	1576	243	70	77	39:46
70629	1806	243	71	78	39:48
70630	1523	243	8	79	39:51
70631	1869	243	72	80	39:54
70632	1534	243	9	81	39:56
70633	1601	243	73	82	40:09
70634	1625	243	74	83	40:13
70635	1566	243	10	84	40:15
70636	1578	243	75	85	40:16
70637	1592	243	11	86	40:18
70638	1875	243	12	87	40:26
70639	1593	243	76	88	40:28
70640	1933	243	13	89	40:32
70641	2355	243	14	90	40:37
70642	2550	243	15	91	40:43
70643	1552	243	16	92	40:44
70644	1627	243	77	93	40:45
70645	1517	243	78	94	40:47
70646	1950	243	17	95	40:48
70647	1469	243	79	96	40:51
70648	1949	243	18	97	40:53
70649	1629	243	80	98	40:55
70650	1569	243	81	99	41:00
70651	1582	243	19	100	41:03
70652	1528	243	20	101	41:06
70653	2346	243	82	102	41:12
70654	1872	243	83	103	41:25
70655	1606	243	84	104	41:34
70656	2459	243	21	105	41:37
70657	2139	243	85	106	41:47
70658	2034	243	86	107	41:52
70659	1962	243	87	108	42:03
70660	1626	243	88	109	42:04
70661	2470	243	22	110	42:06
70662	1580	243	89	111	42:11
70663	1910	243	90	112	42:14
70664	1591	243	91	113	42:16
70665	1574	243	92	114	42:38
70666	1887	243	23	115	42:55
70667	1715	243	24	116	42:55
70668	1946	243	93	117	42:58
70669	1585	243	94	118	42:59
70670	2363	243	25	119	43:02
70671	2344	243	26	120	43:15
70672	1647	243	27	121	43:20
70673	1653	243	95	122	43:26
70674	2552	243	28	123	43:26
70675	2135	243	96	124	43:36
70676	1906	243	97	125	43:38
70677	1686	243	98	126	43:45
70678	1619	243	29	127	43:47
70679	1842	243	99	128	43:48
70680	2072	243	30	129	43:51
70681	1521	243	100	130	43:55
70682	1940	243	101	131	43:57
70683	1614	243	102	132	44:01
70684	1657	243	103	133	44:02
70685	2599	243	31	134	44:03
70686	1615	243	32	135	44:06
70687	2474	243	104	136	44:10
70688	1611	243	105	137	44:12
70689	1954	243	106	138	44:14
70690	1900	243	33	139	44:37
70691	1531	243	34	140	44:42
70692	1892	243	107	141	44:45
70693	1623	243	108	142	44:53
70694	2228	243	109	143	44:55
70695	2253	243	35	144	44:56
70696	1971	243	36	145	44:58
70697	2121	243	37	146	44:59
70698	2364	243	38	147	45:00
70699	1650	243	110	148	45:06
70700	1957	243	111	149	45:12
70701	1990	243	112	150	45:15
70702	1899	243	113	151	45:24
70703	1628	243	114	152	45:27
70704	1519	243	115	153	45:32
70705	2362	243	39	154	45:32
70706	1911	243	40	155	45:34
70707	2165	243	41	156	45:36
70708	1645	243	116	157	45:39
70709	2167	243	42	158	45:47
70710	1621	243	43	159	45:49
70711	1649	243	44	160	45:50
70712	2555	243	45	161	45:58
70713	1656	243	46	162	45:59
70714	1692	243	47	163	46:09
70715	2556	243	117	164	46:21
70716	2485	243	48	165	46:28
70717	1688	243	118	166	46:36
70718	1905	243	119	167	46:38
70719	1982	243	49	168	46:38
70720	1643	243	50	169	46:39
70721	2103	243	120	170	46:50
70722	2557	243	51	171	46:52
70723	1718	243	121	172	46:53
70724	1699	243	122	173	46:58
70725	2483	243	123	174	47:01
70726	3034	243	52	175	47:02
70727	1705	243	53	176	47:04
70728	1737	243	54	177	47:10
70729	1790	243	124	178	47:11
70730	1562	243	125	179	47:13
70731	1909	243	55	180	47:22
70732	1901	243	56	181	47:23
70733	1958	243	126	182	47:23
70734	1714	243	57	183	47:25
70735	1781	243	127	184	47:27
70736	2366	243	58	185	47:30
70737	2486	243	128	186	47:33
70738	1713	243	129	187	47:38
70739	2492	243	130	188	47:48
70740	2368	243	59	189	47:53
70741	1976	243	60	190	48:14
70742	1969	243	61	191	48:15
70743	1671	243	62	192	48:23
70744	1639	243	131	193	48:25
70745	2484	243	132	194	48:26
70746	1691	243	63	195	48:32
70747	1975	243	64	196	48:35
70748	2916	243	133	197	48:41
70749	1785	243	65	198	48:48
70750	1681	243	66	199	48:51
70751	1697	243	67	200	48:52
70752	1666	243	68	201	48:56
70753	2064	243	69	202	49:05
70754	2520	243	70	203	49:10
70755	1991	243	71	204	49:14
70756	2600	243	134	205	49:25
70757	2601	243	72	206	49:25
70758	1496	243	135	207	49:32
70759	2047	243	73	208	49:39
70760	1751	243	74	209	49:43
70761	1792	243	136	210	49:50
70762	1667	243	75	211	49:52
70763	1683	243	137	212	50:05
70764	1728	243	76	213	50:09
70765	1754	243	138	214	50:11
70766	2292	243	77	215	50:17
70767	1704	243	78	216	50:19
70768	1759	243	79	217	50:22
70769	1983	243	80	218	50:28
70770	1664	243	81	219	50:29
70771	2388	243	139	220	50:34
70772	1743	243	140	221	50:38
70773	1755	243	82	222	50:41
70774	1778	243	83	223	50:44
70775	1700	243	141	224	50:56
70776	1922	243	142	225	50:58
70777	1624	243	84	226	51:06
70778	1733	243	143	227	51:07
70779	2389	243	144	228	51:08
70780	2408	243	85	229	51:11
70781	2403	243	145	230	51:25
70782	2068	243	146	231	51:32
70783	1996	243	147	232	51:37
70784	1677	243	86	233	51:38
70785	1678	243	148	234	51:39
70786	1738	243	87	235	52:03
70787	2297	243	88	236	52:03
70788	1693	243	89	237	52:14
70789	2503	243	149	238	52:16
70790	1917	243	150	239	52:23
70791	2410	243	151	240	52:32
70792	1829	243	152	241	52:52
70793	1791	243	90	242	52:54
70794	1979	243	91	243	53:03
70795	2502	243	92	244	53:13
70796	1723	243	153	245	53:16
70797	2400	243	93	246	53:28
70798	2290	243	94	247	53:31
70799	1787	243	95	248	53:53
70800	1766	243	96	249	53:56
70801	2412	243	154	250	53:58
70802	1783	243	155	251	54:32
70803	2602	243	97	252	54:36
70804	2192	243	98	253	54:55
70805	1784	243	156	254	55:45
70806	2079	243	99	255	55:50
70807	1722	243	100	256	55:57
70808	1742	243	157	257	56:05
70809	2309	243	101	258	56:21
70810	2591	243	102	259	56:24
70811	2425	243	158	260	57:03
70812	2419	243	103	261	57:05
70813	2540	243	104	262	57:07
70814	1807	243	159	263	57:39
70815	1817	243	105	264	57:40
70816	1831	243	160	265	57:48
70817	1830	243	161	266	57:50
70818	1793	243	162	267	58:00
70819	1813	243	106	268	58:24
70820	1814	243	163	269	58:25
70821	2430	243	107	270	58:26
70822	1818	243	108	271	58:31
70823	1486	243	164	272	58:34
70824	2424	243	109	273	58:49
70825	2562	243	110	274	59:03
70826	1845	243	111	275	59:07
70827	1710	243	112	276	59:29
70828	2086	243	113	277	59:32
70829	2564	243	165	278	59:35
70830	2603	243	114	279	59:49
70831	2528	243	166	280	59:55
70832	2527	243	115	281	59:56
70833	2420	243	116	282	1:00:33
70834	1587	243	117	283	1:01:06
70835	2010	243	118	284	1:01:11
70836	2426	243	167	285	1:10:15
70837	1836	243	168	286	1:16:22
70838	1434	244	1	1	54:08
70839	1433	244	2	2	55:29
70840	1439	244	3	3	58:26
70841	1436	244	4	4	59:21
70842	2604	244	5	5	1:00:01
70843	1925	244	6	6	1:00:24
70844	1438	244	7	7	1:00:49
70845	1440	244	8	8	1:02:05
70846	1437	244	9	9	1:02:11
70847	2446	244	10	10	1:02:18
70848	1463	244	11	11	1:02:28
70849	1471	244	12	12	1:02:34
70850	1447	244	13	13	1:02:35
70851	2332	244	14	14	1:02:37
70852	1930	244	15	15	1:02:39
70853	2331	244	16	16	1:02:45
70854	2017	244	1	17	1:02:56
70855	1854	244	17	18	1:03:32
70856	1855	244	18	19	1:03:33
70857	1466	244	19	20	1:03:37
70858	1451	244	20	21	1:03:49
70859	2325	244	21	22	1:03:51
70860	1461	244	22	23	1:03:56
70861	1458	244	23	24	1:03:59
70862	1473	244	24	25	1:04:08
70863	1453	244	25	26	1:04:20
70864	1448	244	26	27	1:04:33
70865	1460	244	27	28	1:05:51
70866	2327	244	28	29	1:05:55
70867	1443	244	29	30	1:06:09
70868	1446	244	30	31	1:06:31
70869	2021	244	31	32	1:06:49
70870	1928	244	32	33	1:06:57
70871	2543	244	33	34	1:07:39
70872	1487	244	34	35	1:07:54
70873	1490	244	35	36	1:08:05
70874	2113	244	36	37	1:08:19
70875	1500	244	2	38	1:08:28
70876	1504	244	37	39	1:08:49
70877	1865	244	38	40	1:08:52
70878	1604	244	39	41	1:08:58
70879	1521	244	40	42	1:09:26
70880	1456	244	41	43	1:09:31
70881	1512	244	42	44	1:09:32
70882	2547	244	43	45	1:09:41
70883	1870	244	44	46	1:09:51
70884	1558	244	45	47	1:10:11
70885	1868	244	46	48	1:10:12
70886	1695	244	47	49	1:10:14
70887	2157	244	48	50	1:10:18
70888	2597	244	49	51	1:10:19
70889	1935	244	50	52	1:10:25
70890	1503	244	51	53	1:10:29
70891	2454	244	3	54	1:10:30
70892	1484	244	52	55	1:10:39
70893	1557	244	53	56	1:10:49
70894	1516	244	54	57	1:10:59
70895	1488	244	55	58	1:11:01
70896	1841	244	56	59	1:11:18
70897	1505	244	4	60	1:11:21
70898	2342	244	57	61	1:11:22
70899	1539	244	58	62	1:11:27
70900	3428	244	59	63	1:11:27
70901	1515	244	60	64	1:11:33
70902	2160	244	61	65	1:11:34
70903	1565	244	5	66	1:11:41
70904	2090	244	62	67	1:11:56
70905	2443	244	63	68	1:12:12
70906	2456	244	64	69	1:12:21
70907	1636	244	65	70	1:12:24
70908	2469	244	66	71	1:12:27
70909	2228	244	67	72	1:12:35
70910	1560	244	6	73	1:12:51
70911	1564	244	7	74	1:12:52
70912	1479	244	68	75	1:12:53
70913	1884	244	69	76	1:12:55
70914	1549	244	70	77	1:13:05
70915	1625	244	71	78	1:13:16
70916	1534	244	8	79	1:13:49
70917	2550	244	9	80	1:14:11
70918	1552	244	10	81	1:14:13
70919	2605	244	72	82	1:14:45
70920	1875	244	11	83	1:15:05
70921	2344	244	12	84	1:15:18
70922	1887	244	13	85	1:15:22
70923	1627	244	73	86	1:15:31
70924	2460	244	74	87	1:15:43
70925	1523	244	14	88	1:15:50
70926	1949	244	15	89	1:16:13
70927	1950	244	16	90	1:16:16
70928	1541	244	17	91	1:16:17
70929	2341	244	75	92	1:16:19
70930	1582	244	18	93	1:16:21
70931	1933	244	19	94	1:16:25
70932	2233	244	76	95	1:16:26
70933	1974	244	77	96	1:16:38
70934	1569	244	78	97	1:16:41
70935	1910	244	79	98	1:16:58
70936	1469	244	80	99	1:17:06
70937	2459	244	20	100	1:17:12
70938	1571	244	81	101	1:17:18
70939	1606	244	82	102	1:17:19
70940	2606	244	83	103	1:17:30
70941	1640	244	84	104	1:17:36
70942	1942	244	85	105	1:17:44
70943	1806	244	86	106	1:17:45
70944	2139	244	87	107	1:17:54
70945	2607	244	21	108	1:18:07
70946	2608	244	22	109	1:18:08
70947	1653	244	88	110	1:18:27
70948	2034	244	89	111	1:18:28
70949	1580	244	90	112	1:18:31
70950	2466	244	23	113	1:18:34
70951	1620	244	91	114	1:18:40
70952	1962	244	92	115	1:19:02
70953	1591	244	93	116	1:19:36
70954	1873	244	94	117	1:19:47
70955	1888	244	24	118	1:20:04
70956	1574	244	95	119	1:20:27
70957	1619	244	25	120	1:20:29
70958	2072	244	26	121	1:20:54
70959	1649	244	27	122	1:20:55
70960	2253	244	28	123	1:21:00
70961	2235	244	96	124	1:21:03
70962	1647	244	29	125	1:21:04
70963	2097	244	30	126	1:21:33
70964	1892	244	97	127	1:21:38
70965	2356	244	31	128	1:21:53
70966	1842	244	98	129	1:22:14
70967	1650	244	99	130	1:22:24
70968	2552	244	32	131	1:22:30
70969	1654	244	33	132	1:22:39
70970	1618	244	34	133	1:22:40
70971	2363	244	35	134	1:22:44
70972	1737	244	36	135	1:22:48
70973	1637	244	100	136	1:22:59
70974	1965	244	101	137	1:23:15
70975	1746	244	102	138	1:23:19
70976	2376	244	103	139	1:23:20
70977	2033	244	104	140	1:23:39
70978	1621	244	37	141	1:23:44
70979	1696	244	38	142	1:23:50
70980	2362	244	39	143	1:23:51
70981	1948	244	105	144	1:24:05
70982	1655	244	40	145	1:24:10
70983	1656	244	41	146	1:24:15
70984	1496	244	106	147	1:24:24
70985	1530	244	107	148	1:24:25
70986	1920	244	42	149	1:24:26
70987	1899	244	108	150	1:24:28
70988	1982	244	43	151	1:24:35
70989	1705	244	44	152	1:24:39
70990	1665	244	109	153	1:24:41
70991	2167	244	45	154	1:25:00
70992	1707	244	46	155	1:25:04
70993	2474	244	110	156	1:25:10
70994	1957	244	111	157	1:25:15
70995	1615	244	47	158	1:25:27
70996	1666	244	48	159	1:25:32
70997	1715	244	49	160	1:25:59
70998	1981	244	50	161	1:26:00
70999	1688	244	112	162	1:26:05
71000	2554	244	113	163	1:26:18
71001	1713	244	114	164	1:26:27
71002	1692	244	51	165	1:26:29
71003	1911	244	52	166	1:26:36
71004	1718	244	115	167	1:26:42
71005	2555	244	53	168	1:26:53
71006	1660	244	116	169	1:27:33
71007	1909	244	54	170	1:28:00
71008	1940	244	117	171	1:28:01
71009	2170	244	118	172	1:28:02
71010	1568	244	119	173	1:28:02
71011	1645	244	120	174	1:28:08
71012	1856	244	121	175	1:28:39
71013	2368	244	55	176	1:28:41
71014	2007	244	56	177	1:28:42
71015	1717	244	57	178	1:28:50
71016	1614	244	122	179	1:28:56
71017	1953	244	123	180	1:29:00
71018	2383	244	124	181	1:29:25
71019	1611	244	125	182	1:29:32
71020	1579	244	126	183	1:29:44
71021	3124	244	127	184	1:29:47
71022	1958	244	128	185	1:30:04
71023	1751	244	58	186	1:30:32
71024	1716	244	129	187	1:30:43
71025	1562	244	130	188	1:30:48
71026	2486	244	131	189	1:31:00
71027	2242	244	132	190	1:31:07
71028	2499	244	133	191	1:31:21
71029	2498	244	59	192	1:31:24
71030	1700	244	134	193	1:31:29
71031	1671	244	60	194	1:31:37
71032	2144	244	61	195	1:31:44
71033	1976	244	62	196	1:32:20
71034	1699	244	135	197	1:32:40
71035	1710	244	63	198	1:33:10
71036	2510	244	136	199	1:33:11
71037	1691	244	64	200	1:33:17
71038	1697	244	65	201	1:33:25
71039	2519	244	137	202	1:33:38
71040	2504	244	66	203	1:34:43
71041	1704	244	67	204	1:34:53
71042	1905	244	138	205	1:36:08
71043	1643	244	68	206	1:36:08
71044	1686	244	139	207	1:36:09
71045	2389	244	140	208	1:36:16
71046	2561	244	141	209	1:36:17
71047	2600	244	142	210	1:36:27
71048	2601	244	69	211	1:36:28
71049	1624	244	70	212	1:36:59
71050	1979	244	71	213	1:37:07
71051	1913	244	143	214	1:37:10
71052	1767	244	72	215	1:37:11
71053	1733	244	144	216	1:37:19
71054	1667	244	73	217	1:37:43
71055	1921	244	74	218	1:37:45
71056	1722	244	75	219	1:38:01
71057	1635	244	145	220	1:38:33
71058	1829	244	146	221	1:38:46
71059	1723	244	147	222	1:39:31
71060	1815	244	148	223	1:39:33
71061	1784	244	149	224	1:40:31
71062	2058	244	76	225	1:40:44
71063	2068	244	150	226	1:40:55
71064	1766	244	77	227	1:41:39
71065	2309	244	78	228	1:42:41
71066	1743	244	151	229	1:42:50
71067	1677	244	79	230	1:43:05
71068	1678	244	152	231	1:43:06
71069	1787	244	80	232	1:45:41
71070	2290	244	81	233	1:46:37
71071	1917	244	153	234	1:47:11
71072	1807	244	154	235	1:52:56
71073	1797	244	155	236	2:00:28
71074	1433	245	1	1	36:45:00
71075	1436	245	2	2	37:41:00
71076	1455	245	3	3	38:07:00
71077	1443	245	4	4	38:51:00
71078	1441	245	5	5	38:57:00
71079	1442	245	6	6	39:20:00
71080	1451	245	7	7	39:35:00
71081	1453	245	8	8	39:45:00
71082	2014	245	9	9	39:48:00
71083	1439	245	10	10	40:25:00
71084	1463	245	11	11	40:27:00
71085	1854	245	12	12	40:28:00
71086	2570	245	13	13	40:36:00
71087	1482	245	14	14	40:39:00
71088	1440	245	15	15	40:45:00
71089	1567	245	16	16	40:50:00
71090	2331	245	17	17	40:54:00
71091	2329	245	18	18	41:09:00
71092	1460	245	19	19	41:14:00
71093	2327	245	20	20	41:15:00
71094	2542	245	21	21	41:24:00
71095	1438	245	22	22	41:25:00
71096	1450	245	23	23	41:32:00
71097	2609	245	24	24	41:52:00
71098	2325	245	25	25	42:00:00
71099	1447	245	26	26	42:03:00
71100	1855	245	27	27	42:19:00
71101	1466	245	28	28	42:29:00
71102	1456	245	29	29	42:31:00
71103	2332	245	30	30	42:49:00
71104	1467	245	31	31	43:07:00
71105	1521	245	32	32	43:11:00
71106	1486	245	33	33	43:17:00
71107	1593	245	34	34	43:32:00
71108	2572	245	35	35	43:34:00
71109	2450	245	36	36	43:38:00
71110	2330	245	37	37	43:50:00
71111	2021	245	38	38	43:54:00
71112	1497	245	39	39	43:56:00
71113	2335	245	40	40	43:56:00
71114	3428	245	41	41	43:57:00
71115	1928	245	42	42	43:58:00
71116	2338	245	43	43	43:59:00
71117	1581	245	44	44	44:02:00
71118	1629	245	45	45	44:08:00
71119	1490	245	46	46	44:15:00
71120	1557	245	47	47	44:26:00
71121	1502	245	48	48	44:28:00
71122	2449	245	49	49	44:34:00
71123	1510	245	50	50	44:50:00
71124	1515	245	51	51	44:55:00
71125	1512	245	52	52	44:58:00
71126	2611	245	1	53	45:00:00
71127	2612	245	53	54	45:01:00
71128	1488	245	54	55	45:09:00
71129	1503	245	55	56	45:23:00
71130	2342	245	56	57	45:24:00
71131	2113	245	57	58	45:25:00
71132	1484	245	58	59	45:26:00
71133	1636	245	59	60	45:29:00
71134	1604	245	60	61	45:44:00
71135	1505	245	2	62	45:53:00
71136	2023	245	3	63	45:54:00
71137	2455	245	61	64	45:56:00
71138	1870	245	62	65	46:06:00
71139	1516	245	63	66	46:08:00
71140	2573	245	64	67	46:09:00
71141	1545	245	4	68	46:09:00
71142	1500	245	5	69	46:13:00
71143	1935	245	65	70	46:23:00
71144	1576	245	66	71	46:35:00
71145	1565	245	6	72	46:47:00
71146	2613	245	67	73	46:47:00
71147	2443	245	68	74	46:48:00
71148	1841	245	69	75	46:51:00
71149	2614	245	70	76	46:52:00
71150	2605	245	71	77	47:06:00
71151	2051	245	7	78	47:07:00
71152	1561	245	8	79	47:16:00
71153	1551	245	9	80	47:17:00
71154	1481	245	72	81	47:17:00
71155	1470	245	73	82	47:21:00
71156	1869	245	74	83	47:25:00
71157	1564	245	10	84	47:29:00
71158	2615	245	75	85	47:32:00
71159	1873	245	76	86	47:36:00
71160	1575	245	77	87	47:45:00
71161	1942	245	78	88	47:48:00
71162	1867	245	79	89	47:54:00
71163	2223	245	80	90	47:57:00
71164	2026	245	11	91	48:02:00
71165	1950	245	12	92	48:07:00
71166	1949	245	13	93	48:14:00
71167	2231	245	81	94	48:22:00
71168	2468	245	82	95	48:28:00
71169	2460	245	83	96	48:34:00
71170	2341	245	84	97	48:36:00
71171	1520	245	85	98	48:46:00
71172	1591	245	86	99	48:51:00
71173	1552	245	14	100	48:51:00
71174	1541	245	15	101	48:53:00
71175	1589	245	87	102	48:58:00
71176	1974	245	88	103	49:00:00
71177	1569	245	89	104	49:04:00
71178	1626	245	90	105	49:07:00
71179	1698	245	91	106	49:13:00
71180	1523	245	16	107	49:13:00
71181	1534	245	17	108	49:14:00
71182	1806	245	92	109	49:15:00
71183	1477	245	18	110	49:16:00
71184	1579	245	93	111	49:19:00
71185	1592	245	19	112	49:20:00
71186	2470	245	20	113	49:21:00
71187	1585	245	94	114	49:25:00
71188	1872	245	95	115	49:32:00
71189	1578	245	96	116	49:33:00
71190	1627	245	97	117	49:39:00
71191	1875	245	21	118	49:43:00
71192	1659	245	98	119	50:01:00
71193	2344	245	22	120	50:10:00
71194	2608	245	23	121	50:17:00
71195	1910	245	99	122	50:31:00
71196	2346	245	100	123	50:34:00
71197	2550	245	24	124	50:37:00
71198	2228	245	101	125	50:40:00
71199	2233	245	102	126	50:50:00
71200	2139	245	103	127	50:52:00
71201	1606	245	104	128	51:00:00
71202	2616	245	105	129	51:11:00
71203	2349	245	106	130	51:16:00
71204	2617	245	107	131	51:21:00
71205	1580	245	108	132	51:24:00
71206	1625	245	109	133	51:27:00
71207	2618	245	110	134	51:29:00
71208	2072	245	25	135	51:31:00
71209	1582	245	26	136	51:33:00
71210	2619	245	27	137	51:36:00
71211	2552	245	28	138	51:37:00
71212	2463	245	111	139	51:39:00
71213	2916	245	112	140	51:51:00
71214	1892	245	113	141	51:52:00
71215	1940	245	114	142	51:59:00
71216	1715	245	29	143	52:02:00
71217	1496	245	115	144	52:06:00
71218	1530	245	116	145	52:07:00
71219	1519	245	117	146	52:14:00
71220	1653	245	118	147	52:15:00
71221	1640	245	119	148	52:17:00
71222	2620	245	120	149	52:26:00
71223	1946	245	121	150	52:27:00
71224	1664	245	30	151	52:27:00
71225	1623	245	122	152	52:28:00
71226	1718	245	123	153	52:35:00
71227	2121	245	31	154	52:37:00
71228	1650	245	124	155	52:41:00
71229	1887	245	32	156	52:42:00
71230	2363	245	33	157	52:44:00
71231	1957	245	125	158	52:44:00
71232	1962	245	126	159	52:46:00
71233	1621	245	34	160	52:50:00
71234	1527	245	127	161	52:51:00
71235	1702	245	128	162	52:56:00
71236	1647	245	35	163	53:00:00
71237	2574	245	36	164	53:02:00
71238	2376	245	129	165	53:02:00
71239	1574	245	130	166	53:08:00
71240	2356	245	37	167	53:12:00
71241	2472	245	131	168	53:23:00
71242	1948	245	132	169	53:27:00
71243	1517	245	133	170	53:35:00
71244	1657	245	134	171	53:37:00
71245	1469	245	135	172	53:39:00
71246	1619	245	38	173	53:43:00
71247	2452	245	136	174	53:43:00
71248	2578	245	137	175	53:45:00
71249	3124	245	138	176	53:57:00
71250	2479	245	39	177	53:59:00
71251	1696	245	40	178	54:01:00
71252	1707	245	41	179	54:04:00
71253	2474	245	139	180	54:20:00
71254	2480	245	140	181	54:22:00
71255	1686	245	141	182	54:32:00
71256	1683	245	142	183	54:33:00
71257	1568	245	143	184	54:36:00
71258	1842	245	144	185	54:39:00
71259	2489	245	42	186	54:42:00
71260	2361	245	145	187	54:48:00
71261	1990	245	146	188	54:51:00
71262	2621	245	147	189	54:52:00
71263	2581	245	43	190	54:52:00
71264	2362	245	44	191	54:55:00
71265	1982	245	45	192	54:59:00
71266	1688	245	148	193	55:00:00
71267	1665	245	149	194	55:04:00
71268	1746	245	150	195	55:09:00
71269	2364	245	46	196	55:11:00
71270	2483	245	151	197	55:12:00
71271	1705	245	47	198	55:12:00
71272	1909	245	48	199	55:18:00
71273	1681	245	49	200	55:23:00
71274	2170	245	152	201	55:40:00
71275	2431	245	153	202	55:43:00
71276	2486	245	154	203	55:51:00
71277	2622	245	50	204	55:51:00
71278	2623	245	51	205	55:57:00
71279	2624	245	155	206	55:58:00
71280	2625	245	52	207	56:07:00
71281	2555	245	53	208	56:11:00
71282	1614	245	156	209	56:12:00
71283	2519	245	157	210	56:18:00
71284	1901	245	54	211	56:26:00
71285	1911	245	55	212	56:29:00
71286	2510	245	158	213	56:30:00
71287	1976	245	56	214	56:36:00
71288	1713	245	159	215	56:41:00
71289	1716	245	160	216	56:44:00
71290	2368	245	57	217	56:44:00
71291	2365	245	161	218	57:09:00
71292	2353	245	162	219	57:12:00
71293	1969	245	58	220	57:22:00
71294	1899	245	163	221	57:28:00
71295	1717	245	59	222	57:33:00
71296	1728	245	60	223	57:35:00
71297	3034	245	61	224	57:49:00
71298	1666	245	62	225	57:50:00
71299	1856	245	164	226	57:53:00
71300	1981	245	63	227	57:53:00
71301	2056	245	64	228	58:10:00
71302	2554	245	165	229	58:13:00
71303	2520	245	65	230	58:16:00
71304	2506	245	66	231	58:18:00
71305	1781	245	166	232	58:20:00
71306	1755	245	67	233	58:21:00
71307	2498	245	68	234	58:25:00
71308	1905	245	167	235	58:25:00
71309	1973	245	168	236	58:26:00
71310	1703	245	169	237	58:37:00
71311	2503	245	170	238	58:43:00
71312	1725	245	69	239	58:50:00
71313	2517	245	171	240	58:52:00
71314	2371	245	172	241	58:57:00
71315	2372	245	173	242	58:58:00
71316	1562	245	174	243	58:59:00
71317	1700	245	175	244	59:05:00
71318	2292	245	70	245	59:06:00
71319	1737	245	71	246	59:13:00
71320	1790	245	176	247	59:14:00
71321	1815	245	177	248	59:19:00
71322	1979	245	72	249	59:25:00
71323	1953	245	178	250	59:28:00
71324	1639	245	179	251	59:34:00
71325	1783	245	180	252	59:35:00
71326	2626	245	73	253	59:44:00
71327	1906	245	181	254	59:58:00
71328	1778	245	74	255	1:00:06
71329	2627	245	75	256	1:00:10
71330	1996	245	182	257	1:00:15
71331	1714	245	76	258	1:00:17
71332	2502	245	77	259	1:00:19
71333	1697	245	78	260	1:00:27
71334	1913	245	183	261	1:00:30
71335	1658	245	184	262	1:00:41
71336	1980	245	79	263	1:00:44
71337	1751	245	80	264	1:00:46
71338	2377	245	81	265	1:00:49
71339	1991	245	82	266	1:00:58
71340	2281	245	83	267	1:01:11
71341	1732	245	84	268	1:01:13
71342	2586	245	85	269	1:01:17
71343	2404	245	86	270	1:01:24
71344	1754	245	185	271	1:01:26
71345	2378	245	87	272	1:01:36
71346	2068	245	186	273	1:01:45
71347	2382	245	187	274	1:01:54
71348	1722	245	88	275	1:01:56
71349	2628	245	89	276	1:02:02
71350	2515	245	188	277	1:02:02
71351	1921	245	90	278	1:02:16
71352	1694	245	189	279	1:02:23
71353	2504	245	91	280	1:02:25
71354	2505	245	92	281	1:02:31
71355	1733	245	190	282	1:02:45
71356	2058	245	93	283	1:02:47
71357	1829	245	191	284	1:02:49
71358	1795	245	192	285	1:02:59
71359	1710	245	94	286	1:03:03
71360	1784	245	193	287	1:03:17
71361	2400	245	95	288	1:03:26
71362	2403	245	194	289	1:03:36
71363	1767	245	96	290	1:03:39
71364	1693	245	97	291	1:03:46
71365	2589	245	98	292	1:03:48
71366	1743	245	195	293	1:03:49
71367	1643	245	99	294	1:03:51
71368	1761	245	100	295	1:04:00
71369	1624	245	101	296	1:04:01
71370	2388	245	196	297	1:04:04
71371	1677	245	102	298	1:04:09
71372	1678	245	197	299	1:04:10
71373	1918	245	103	300	1:04:12
71374	2629	245	198	301	1:04:18
71375	2630	245	104	302	1:04:29
71376	1742	245	199	303	1:04:55
71377	1797	245	200	304	1:05:07
71378	1671	245	105	305	1:05:22
71379	2408	245	106	306	1:05:23
71380	2591	245	107	307	1:05:47
71381	2410	245	201	308	1:05:55
71382	2348	245	202	309	1:05:56
71383	1766	245	108	310	1:06:12
71384	2309	245	109	311	1:06:22
71385	2527	245	110	312	1:06:45
71386	2631	245	111	313	1:06:49
71387	2518	245	112	314	1:06:51
71388	1809	245	113	315	1:07:32
71389	2632	245	114	316	1:07:57
71390	1792	245	203	317	1:08:09
71391	1793	245	204	318	1:08:22
71392	1531	245	115	319	1:08:27
71393	1922	245	205	320	1:08:29
71394	2531	245	206	321	1:08:37
71395	1845	245	116	322	1:08:53
71396	2079	245	117	323	1:09:05
71397	2530	245	118	324	1:09:08
71398	2522	245	119	325	1:09:13
71399	2421	245	120	326	1:09:40
71400	2420	245	121	327	1:09:43
71401	2633	245	122	328	1:11:13
71402	2086	245	123	329	1:11:18
71403	2528	245	207	330	1:11:39
71404	2533	245	208	331	1:11:59
71405	1817	245	124	332	1:12:44
71406	1706	245	125	333	1:12:53
71407	1822	245	126	334	1:13:06
71408	2535	245	127	335	1:14:13
71409	2634	245	128	336	1:14:15
71410	1811	245	209	337	1:15:38
71411	2440	245	129	338	1:16:20
71412	1825	245	130	339	1:16:44
71413	2089	245	210	340	1:32:07
71414	2587	245	131	341	Loop
71415	1820	245	211	342	Loop
71416	2011	245	132	343	Loop
71417	2413	245	212	344	Loop
71418	2493	245	133	345	Loop
71419	2484	245	213	346	Loop
71420	1433	246	1	1	31:53
71421	2445	246	2	2	33:49
71422	1436	246	3	3	33:56
71423	1443	246	4	4	34:07
71424	1461	246	5	5	34:34
71425	1463	246	6	6	34:43
71426	1930	246	7	7	34:47
71427	2446	246	8	8	34:52
71428	2327	246	9	9	35:02
71429	1450	246	10	10	35:04
71430	1567	246	11	11	35:08
71431	1440	246	12	12	35:12
71432	1482	246	13	13	35:15
71433	1464	246	14	14	35:18
71434	1437	246	15	15	35:25
71435	1439	246	16	16	35:26
71436	2542	246	17	17	35:40
71437	2329	246	18	18	35:43
71438	1473	246	19	19	35:45
71439	1855	246	20	20	36:09
71440	1466	246	21	21	36:11
71441	1456	246	22	22	36:25
71442	1438	246	23	23	36:35
71443	1928	246	24	24	37:05
71444	1490	246	25	25	37:14
71445	3428	246	26	26	37:38
71446	1481	246	27	27	37:42
71447	1558	246	28	28	37:49
71448	1487	246	29	29	37:50
71449	1581	246	30	30	38:15
71450	1515	246	31	31	38:17
71451	2021	246	32	32	38:20
71452	1500	246	1	33	38:27
71453	1480	246	33	34	38:35
71454	2545	246	34	35	38:45
71455	1695	246	35	36	38:52
71456	1629	246	36	37	38:59
71457	1512	246	37	38	39:21
71458	1521	246	38	39	39:24
71459	1935	246	39	40	39:26
71460	1636	246	40	41	39:28
71461	1868	246	41	42	39:31
71462	1516	246	42	43	39:34
71463	1497	246	43	44	39:36
71464	2017	246	2	45	39:37
71465	1467	246	44	46	39:37
71466	1536	246	45	47	39:41
71467	2235	246	46	48	39:46
71468	1488	246	47	49	39:51
71469	2024	246	3	50	39:59
71470	1460	246	48	51	40:02
71471	1869	246	49	52	40:03
71472	1974	246	50	53	40:04
71473	2231	246	51	54	40:05
71474	1576	246	52	55	40:06
71475	1505	246	4	56	40:06
71476	2242	246	53	57	40:07
71477	2342	246	54	58	40:19
71478	1545	246	5	59	40:36
71479	1452	246	55	60	40:36
71480	1867	246	56	61	40:45
71481	2549	246	57	62	40:51
71482	2469	246	58	63	40:57
71483	2454	246	6	64	41:12
71484	1484	246	59	65	41:13
71485	1841	246	60	66	41:20
71486	1531	246	7	67	41:22
71487	1523	246	8	68	41:25
71488	1534	246	9	69	41:28
71489	1530	246	61	70	41:31
71490	1569	246	62	71	41:37
71491	2459	246	10	72	41:37
71492	1627	246	63	73	41:38
71493	1557	246	64	74	41:40
71494	2615	246	65	75	41:44
71495	2460	246	66	76	41:53
71496	1479	246	67	77	41:56
71497	1552	246	11	78	42:03
71498	1559	246	68	79	42:11
71499	1592	246	12	80	42:13
71500	1543	246	69	81	42:23
71501	1591	246	70	82	42:25
71502	2034	246	71	83	42:36
71503	1950	246	13	84	42:40
71504	2349	246	72	85	42:41
71505	2635	246	73	86	42:43
71506	1524	246	74	87	42:50
71507	1528	246	14	88	42:51
71508	1626	246	75	89	42:52
71509	1566	246	15	90	42:54
71510	2470	246	16	91	42:55
71511	1872	246	76	92	43:03
71512	1625	246	77	93	43:04
71513	1601	246	78	94	43:08
71514	1880	246	79	95	43:10
71515	2348	246	80	96	43:11
71516	1517	246	81	97	43:21
71517	1910	246	82	98	43:22
71518	1469	246	83	99	43:24
71519	1477	246	17	100	43:39
71520	2051	246	18	101	43:44
71521	1568	246	84	102	43:46
71522	1486	246	85	103	43:49
71523	1578	246	86	104	43:51
71524	2228	246	87	105	43:52
71525	2072	246	19	106	43:53
71526	1887	246	20	107	43:57
71527	2916	246	88	108	44:00
71528	1582	246	21	109	44:03
71529	1962	246	89	110	44:04
71530	1580	246	90	111	44:05
71531	1565	246	22	112	44:08
71532	2636	246	23	113	44:11
71533	2253	246	24	114	44:20
71534	2376	246	91	115	44:24
71535	1653	246	92	116	44:25
71536	1649	246	25	117	44:25
71537	1892	246	93	118	44:26
71538	1948	246	94	119	44:31
71539	1570	246	95	120	44:38
71540	1680	246	26	121	44:40
71541	1972	246	96	122	44:54
71542	2346	246	97	123	45:00
71543	1640	246	98	124	45:05
71544	1954	246	99	125	45:06
71545	2135	246	100	126	45:12
71546	2578	246	101	127	45:16
71547	2365	246	102	128	45:19
71548	1654	246	27	129	45:21
71549	1900	246	28	130	45:23
71550	1940	246	103	131	45:26
71551	1933	246	29	132	45:30
71552	1574	246	104	133	45:31
71553	1650	246	105	134	45:35
71554	1647	246	30	135	45:36
71555	1648	246	106	136	45:45
71556	1946	246	107	137	45:52
71557	1683	246	108	138	45:56
71558	1619	246	31	139	45:58
71559	1990	246	109	140	46:00
71560	2476	246	110	141	46:09
71561	1686	246	111	142	46:13
71562	1953	246	112	143	46:15
71563	1957	246	113	144	46:19
71564	1614	246	114	145	46:24
71565	1623	246	115	146	46:35
71566	1899	246	116	147	46:45
71567	1621	246	32	148	46:53
71568	1906	246	117	149	47:05
71569	1519	246	118	150	47:06
71570	1696	246	33	151	47:11
71571	2483	246	119	152	47:15
71572	2556	246	120	153	47:19
71573	1842	246	121	154	47:25
71574	2372	246	122	155	47:26
71575	1702	246	123	156	47:30
71576	1713	246	124	157	47:35
71577	2474	246	125	158	47:35
71578	1657	246	126	159	47:37
71579	1637	246	127	160	47:38
71580	1905	246	128	161	47:41
71581	2481	246	129	162	47:44
71582	1635	246	130	163	47:56
71583	2362	246	34	164	47:59
71584	1707	246	35	165	48:17
71585	2555	246	36	166	48:22
71586	1982	246	37	167	48:23
71587	1656	246	38	168	48:24
71588	2580	246	39	169	48:29
71589	1609	246	131	170	48:30
71590	1618	246	40	171	48:33
71591	2637	246	132	172	48:35
71592	1666	246	41	173	48:35
71593	1655	246	42	174	48:37
71594	1688	246	133	175	48:44
71595	1911	246	43	176	48:53
71596	1645	246	134	177	48:56
71597	1873	246	135	178	48:59
71598	1856	246	136	179	49:03
71599	1641	246	44	180	49:05
71600	2378	246	45	181	49:10
71601	2167	246	46	182	49:12
71602	1781	246	137	183	49:16
71603	1679	246	47	184	49:20
71604	1639	246	138	185	49:24
71605	1718	246	139	186	49:28
71606	1670	246	48	187	49:38
71607	1714	246	49	188	49:41
71608	1973	246	140	189	49:45
71609	1692	246	50	190	49:54
71610	1628	246	141	191	49:57
71611	1716	246	142	192	50:00
71612	2638	246	51	193	50:04
71613	2383	246	143	194	50:09
71614	1969	246	52	195	50:10
71615	2387	246	53	196	50:16
71616	2103	246	144	197	50:20
71617	1976	246	54	198	50:22
71618	1728	246	55	199	50:25
71619	1694	246	145	200	50:28
71620	2519	246	146	201	50:30
71621	2368	246	56	202	50:31
71622	1909	246	57	203	50:33
71623	1778	246	58	204	50:34
71624	2561	246	147	205	50:51
71625	2498	246	59	206	50:53
71626	1991	246	60	207	50:59
71627	2506	246	61	208	51:08
71628	1981	246	62	209	51:15
71629	1717	246	63	210	51:28
71630	1697	246	64	211	51:42
71631	1691	246	65	212	51:56
71632	1979	246	66	213	52:04
71633	1922	246	148	214	52:09
71634	2557	246	67	215	52:16
71635	1671	246	68	216	52:17
71636	2497	246	149	217	52:21
71637	2388	246	150	218	52:22
71638	1643	246	69	219	52:23
71639	1975	246	70	220	52:24
71640	1677	246	71	221	52:25
71641	1678	246	151	222	52:25
71642	1815	246	152	223	52:25
71643	1751	246	72	224	52:27
71644	2520	246	73	225	52:28
71645	1700	246	153	226	52:36
71646	1624	246	74	227	52:38
71647	2554	246	154	228	52:39
71648	2068	246	155	229	52:43
71649	1510	246	156	230	52:47
71650	2500	246	157	231	52:49
71651	2389	246	158	232	53:05
71652	1755	246	75	233	53:07
71653	1699	246	159	234	53:10
71654	1722	246	76	235	53:38
71655	1659	246	160	236	53:39
71656	1767	246	77	237	53:56
71657	1705	246	78	238	54:03
71658	1615	246	79	239	54:10
71659	2504	246	80	240	54:12
71660	2290	246	81	241	54:13
71661	1829	246	161	242	54:56
71662	1790	246	162	243	54:58
71663	1737	246	82	244	54:59
71664	1779	246	83	245	55:24
71665	1792	246	163	246	55:27
71666	2589	246	84	247	55:31
71667	2400	246	85	248	55:45
71668	1766	246	86	249	55:56
71669	2412	246	164	250	55:57
71670	1989	246	87	251	56:00
71671	1770	246	88	252	56:09
71672	1784	246	165	253	56:17
71673	1693	246	89	254	56:30
71674	2309	246	90	255	56:32
71675	1754	246	166	256	56:32
71676	2192	246	91	257	56:42
71677	1787	246	92	258	56:53
71678	1710	246	93	259	57:02
71679	1793	246	167	260	57:07
71680	1706	246	94	261	57:08
71681	2402	246	95	262	57:27
71682	1796	246	168	263	57:39
71683	1836	246	169	264	57:57
71684	1732	246	96	265	58:35
71685	2424	246	97	266	58:53
71686	2080	246	98	267	59:31
71687	1807	246	170	268	1:00:12
71688	1817	246	99	269	1:00:23
71689	2593	246	171	270	1:00:24
71690	2079	246	100	271	1:01:05
71691	1797	246	172	272	1:01:26
71692	1845	246	101	273	1:01:30
71693	1996	246	173	274	1:01:45
71694	1761	246	102	275	1:02:02
71695	1733	246	174	276	1:02:10
71696	1723	246	175	277	1:02:47
71697	2420	246	103	278	1:02:51
71698	1814	246	176	279	1:03:20
71699	1813	246	104	280	1:03:20
71700	1818	246	105	281	1:03:27
71701	2539	246	106	282	1:05:33
71702	2150	247	1	1	17:04
71703	1434	247	2	2	17:14
71704	1436	247	3	3	17:46
71705	1449	247	4	4	18:26
71706	1438	247	5	5	18:30
71707	1437	247	6	6	18:34
71708	1441	247	7	7	18:51
71709	1440	247	8	8	18:52
71710	1446	247	9	9	18:55
71711	1442	247	10	10	18:58
71712	1451	247	11	11	18:59
71713	1447	247	12	12	19:06
71714	1439	247	13	13	19:08
71715	2151	247	14	14	19:13
71716	1926	247	15	15	19:18
71717	1450	247	16	16	19:20
71718	1454	247	17	17	19:22
71719	1443	247	18	18	19:25
71720	1472	247	19	19	19:34
71721	1463	247	20	20	19:35
71722	1452	247	21	21	19:36
71723	1925	247	22	22	19:37
71724	1456	247	23	23	19:40
71725	1854	247	24	24	19:48
71726	1455	247	25	25	19:56
71727	1467	247	26	26	19:57
71728	2152	247	27	27	19:58
71729	1462	247	28	28	20:06
71730	1458	247	29	29	20:09
71731	1474	247	1	30	20:16
71732	1470	247	30	31	20:24
71733	1479	247	31	32	20:30
71734	1481	247	32	33	20:31
71735	1466	247	33	34	20:31
71736	1477	247	2	35	20:33
71737	1457	247	3	36	20:33
71738	1476	247	34	37	20:35
71739	1461	247	35	38	20:39
71740	2153	247	36	39	20:49
71741	1860	247	4	40	20:55
71742	1469	247	37	41	20:56
71743	1518	247	5	42	20:58
71744	1475	247	38	43	21:09
71745	1483	247	39	44	21:17
71746	1505	247	6	45	21:19
71747	1506	247	40	46	21:21
71748	2154	247	7	47	21:24
71749	1485	247	8	48	21:26
71750	1493	247	9	49	21:29
71751	2155	247	41	50	21:41
71752	1484	247	42	51	21:42
71753	1496	247	43	52	21:43
71754	1508	247	44	53	21:47
71755	1521	247	45	54	21:51
71756	1509	247	46	55	21:54
71757	1869	247	47	56	21:56
71758	2156	247	48	57	21:56
71759	2090	247	49	58	21:58
71760	1544	247	50	59	21:59
71761	1503	247	51	60	22:01
71762	1504	247	52	61	22:03
71763	1499	247	53	62	22:05
71764	1933	247	10	63	22:07
71765	1492	247	11	64	22:12
71766	1517	247	54	65	22:13
71767	1929	247	55	66	22:17
71768	1488	247	56	67	22:17
71769	1520	247	57	68	22:19
71770	1547	247	58	69	22:22
71771	1515	247	59	70	22:28
71772	1482	247	60	71	22:32
71773	2157	247	61	72	22:33
71774	1537	247	12	73	22:33
71775	1502	247	62	74	22:34
71776	1536	247	63	75	22:35
71777	2026	247	13	76	22:38
71778	1516	247	64	77	22:40
71779	1524	247	65	78	22:41
71780	1556	247	66	79	22:42
71781	2158	247	67	80	22:44
71782	1546	247	68	81	22:46
71783	1572	247	69	82	22:49
71784	2159	247	70	83	22:49
71785	2113	247	71	84	22:50
71786	1549	247	72	85	22:51
71787	1533	247	73	86	22:54
71788	1568	247	74	87	22:57
71789	1555	247	75	88	22:59
71790	1940	247	76	89	22:59
71791	1610	247	14	90	23:00
71792	1519	247	77	91	23:01
71793	1880	247	78	92	23:04
71794	1935	247	79	93	23:13
71795	1540	247	80	94	23:20
71796	1591	247	81	95	23:22
71797	1939	247	82	96	23:23
71798	1882	247	83	97	23:24
71799	2132	247	84	98	23:25
71800	2160	247	85	99	23:25
71801	1580	247	86	100	23:26
71802	1884	247	87	101	23:27
71803	1528	247	15	102	23:28
71804	1552	247	16	103	23:33
71805	1581	247	88	104	23:36
71806	1563	247	17	105	23:37
71807	1950	247	18	106	23:38
71808	1659	247	89	107	23:40
71809	1566	247	19	108	23:43
71810	1570	247	90	109	23:45
71811	1585	247	91	110	23:46
71812	1949	247	20	111	23:49
71813	1709	247	92	112	23:51
71814	1589	247	93	113	23:53
71815	2076	247	21	114	23:53
71816	2075	247	22	115	23:54
71817	1602	247	23	116	23:56
71818	1571	247	94	117	24:02
71819	1574	247	95	118	24:03
71820	1565	247	24	119	24:04
71821	1543	247	96	120	24:08
71822	1952	247	97	121	24:10
71823	1605	247	98	122	24:12
71824	1645	247	99	123	24:17
71825	2161	247	100	124	24:18
71826	1622	247	25	125	24:18
71827	2162	247	26	126	24:28
71828	1948	247	101	127	24:30
71829	1569	247	102	128	24:32
71830	1594	247	27	129	24:33
71831	1624	247	28	130	24:34
71832	1523	247	29	131	24:41
71833	1629	247	103	132	24:42
71834	1944	247	104	133	24:44
71835	1636	247	105	134	24:45
71836	2055	247	106	135	24:46
71837	1632	247	30	136	24:47
71838	2049	247	107	137	24:48
71839	1972	247	108	138	24:52
71840	1597	247	31	139	24:53
71841	1561	247	32	140	24:55
71842	1888	247	33	141	24:57
71843	2045	247	109	142	24:57
71844	2163	247	34	143	24:58
71845	2036	247	110	144	24:59
71846	1611	247	111	145	25:00
71847	1644	247	112	146	25:01
71848	1631	247	35	147	25:03
71849	1887	247	36	148	25:06
71850	1642	247	113	149	25:06
71851	1962	247	114	150	25:06
71852	1910	247	115	151	25:07
71853	1606	247	116	152	25:09
71854	1637	247	117	153	25:18
71855	1974	247	118	154	25:20
71856	1633	247	119	155	25:21
71857	1630	247	37	156	25:23
71858	1601	247	120	157	25:23
71859	1608	247	121	158	25:24
71860	1626	247	122	159	25:24
71861	1643	247	38	160	25:25
71862	1639	247	123	161	25:30
71863	1774	247	124	162	25:32
71864	1647	247	39	163	25:34
71865	1905	247	125	164	25:36
71866	1641	247	40	165	25:38
71867	1649	247	41	166	25:48
71868	1628	247	126	167	25:50
71869	1662	247	127	168	25:51
71870	1683	247	128	169	25:55
71871	1737	247	42	170	26:04
71872	1711	247	43	171	26:06
71873	1634	247	129	172	26:08
71874	1489	247	130	173	26:09
71875	1967	247	131	174	26:10
71876	1719	247	44	175	26:10
71877	2047	247	45	176	26:10
71878	1900	247	46	177	26:13
71879	1658	247	132	178	26:14
71880	1957	247	133	179	26:16
71881	1621	247	47	180	26:16
71882	1671	247	48	181	26:17
71883	1710	247	49	182	26:20
71884	1687	247	50	183	26:21
71885	1480	247	134	184	26:24
71886	1669	247	51	185	26:26
71887	1661	247	52	186	26:27
71888	1603	247	53	187	26:28
71889	2164	247	54	188	26:28
71890	1663	247	135	189	26:29
71891	1906	247	136	190	26:30
71892	1655	247	55	191	26:32
71893	2165	247	56	192	26:35
71894	1736	247	57	193	26:37
71895	2166	247	137	194	26:39
71896	1615	247	58	195	26:43
71897	1654	247	59	196	26:44
71898	1653	247	138	197	26:45
71899	2059	247	139	198	26:45
71900	1650	247	140	199	26:48
71901	1897	247	60	200	26:49
71902	2139	247	141	201	26:50
71903	1908	247	61	202	26:56
71904	1976	247	62	203	26:57
71905	1539	247	142	204	26:57
71906	1732	247	63	205	26:58
71907	1680	247	64	206	26:58
71908	2167	247	65	207	26:58
71909	1473	247	143	208	26:59
71910	1960	247	66	209	26:59
71911	1823	247	67	210	27:04
71912	1648	247	144	211	27:05
71913	1696	247	68	212	27:08
71914	1856	247	145	213	27:09
71915	1917	247	146	214	27:11
71916	1971	247	147	215	27:14
71917	1702	247	148	216	27:15
71918	1708	247	149	217	27:17
71919	1677	247	69	218	27:19
71920	1678	247	150	219	27:19
71921	3034	247	70	220	27:21
71922	1899	247	151	221	27:21
71923	1697	247	71	222	27:23
71924	1958	247	152	223	27:24
71925	2169	247	153	224	27:28
71926	1750	247	72	225	27:30
71927	1707	247	73	226	27:31
71928	1691	247	74	227	27:34
71929	1722	247	75	228	27:35
71930	2170	247	154	229	27:39
71931	2171	247	155	230	27:42
71932	1681	247	76	231	27:44
71933	2058	247	77	232	27:47
71934	1717	247	78	233	27:48
71935	1689	247	156	234	27:49
71936	1716	247	157	235	27:51
71937	1740	247	79	236	27:54
71938	1656	247	80	237	27:55
71939	1735	247	81	238	27:58
71940	1705	247	82	239	27:59
71941	2172	247	83	240	28:06
71942	2057	247	84	241	28:06
71943	1985	247	85	242	28:13
71944	2072	247	86	243	28:14
71945	1725	247	87	244	28:19
71946	1527	247	158	245	28:20
71947	2064	247	88	246	28:21
71948	1718	247	159	247	28:24
71949	1738	247	89	248	28:27
71950	1666	247	90	249	28:31
71951	1743	247	160	250	28:34
71952	2144	247	91	251	28:35
71953	1993	247	92	252	28:39
71954	1785	247	93	253	28:43
71955	1984	247	161	254	28:44
71956	1746	247	162	255	28:50
71957	1913	247	163	256	28:53
71958	1966	247	164	257	28:54
71959	1586	247	165	258	28:55
71960	1706	247	94	259	28:56
71961	2173	247	95	260	28:57
71962	1713	247	166	261	28:58
71963	2143	247	96	262	28:59
71964	1755	247	97	263	29:03
71965	1980	247	98	264	29:05
71966	2142	247	99	265	29:09
71967	1997	247	100	266	29:13
71968	1673	247	101	267	29:15
71969	1751	247	102	268	29:18
71970	2174	247	103	269	29:22
71971	2102	247	167	270	29:23
71972	1772	247	104	271	29:23
71973	2175	247	105	272	29:24
71974	1744	247	168	273	29:24
71975	2176	247	169	274	29:33
71976	2068	247	170	275	29:36
71977	1757	247	106	276	29:38
71978	1758	247	171	277	29:39
71979	1918	247	172	278	29:40
71980	1727	247	107	279	29:46
71981	2128	247	108	280	29:50
71982	2177	247	109	281	29:53
71983	1919	247	173	282	29:54
71984	1749	247	110	283	29:54
71985	1703	247	174	284	29:55
71986	2178	247	175	285	29:55
71987	2069	247	111	286	29:59
71988	1797	247	176	287	30:01
71989	1776	247	112	288	30:04
71990	1760	247	177	289	30:09
71991	1768	247	113	290	30:12
71992	1979	247	114	291	30:15
71993	1909	247	115	292	30:17
71994	2179	247	178	293	30:18
71995	1991	247	116	294	30:19
71996	2277	247	117	295	30:20
71997	1766	247	118	296	30:22
71998	1815	247	179	297	30:31
71999	1799	247	119	298	30:34
72000	1995	247	120	299	30:34
72001	1733	247	180	300	30:37
72002	1998	247	121	301	30:51
72003	2180	247	181	302	30:52
72004	1922	247	182	303	30:59
72005	2181	247	183	304	31:00
72006	1989	247	122	305	31:02
72007	2304	247	123	306	31:03
72008	1796	247	184	307	31:05
72009	1805	247	124	308	31:05
72010	1804	247	125	309	31:07
72011	1795	247	185	310	31:11
72012	1781	247	186	311	31:13
72013	1824	247	126	312	31:15
72014	1747	247	187	313	31:24
72015	2182	247	127	314	31:26
72016	2080	247	128	315	31:36
72017	1784	247	188	316	31:40
72018	2183	247	129	317	31:44
72019	1810	247	189	318	31:45
72020	1731	247	190	319	31:47
72021	1787	247	130	320	31:51
72022	2077	247	131	321	31:52
72023	1777	247	132	322	31:54
72024	1812	247	133	323	31:57
72025	2184	247	134	324	32:01
72026	1765	247	135	325	32:05
72027	1786	247	191	326	32:07
72028	1990	247	192	327	32:17
72029	1788	247	193	328	32:18
72030	2185	247	136	329	32:19
72031	2186	247	137	330	32:23
72032	1754	247	194	331	32:35
72033	1829	247	195	332	32:39
72034	1773	247	196	333	32:42
72035	2000	247	138	334	33:10
72036	2078	247	139	335	33:17
72037	2087	247	140	336	33:17
72038	1793	247	197	337	33:26
72039	2187	247	198	338	33:27
72040	2188	247	141	339	33:27
72041	2189	247	199	340	33:30
72042	1836	247	200	341	33:32
72043	2190	247	142	342	33:37
72044	1798	247	143	343	33:43
72045	1813	247	144	344	34:01
72046	1814	247	201	345	34:02
72047	1816	247	145	346	34:03
72048	2079	247	146	347	34:05
72049	2191	247	147	348	34:09
72050	1664	247	148	349	34:23
72051	1822	247	149	350	34:26
72052	2192	247	150	351	34:27
72053	2193	247	151	352	34:30
72054	1715	247	152	353	34:31
72055	1742	247	202	354	35:03
72056	1809	247	153	355	35:28
72057	1838	247	154	356	35:30
72058	2194	247	155	357	35:37
72059	1911	247	156	358	35:45
72060	2195	247	157	359	35:51
72061	2066	247	203	360	35:52
72062	1802	247	204	361	35:58
72063	1827	247	158	362	36:11
72064	1828	247	159	363	36:49
72065	2084	247	160	364	37:22
72066	2147	247	161	365	38:00
72067	2081	247	162	366	38:22
72068	2196	247	205	367	39:02
72069	1685	247	206	368	39:04
72070	2197	247	163	369	40:59
72071	2198	247	164	370	41:14
72072	1981	247	165	371	41:15
72073	2199	247	166	372	42:10
72074	1767	247	167	373	42:11
72075	2200	247	168	374	42:15
72076	2359	247	207	375	42:32
72077	1844	247	208	376	44:52
72078	2088	247	169	377	45:26
72079	2202	247	170	378	46:01
72080	2010	247	171	379	46:04
72081	2011	247	172	380	46:21
72082	2203	247	173	381	48:32
72083	2204	247	209	382	51:59
72084	1723	247	210	383	57:46
72085	1433	248	1	1	17:55
72086	1434	248	2	2	18:15
72087	1435	248	3	3	18:26
72088	1436	248	4	4	18:57
72089	1437	248	5	5	19:47
72090	1438	248	6	6	19:56
72091	1439	248	7	7	19:58
72092	1440	248	8	8	20:02
72093	1441	248	9	9	20:05
72094	1442	248	10	10	20:11
72095	1443	248	11	11	20:16
72096	1444	248	12	12	20:24
72097	1445	248	13	13	20:26
72098	1446	248	14	14	20:29
72099	1447	248	15	15	20:31
72100	1448	248	16	16	20:33
72101	1449	248	17	17	20:37
72102	1450	248	18	18	20:40
72103	1451	248	19	19	20:43
72104	1452	248	20	20	20:44
72105	1453	248	21	21	20:52
72106	1454	248	22	22	20:58
72107	1455	248	23	23	21:00
72108	1456	248	24	24	21:01
72109	1457	248	1	25	21:02
72110	1458	248	25	26	21:04
72111	1459	248	26	27	21:06
72112	1460	248	27	28	21:23
72113	1461	248	28	29	21:25
72114	1462	248	29	30	21:26
72115	1463	248	30	31	21:27
72116	1464	248	31	32	21:28
72117	1465	248	32	33	21:33
72118	1466	248	33	34	21:33
72119	1467	248	34	35	21:39
72120	2110	248	35	36	21:41
72121	1469	248	36	37	21:41
72122	1470	248	37	38	21:42
72123	1471	248	38	39	21:43
72124	1472	248	39	40	21:44
72125	1473	248	40	41	21:44
72126	1474	248	2	42	21:45
72127	1475	248	41	43	21:50
72128	1476	248	42	44	21:58
72129	1477	248	3	45	22:07
72130	1478	248	43	46	22:18
72131	1479	248	44	47	22:23
72132	1480	248	45	48	22:23
72133	1481	248	46	49	22:24
72134	1482	248	47	50	22:26
72135	1483	248	48	51	22:35
72136	1484	248	49	52	22:38
72137	1485	248	4	53	22:40
72138	1486	248	50	54	22:40
72139	1487	248	51	55	22:45
72140	1488	248	52	56	22:48
72141	1489	248	53	57	22:56
72142	1490	248	54	58	22:58
72143	1491	248	5	59	23:05
72144	1492	248	6	60	23:09
72145	1493	248	7	61	23:09
72146	1494	248	8	62	23:10
72147	2335	248	55	63	23:16
72148	1496	248	56	64	23:18
72149	1497	248	57	65	23:22
72150	1498	248	58	66	23:23
72151	1499	248	59	67	23:24
72152	1500	248	9	68	23:26
72153	1501	248	10	69	23:26
72154	1502	248	60	70	23:29
72155	1503	248	61	71	23:33
72156	1504	248	62	72	23:34
72157	1505	248	11	73	23:39
72158	1506	248	63	74	23:44
72159	1507	248	64	75	23:45
72160	1508	248	65	76	23:49
72161	1509	248	66	77	23:49
72162	1510	248	67	78	23:50
72163	1511	248	68	79	23:50
72164	1512	248	69	80	23:51
72165	1513	248	12	81	23:51
72166	1514	248	13	82	23:52
72167	1515	248	70	83	23:58
72168	1516	248	71	84	24:03
72169	1517	248	72	85	24:15
72170	1518	248	14	86	24:16
72171	1519	248	73	87	24:17
72172	1520	248	74	88	24:19
72173	1521	248	75	89	24:20
72174	1522	248	76	90	24:22
72175	1523	248	15	91	24:23
72176	1524	248	77	92	24:25
72177	1525	248	16	93	24:26
72178	1526	248	78	94	24:27
72179	1527	248	79	95	24:28
72180	1528	248	17	96	24:29
72181	1529	248	80	97	24:29
72182	1530	248	81	98	24:29
72183	1531	248	18	99	24:30
72184	3428	248	82	100	24:31
72185	1533	248	83	101	24:31
72186	1534	248	19	102	24:32
72187	2228	248	84	103	24:33
72188	1536	248	85	104	24:34
72189	1537	248	20	105	24:35
72190	1538	248	86	106	24:36
72191	1539	248	87	107	24:38
72192	1540	248	88	108	24:39
72193	1541	248	21	109	24:40
72194	1542	248	89	110	24:40
72195	1543	248	90	111	24:41
72196	1544	248	91	112	24:42
72197	1545	248	22	113	24:45
72198	1546	248	92	114	24:45
72199	1547	248	93	115	24:50
72200	1548	248	94	116	24:53
72201	1549	248	95	117	24:58
72202	1550	248	23	118	25:00
72203	1551	248	24	119	25:02
72204	1552	248	25	120	25:03
72205	1553	248	26	121	25:04
72206	1554	248	96	122	25:05
72207	1555	248	97	123	25:07
72208	1556	248	98	124	25:14
72209	1557	248	99	125	25:14
72210	1558	248	100	126	25:16
72211	1559	248	101	127	25:20
72212	1560	248	27	128	25:21
72213	1561	248	28	129	25:23
72214	1562	248	102	130	25:24
72215	1563	248	29	131	25:28
72216	1564	248	30	132	25:30
72217	1565	248	31	133	25:31
72218	1566	248	32	134	25:32
72219	1567	248	103	135	25:33
72220	1568	248	104	136	25:35
72221	1569	248	105	137	25:35
72222	1570	248	106	138	25:37
72223	1571	248	107	139	25:43
72224	1572	248	108	140	25:45
72225	1573	248	109	141	25:48
72226	1574	248	110	142	25:51
72227	1575	248	111	143	25:53
72228	1576	248	112	144	25:54
72229	1577	248	33	145	25:55
72230	1578	248	113	146	25:55
72231	1579	248	114	147	25:58
72232	1580	248	115	148	25:59
72233	1581	248	116	149	26:00
72234	1582	248	34	150	26:04
72235	1583	248	117	151	26:06
72236	1584	248	118	152	26:07
72237	1585	248	119	153	26:08
72238	1586	248	120	154	26:16
72239	1587	248	35	155	26:17
72240	1588	248	121	156	26:19
72241	1589	248	122	157	26:22
72242	1590	248	36	158	26:23
72243	1591	248	123	159	26:26
72244	1592	248	37	160	26:30
72245	1593	248	124	161	26:35
72246	1594	248	38	162	26:40
72247	1595	248	39	163	26:44
72248	1596	248	125	164	26:48
72249	1597	248	40	165	26:49
72250	1598	248	126	166	26:52
72251	1599	248	41	167	26:53
72252	1600	248	127	168	26:53
72253	1601	248	128	169	26:54
72254	1602	248	42	170	26:56
72255	1603	248	43	171	26:59
72256	1604	248	129	172	27:00
72257	1605	248	130	173	27:01
72258	1606	248	131	174	27:01
72259	1607	248	132	175	27:05
72260	1608	248	133	176	27:06
72261	1609	248	134	177	27:07
72262	1610	248	44	178	27:08
72263	1611	248	135	179	27:13
72264	1612	248	136	180	27:14
72265	2036	248	137	181	27:17
72266	1614	248	138	182	27:18
72267	1615	248	45	183	27:19
72268	1616	248	139	184	27:21
72269	1617	248	140	185	27:21
72270	1618	248	46	186	27:22
72271	1619	248	47	187	27:23
72272	1620	248	141	188	27:24
72273	1621	248	48	189	27:26
72274	1622	248	49	190	27:26
72275	1623	248	142	191	27:27
72276	1624	248	50	192	27:32
72277	1625	248	143	193	27:33
72278	1626	248	144	194	27:37
72279	1627	248	145	195	27:38
72280	1628	248	146	196	27:39
72281	1629	248	147	197	27:41
72282	1630	248	51	198	27:42
72283	1631	248	52	199	27:43
72284	1632	248	53	200	27:44
72285	1633	248	148	201	27:50
72286	1634	248	149	202	27:52
72287	1635	248	150	203	27:54
72288	1636	248	151	204	27:55
72289	1637	248	152	205	28:03
72290	1638	248	153	206	28:04
72291	1639	248	154	207	28:05
72292	1640	248	155	208	28:05
72293	1641	248	54	209	28:07
72294	1642	248	156	210	28:12
72295	1643	248	55	211	28:16
72296	1644	248	157	212	28:17
72297	1645	248	158	213	28:20
72298	1646	248	56	214	28:22
72299	1647	248	57	215	28:23
72300	1648	248	159	216	28:24
72301	1649	248	58	217	28:26
72302	1650	248	160	218	28:27
72303	1651	248	161	219	28:28
72304	1652	248	59	220	28:31
72305	1653	248	162	221	28:32
72306	1654	248	60	222	28:34
72307	1655	248	61	223	28:35
72308	1656	248	62	224	28:40
72309	1657	248	163	225	28:42
72310	1658	248	164	226	28:44
72311	1659	248	165	227	28:45
72312	1660	248	166	228	28:46
72313	1661	248	63	229	28:51
72314	1662	248	167	230	29:01
72315	1663	248	168	231	29:03
72316	1664	248	64	232	29:04
72317	1665	248	169	233	29:05
72318	1666	248	65	234	29:06
72319	1667	248	66	235	29:07
72320	1668	248	170	236	29:09
72321	1669	248	67	237	29:13
72322	1670	248	68	238	29:15
72323	1671	248	69	239	29:17
72324	3124	248	171	240	29:21
72325	1673	248	70	241	29:22
72326	1674	248	71	242	29:23
72327	1675	248	72	243	29:24
72328	1676	248	73	244	29:25
72329	1677	248	74	245	29:26
72330	1678	248	172	246	29:28
72331	1679	248	75	247	29:30
72332	1680	248	76	248	29:32
72333	1681	248	77	249	29:37
72334	1682	248	173	250	29:40
72335	1683	248	174	251	29:42
72336	1684	248	78	252	29:43
72337	1685	248	175	253	29:45
72338	1686	248	176	254	29:46
72339	1687	248	79	255	29:46
72340	1688	248	177	256	29:47
72341	1689	248	178	257	29:52
72342	1690	248	179	258	29:56
72343	1691	248	80	259	29:57
72344	1692	248	81	260	29:59
72345	1693	248	82	261	30:01
72346	1694	248	180	262	30:04
72347	1695	248	181	263	30:10
72348	1696	248	83	264	30:13
72349	1697	248	84	265	30:16
72350	1698	248	182	266	30:20
72351	1699	248	183	267	30:27
72352	1700	248	184	268	30:28
72353	1701	248	185	269	30:33
72354	1702	248	186	270	30:34
72355	1703	248	187	271	30:34
72356	1704	248	85	272	30:37
72357	1705	248	86	273	30:38
72358	1706	248	87	274	30:40
72359	1707	248	88	275	30:55
72360	1708	248	188	276	30:57
72361	1709	248	189	277	30:58
72362	1710	248	89	278	30:59
72363	1711	248	90	279	31:01
72364	2054	248	190	280	31:04
72365	1713	248	191	281	31:10
72366	1714	248	91	282	31:13
72367	1715	248	92	283	31:14
72368	1716	248	192	284	31:18
72369	1717	248	93	285	31:19
72370	1718	248	193	286	31:21
72371	1719	248	94	287	31:24
72372	1720	248	95	288	31:25
72373	1721	248	194	289	31:26
72374	1722	248	96	290	31:34
72375	1723	248	195	291	31:35
72376	1724	248	97	292	31:35
72377	1725	248	98	293	31:36
72378	1726	248	99	294	31:38
72379	1727	248	100	295	31:39
72380	1728	248	101	296	31:43
72381	1729	248	102	297	31:44
72382	1730	248	196	298	31:45
72383	1731	248	197	299	31:46
72384	1732	248	103	300	31:47
72385	1733	248	198	301	31:47
72386	1734	248	199	302	31:48
72387	1735	248	104	303	31:56
72388	1736	248	105	304	32:03
72389	1737	248	106	305	32:07
72390	1738	248	107	306	32:08
72391	1739	248	108	307	32:10
72392	1740	248	109	308	32:13
72393	2277	248	110	309	32:17
72394	1742	248	200	310	32:19
72395	1743	248	201	311	32:20
72396	1744	248	202	312	32:21
72397	1745	248	203	313	32:27
72398	1746	248	204	314	32:34
72399	1747	248	205	315	32:37
72400	1748	248	111	316	32:40
72401	1749	248	112	317	32:42
72402	1750	248	113	318	32:46
72403	1751	248	114	319	32:51
72404	1752	248	115	320	32:55
72405	1753	248	116	321	32:57
72406	1754	248	206	322	32:59
72407	1755	248	117	323	33:01
72408	1756	248	118	324	33:02
72409	1757	248	119	325	33:06
72410	1758	248	207	326	33:07
72411	1759	248	120	327	33:19
72412	1760	248	208	328	33:23
72413	1761	248	121	329	33:25
72414	1762	248	122	330	33:28
72415	1763	248	123	331	33:30
72416	1764	248	209	332	33:31
72417	1765	248	124	333	33:34
72418	1766	248	125	334	33:56
72419	1767	248	126	335	33:57
72420	1768	248	127	336	33:58
72421	1769	248	128	337	33:58
72422	1770	248	129	338	34:00
72423	1771	248	130	339	34:02
72424	1772	248	131	340	34:04
72425	1773	248	210	341	34:05
72426	1774	248	211	342	34:06
72427	1775	248	132	343	34:06
72428	1776	248	133	344	34:07
72429	1777	248	134	345	34:07
72430	1778	248	135	346	34:11
72431	1779	248	136	347	34:12
72432	1780	248	137	348	34:14
72433	1781	248	212	349	34:24
72434	1782	248	138	350	34:28
72435	1783	248	213	351	34:32
72436	1784	248	214	352	34:35
72437	1785	248	139	353	34:45
72438	1786	248	215	354	34:48
72439	1787	248	140	355	34:53
72440	1788	248	216	356	34:54
72441	1789	248	217	357	34:54
72442	1790	248	218	358	34:55
72443	1791	248	141	359	34:58
72444	1792	248	219	360	35:06
72445	1793	248	220	361	35:11
72446	1794	248	221	362	35:36
72447	1795	248	222	363	35:53
72448	1796	248	223	364	35:56
72449	1797	248	224	365	35:58
72450	1798	248	142	366	36:11
72451	1799	248	143	367	36:12
72452	2304	248	144	368	36:13
72453	1801	248	145	369	36:20
72454	1802	248	225	370	36:21
72455	1803	248	146	371	36:24
72456	1804	248	147	372	36:26
72457	1805	248	148	373	36:37
72458	1806	248	226	374	36:43
72459	1807	248	227	375	36:44
72460	1808	248	149	376	36:45
72461	1809	248	150	377	36:54
72462	1810	248	228	378	36:56
72463	1811	248	229	379	37:14
72464	1812	248	151	380	37:14
72465	1813	248	152	381	37:15
72466	1814	248	230	382	37:46
72467	1815	248	231	383	37:54
72468	1816	248	153	384	38:27
72469	1817	248	154	385	38:29
72470	1818	248	155	386	38:52
72471	1819	248	156	387	38:52
72472	1820	248	232	388	38:59
72473	1821	248	157	389	39:05
72474	1822	248	158	390	39:07
72475	1823	248	159	391	39:09
72476	1824	248	160	392	39:14
72477	1825	248	161	393	39:34
72478	1826	248	233	394	39:42
72479	1827	248	162	395	39:43
72480	1828	248	163	396	40:42
72481	1829	248	234	397	41:43
72482	1830	248	235	398	41:50
72483	1831	248	236	399	41:58
72484	1832	248	164	400	41:58
72485	1833	248	237	401	42:39
72486	1834	248	238	402	43:04
72487	1835	248	165	403	43:18
72488	1836	248	239	404	43:26
72489	1837	248	240	405	43:28
72490	1838	248	166	406	43:41
72491	1839	248	167	407	44:09
72492	1840	248	168	408	44:11
72493	1841	248	241	409	46:06
72494	1842	248	242	410	46:22
72495	1843	248	169	411	46:41
72496	1844	248	243	412	47:48
72497	1845	248	170	413	48:53
72498	1846	248	171	414	49:20
72499	1847	248	172	415	54:32
72500	1848	248	173	416	55:51
72501	1433	249	1	1	1:14:01
72502	1849	249	2	2	1:19:44
72503	1850	249	3	3	1:22:36
72504	2109	249	4	4	1:24:39
72505	1450	249	5	5	1:24:47
72506	1463	249	6	6	1:25:32
72507	1446	249	7	7	1:26:24
72508	1852	249	1	8	1:26:33
72509	1462	249	8	9	1:26:37
72510	1451	249	9	10	1:27:06
72511	1453	249	10	11	1:28:28
72512	1447	249	11	12	1:28:33
72513	1474	249	2	13	1:28:37
72514	1854	249	12	14	1:28:56
72515	1449	249	13	15	1:29:47
72516	1477	249	3	16	1:30:17
72517	1440	249	14	17	1:30:46
72518	1465	249	15	18	1:30:53
72519	1472	249	16	19	1:31:09
72520	1466	249	17	20	1:31:15
72521	1458	249	18	21	1:31:21
72522	1467	249	19	22	1:31:32
72523	1476	249	20	23	1:31:55
72524	1441	249	21	24	1:31:59
72525	1855	249	22	25	1:33:01
72526	1856	249	23	26	1:33:05
72527	1857	249	24	27	1:33:08
72528	1858	249	25	28	1:33:14
72529	1448	249	26	29	1:33:17
72530	1454	249	27	30	1:33:36
72531	1860	249	4	31	1:33:52
72532	1471	249	28	32	1:34:09
72533	1861	249	5	33	1:34:19
72534	1487	249	29	34	1:36:20
72535	1862	249	30	35	1:37:56
72536	1863	249	31	36	1:38:00
72537	1864	249	6	37	1:39:16
72538	1507	249	32	38	1:39:20
72539	1545	249	7	39	1:39:28
72540	1531	249	8	40	1:39:47
72541	1506	249	33	41	1:39:49
72542	1865	249	34	42	1:40:10
72543	1498	249	35	43	1:40:18
72544	1866	249	9	44	1:40:27
72545	1551	249	10	45	1:41:41
72546	1504	249	36	46	1:42:16
72547	1499	249	37	47	1:42:20
72548	1490	249	38	48	1:42:33
72549	1867	249	39	49	1:43:02
72550	1512	249	40	50	1:43:14
72551	2228	249	41	51	1:43:23
72552	1536	249	42	52	1:43:46
72553	1868	249	43	53	1:44:02
72554	1503	249	44	54	1:44:06
72555	1510	249	45	55	1:44:13
72556	1869	249	46	56	1:44:17
72557	1610	249	11	57	1:44:25
72558	1544	249	47	58	1:44:40
72559	1581	249	48	59	1:44:43
72560	1521	249	49	60	1:45:10
72561	1870	249	50	61	1:45:12
72562	1871	249	51	62	1:45:32
72563	1593	249	52	63	1:45:50
72564	1452	249	53	64	1:46:09
72565	1488	249	54	65	1:46:31
72566	1598	249	55	66	1:46:34
72567	1872	249	56	67	1:46:55
72568	1636	249	57	68	1:46:59
72569	1873	249	58	69	1:47:13
72570	1558	249	59	70	1:47:33
72571	1533	249	60	71	1:47:43
72572	1874	249	61	72	1:47:57
72573	1561	249	12	73	1:48:02
72574	1557	249	62	74	1:48:25
72575	1875	249	13	75	1:48:32
72576	1876	249	14	76	1:48:35
72577	1556	249	63	77	1:49:13
72578	1540	249	64	78	1:49:17
72579	1565	249	15	79	1:49:23
72580	1877	249	16	80	1:49:31
72581	1560	249	17	81	1:49:35
72582	1484	249	65	82	1:49:38
72583	1496	249	66	83	1:49:48
72584	1516	249	67	84	1:50:17
72585	1879	249	18	85	1:50:26
72586	1552	249	19	86	1:50:35
72587	1637	249	68	87	1:50:44
72588	1880	249	69	88	1:51:11
72589	1534	249	20	89	1:51:23
72590	1881	249	70	90	1:52:07
72591	1882	249	71	91	1:52:13
72592	1592	249	21	92	1:52:24
72593	1619	249	22	93	1:52:46
72594	1578	249	72	94	1:52:50
72595	1883	249	73	95	1:53:03
72596	1884	249	74	96	1:53:10
72597	1523	249	23	97	1:53:33
72598	1564	249	24	98	1:53:35
72599	1479	249	75	99	1:53:37
72600	1562	249	76	100	1:53:44
72601	1634	249	77	101	1:55:15
72602	1885	249	78	102	1:55:22
72603	1569	249	79	103	1:55:27
72604	1886	249	25	104	1:55:59
72605	1887	249	26	105	1:56:01
72606	1888	249	27	106	1:56:04
72607	1570	249	80	107	1:56:43
72608	1580	249	81	108	1:56:45
72609	1639	249	82	109	1:56:58
72610	1594	249	28	110	1:57:27
72611	1889	249	83	111	1:57:47
72612	1603	249	29	112	1:58:11
72613	1890	249	84	113	1:59:09
72614	1605	249	85	114	1:59:11
72615	1891	249	30	115	1:59:32
72616	1892	249	86	116	1:59:35
72617	1641	249	31	117	1:59:41
72618	1647	249	32	118	1:59:43
72619	1893	249	87	119	1:59:53
72620	1701	249	88	120	2:00:14
72621	1644	249	89	121	2:00:22
72622	1894	249	33	122	2:00:37
72623	1895	249	90	123	2:00:47
72624	1651	249	91	124	2:00:50
72625	1896	249	34	125	2:00:53
72626	1897	249	35	126	2:01:08
72627	1631	249	36	127	2:01:15
72628	1898	249	92	128	2:01:32
72629	1667	249	37	129	2:02:19
72630	1899	249	93	130	2:02:23
72631	1574	249	94	131	2:02:36
72632	1656	249	38	132	2:02:48
72633	1658	249	95	133	2:03:00
72634	1900	249	39	134	2:03:53
72635	1901	249	40	135	2:03:57
72636	1681	249	41	136	2:04:59
72637	1902	249	42	137	2:05:44
72638	1626	249	96	138	2:05:47
72639	1642	249	97	139	2:05:54
72640	1684	249	43	140	2:06:17
72641	1903	249	98	141	2:06:19
72642	1904	249	99	142	2:06:35
72643	1716	249	100	143	2:06:37
72644	1643	249	44	144	2:06:47
72645	1905	249	101	145	2:06:48
72646	1906	249	102	146	2:07:11
72647	1740	249	45	147	2:07:16
72648	1907	249	103	148	2:07:32
72649	1908	249	46	149	2:07:42
72650	1710	249	47	150	2:08:07
72651	1697	249	48	151	2:08:09
72652	1687	249	49	152	2:08:27
72653	1909	249	50	153	2:08:42
72654	1910	249	104	154	2:08:52
72655	1654	249	51	155	2:09:04
72656	1618	249	52	156	2:09:05
72657	1664	249	53	157	2:09:48
72658	1666	249	54	158	2:09:49
72659	1746	249	105	159	2:09:59
72660	1749	249	55	160	2:10:01
72661	1911	249	56	161	2:10:07
72662	1792	249	106	162	2:10:09
72663	1912	249	57	163	2:10:13
72664	1705	249	58	164	2:11:39
72665	1660	249	107	165	2:11:52
72666	1689	249	108	166	2:11:55
72667	1722	249	59	167	2:12:12
72668	1913	249	109	168	2:13:05
72669	1914	249	110	169	2:14:33
72670	1717	249	60	170	2:15:01
72671	1915	249	61	171	2:15:30
72672	1774	249	111	172	2:16:33
72673	1916	249	112	173	2:16:38
72674	1677	249	62	174	2:16:41
72675	1678	249	113	175	2:16:42
72676	1688	249	114	176	2:16:59
72677	1691	249	63	177	2:17:44
72678	1743	249	115	178	2:18:31
72679	1751	249	64	179	2:18:41
72680	1752	249	65	180	2:19:33
72681	1718	249	116	181	2:21:13
72682	1917	249	117	182	2:21:35
72683	1918	249	66	183	2:21:38
72684	1919	249	118	184	2:21:52
72685	1700	249	119	185	2:25:16
72686	1811	249	120	186	2:26:16
72687	1920	249	67	187	2:27:31
72688	1737	249	68	188	2:27:39
72689	1791	249	69	189	2:28:00
72690	1921	249	70	190	2:28:32
72691	1922	249	121	191	2:30:40
72692	1781	249	122	192	2:31:27
72693	1923	249	71	193	2:35:25
72694	1723	249	123	194	2:36:18
72695	3506	249	72	195	2:39:57
72696	1787	249	73	196	2:45:18
72697	1816	249	74	197	2:46:25
72698	1829	249	124	198	2:53:23
72699	1433	250	1	1	24:52
72700	1434	250	2	2	25:51
72701	1849	250	3	3	26:02
72702	1436	250	4	4	26:23
72703	1445	250	5	5	27:23
72704	1438	250	6	6	27:39
72705	1442	250	7	7	27:40
72706	1450	250	8	8	27:42
72707	1449	250	9	9	27:49
72708	1446	250	10	10	27:59
72709	1441	250	11	11	28:08
72710	1440	250	12	12	28:11
72711	1451	250	13	13	28:14
72712	1439	250	14	14	28:17
72713	1462	250	15	15	28:35
72714	1925	250	16	16	28:44
72715	1455	250	17	17	29:12
72716	1453	250	18	18	29:24
72717	1854	250	19	19	29:30
72718	1447	250	20	20	29:31
72719	1452	250	21	21	29:32
72720	1458	250	22	22	29:44
72721	1477	250	1	23	29:51
72722	1926	250	23	24	29:52
72723	1465	250	24	25	30:01
72724	1482	250	25	26	30:03
72725	1476	250	26	27	30:04
72726	1521	250	27	28	30:16
72727	1485	250	2	29	30:18
72728	1863	250	28	30	30:31
72729	1480	250	29	31	30:40
72730	1478	250	30	32	31:19
72731	1496	250	31	33	31:22
72732	1487	250	32	34	31:27
72733	1481	250	33	35	31:31
72734	1471	250	34	36	31:33
72735	1510	250	35	37	31:40
72736	1466	250	36	38	31:46
72737	1507	250	37	39	31:49
72738	1506	250	38	40	31:52
72739	1927	250	39	41	31:56
72740	1503	250	40	42	31:59
72741	1504	250	41	43	32:00
72742	1484	250	42	44	32:06
72743	1709	250	43	45	32:08
72744	1461	250	44	46	32:14
72745	1868	250	45	47	32:19
72746	1928	250	46	48	32:27
72747	1557	250	47	49	32:28
72748	1531	250	3	50	32:29
72749	1596	250	48	51	32:30
72750	1475	250	49	52	32:32
72751	1498	250	50	53	32:35
72752	1488	250	51	54	32:38
72753	1505	250	4	55	32:46
72754	1490	250	52	56	32:50
72755	1512	250	53	57	32:56
72756	1929	250	54	58	32:58
72757	1930	250	55	59	33:03
72758	1502	250	56	60	33:07
72759	1470	250	57	61	33:10
72760	1931	250	58	62	33:21
72761	1519	250	59	63	33:32
72762	1932	250	5	64	33:36
72763	1537	250	6	65	33:38
72764	1933	250	7	66	33:40
72765	1572	250	60	67	33:42
72766	1545	250	8	68	33:47
72767	1934	250	61	69	34:13
72768	1935	250	62	70	34:19
72769	1936	250	63	71	34:21
72770	1559	250	64	72	34:24
72771	1533	250	65	73	34:28
72772	1937	250	66	74	34:29
72773	1938	250	67	75	34:31
72774	1880	250	68	76	34:34
72775	1939	250	69	77	34:39
72776	1543	250	70	78	34:42
72777	1539	250	71	79	34:46
72778	1524	250	72	80	34:50
72779	1534	250	9	81	34:52
72780	1486	250	73	82	34:55
72781	1567	250	74	83	35:08
72782	1552	250	10	84	35:11
72783	1602	250	11	85	35:16
72784	1940	250	75	86	35:18
72785	1941	250	12	87	35:19
72786	1556	250	76	88	35:28
72787	1942	250	77	89	35:34
72788	1578	250	78	90	35:37
72789	1515	250	79	91	35:38
72790	1576	250	80	92	35:42
72791	1579	250	81	93	35:58
72792	1548	250	82	94	35:59
72793	1588	250	83	95	36:07
72794	1882	250	84	96	36:07
72795	1636	250	85	97	36:13
72796	1530	250	86	98	36:14
72797	1943	250	87	99	36:15
72798	1944	250	88	100	36:17
72799	1517	250	89	101	36:19
72800	1573	250	90	102	36:20
72801	1884	250	91	103	36:24
72802	1606	250	92	104	36:27
72803	1594	250	13	105	36:34
72804	1632	250	14	106	36:35
72805	1945	250	93	107	36:40
72806	1946	250	94	108	36:40
72807	1574	250	95	109	36:42
72808	1910	250	96	110	36:45
72809	1547	250	97	111	36:48
72810	1947	250	98	112	36:53
72811	1647	250	15	113	36:56
72812	1611	250	99	114	37:01
72813	1642	250	100	115	37:03
72814	1582	250	16	116	37:06
72815	1569	250	101	117	37:17
72816	3124	250	102	118	37:20
72817	1948	250	103	119	37:30
72818	1949	250	17	120	37:33
72819	1591	250	104	121	37:36
72820	1601	250	105	122	37:39
72821	1631	250	18	123	37:40
72822	1950	250	19	124	37:51
72823	1637	250	106	125	37:58
72824	1888	250	20	126	38:03
72825	1952	250	107	127	38:05
72826	1555	250	108	128	38:07
72827	1869	250	109	129	38:08
72828	1592	250	21	130	38:13
72829	1651	250	110	131	38:18
72830	1639	250	111	132	38:19
72831	1634	250	112	133	38:24
72832	1774	250	113	134	38:25
72833	1657	250	114	135	38:27
72834	1541	250	22	136	38:29
72835	1900	250	23	137	38:30
72836	1630	250	24	138	38:39
72837	1605	250	115	139	38:43
72838	1590	250	25	140	38:46
72839	1711	250	26	141	38:47
72840	1953	250	116	142	38:50
72841	1655	250	27	143	39:01
72842	1954	250	117	144	39:03
72843	1894	250	28	145	39:06
72844	1597	250	29	146	39:08
72845	1955	250	30	147	39:09
72846	1658	250	118	148	39:14
72847	1627	250	119	149	39:20
72848	1892	250	120	150	39:22
72849	2036	250	121	151	39:29
72850	1887	250	31	152	39:30
72851	1697	250	32	153	39:31
72852	1609	250	122	154	39:34
72853	1608	250	123	155	39:35
72854	1628	250	124	156	39:36
72855	1661	250	33	157	39:37
72856	1899	250	125	158	39:48
72857	1623	250	126	159	39:49
72858	1681	250	34	160	39:51
72859	1956	250	127	161	39:54
72860	1957	250	128	162	39:55
72861	1917	250	129	163	40:07
72862	1653	250	130	164	40:09
72863	1656	250	35	165	40:10
72864	1633	250	131	166	40:12
72865	1719	250	36	167	40:13
72866	1622	250	37	168	40:14
72867	1906	250	132	169	40:14
72868	1905	250	133	170	40:17
72869	1958	250	134	171	40:22
72870	1856	250	135	172	40:25
72871	1959	250	136	173	40:26
72872	1909	250	38	174	40:32
72873	1806	250	137	175	40:47
72874	1671	250	39	176	40:51
72875	1696	250	40	177	40:53
72876	1646	250	41	178	40:54
72877	1960	250	42	179	41:00
72878	2140	250	138	180	41:04
72879	1660	250	139	181	41:11
72880	1962	250	140	182	41:23
72881	1963	250	141	183	41:26
72882	1964	250	43	184	41:32
72883	1511	250	142	185	41:35
72884	1965	250	143	186	41:36
72885	1716	250	144	187	41:56
72886	1966	250	145	188	42:08
72887	1710	250	44	189	42:10
72888	1967	250	146	190	42:13
72889	1687	250	45	191	42:18
72890	1688	250	147	192	42:24
72891	1968	250	46	193	42:31
72892	1742	250	148	194	42:38
72893	1969	250	47	195	42:40
72894	1970	250	48	196	42:41
72895	1713	250	149	197	42:45
72896	1738	250	49	198	42:49
72897	1707	250	50	199	42:54
72898	1667	250	51	200	42:59
72899	1971	250	150	201	43:01
72900	1757	250	52	202	43:02
72901	1972	250	151	203	43:07
72902	1912	250	53	204	43:21
72903	1916	250	152	205	43:22
72904	1700	250	153	206	43:24
72905	1720	250	54	207	43:25
72906	1705	250	55	208	43:26
72907	1685	250	154	209	43:30
72908	1973	250	155	210	43:31
72909	1717	250	56	211	43:42
72910	1722	250	57	212	43:43
72911	1755	250	58	213	43:52
72912	1725	250	59	214	43:54
72913	1527	250	156	215	43:55
72914	1683	250	157	216	43:56
72915	1974	250	158	217	43:58
72916	1975	250	60	218	44:00
72917	1745	250	159	219	44:01
72918	1976	250	61	220	44:05
72919	1977	250	62	221	44:10
72920	1833	250	160	222	44:11
72921	1790	250	161	223	44:13
72922	1737	250	63	224	44:15
72923	1668	250	162	225	44:16
72924	1721	250	163	226	44:17
72925	1911	250	64	227	44:19
72926	1746	250	164	228	44:20
72927	1624	250	65	229	44:23
72928	1643	250	66	230	44:25
72929	2130	250	67	231	44:29
72930	1979	250	68	232	44:44
72931	1980	250	69	233	44:45
72932	1736	250	70	234	44:49
72933	1981	250	71	235	44:50
72934	1691	250	72	236	44:52
72935	1982	250	73	237	44:57
72936	1983	250	74	238	44:59
72937	1701	250	165	239	45:02
72938	1743	250	166	240	45:04
72939	1706	250	75	241	45:05
72940	1645	250	167	242	45:11
72941	1677	250	76	243	45:12
72942	1678	250	168	244	45:13
72943	1984	250	169	245	45:17
72944	1714	250	77	246	45:25
72945	1985	250	78	247	45:28
72946	1986	250	170	248	45:31
72947	1987	250	79	249	45:33
72948	1792	250	171	250	45:43
72949	1766	250	80	251	45:49
72950	1913	250	172	252	45:53
72951	1988	250	81	253	45:56
72952	1749	250	82	254	45:58
72953	1989	250	83	255	46:04
72954	1729	250	84	256	46:06
72955	1730	250	173	257	46:07
72956	1990	250	174	258	46:15
72957	1991	250	85	259	46:19
72958	2277	250	86	260	46:20
72959	1993	250	87	261	46:27
72960	1780	250	88	262	46:28
72961	1918	250	89	263	46:34
72962	1754	250	175	264	46:51
72963	1784	250	176	265	47:02
72964	1994	250	90	266	47:05
72965	1995	250	91	267	47:08
72966	1799	250	92	268	47:18
72967	1842	250	177	269	47:26
72968	1996	250	178	270	47:28
72969	1997	250	93	271	47:31
72970	1775	250	94	272	47:34
72971	1779	250	95	273	47:36
72972	1770	250	96	274	48:15
72973	1732	250	97	275	48:19
72974	1768	250	98	276	48:45
72975	1752	250	99	277	48:48
72976	1998	250	100	278	48:51
72977	1922	250	179	279	48:52
72978	1769	250	101	280	48:55
72979	1801	250	102	281	48:57
72980	1777	250	103	282	49:14
72981	1787	250	104	283	49:32
72982	1999	250	105	284	49:43
72983	1731	250	180	285	49:44
72984	1733	250	181	286	49:48
72985	2304	250	106	287	49:50
72986	1796	250	182	288	49:51
72987	1728	250	107	289	49:58
72988	1809	250	108	290	50:11
72989	1767	250	109	291	50:31
72990	2000	250	110	292	50:57
72991	1815	250	183	293	51:22
72992	1763	250	111	294	51:23
72993	1758	250	184	295	51:32
72994	1829	250	185	296	51:39
72995	2001	250	186	297	51:54
72996	1811	250	187	298	51:55
72997	1765	250	112	299	52:00
72998	1813	250	113	300	52:07
72999	1814	250	188	301	52:08
73000	1788	250	189	302	52:14
73001	2002	250	114	303	52:23
73002	2003	250	190	304	52:25
73003	1807	250	191	305	52:27
73004	1816	250	115	306	52:29
73005	1795	250	192	307	52:49
73006	1821	250	116	308	52:51
73007	1776	250	117	309	53:07
73008	1845	250	118	310	53:13
73009	1828	250	119	311	53:16
73010	2004	250	120	312	53:41
73011	2005	250	121	313	53:42
73012	1890	250	193	314	53:43
73013	3506	250	122	315	53:45
73014	1822	250	123	316	54:15
73015	1723	250	194	317	55:24
73016	1827	250	124	318	55:40
73017	2006	250	125	319	57:00
73018	2007	250	126	320	57:01
73019	1508	250	195	321	57:02
73020	2008	250	127	322	57:53
73021	1802	250	196	323	59:19
73022	1797	250	197	324	1:00:22
73023	2009	250	128	325	1:00:48
73024	2010	250	129	326	1:01:29
73025	2011	250	130	327	1:06:27
73026	1837	250	198	328	1:06:34
73027	1789	250	199	329	1:07:08
73028	1843	250	131	330	1:07:13
73029	2012	250	132	331	1:09:01
73030	1433	251	1	1	28:56
73031	2013	251	2	2	29:09
73032	1436	251	3	3	29:46
73033	1849	251	4	4	30:52
73034	1445	251	5	5	31:50
73035	1438	251	6	6	31:54
73036	1449	251	7	7	31:58
73037	1441	251	8	8	32:00
73038	1439	251	9	9	32:03
73039	2014	251	10	10	32:08
73040	1451	251	11	11	32:13
73041	1446	251	12	12	32:16
73042	1450	251	13	13	32:22
73043	2015	251	14	14	32:29
73044	1440	251	15	15	32:31
73045	1437	251	16	16	32:32
73046	1443	251	17	17	32:32
73047	1447	251	18	18	32:49
73048	1454	251	19	19	32:51
73049	1462	251	20	20	32:57
73050	1448	251	21	21	32:59
73051	1854	251	22	22	33:01
73052	1463	251	23	23	33:39
73053	1458	251	24	24	33:50
73054	1472	251	25	25	33:52
73055	1476	251	26	26	34:06
73056	1460	251	27	27	34:06
73057	1511	251	28	28	34:10
73058	1467	251	29	29	34:14
73059	1473	251	30	30	34:17
73060	1466	251	31	31	34:18
73061	1474	251	1	32	34:21
73062	1482	251	32	33	34:31
73063	1475	251	33	34	34:36
73064	1452	251	34	35	34:44
73065	1465	251	35	36	34:48
73066	3261	251	36	37	34:48
73067	1487	251	37	38	34:52
73068	1477	251	2	39	34:54
73069	1470	251	38	40	34:54
73070	2017	251	3	41	35:10
73071	2018	251	39	42	35:12
73072	1518	251	4	43	35:19
73073	1486	251	40	44	35:25
73074	1483	251	41	45	35:29
73075	2019	251	42	46	35:30
73076	1494	251	5	47	35:34
73077	1464	251	43	48	35:35
73078	1471	251	44	49	35:47
73079	1510	251	45	50	35:56
73080	1481	251	46	51	36:04
73081	2335	251	47	52	36:07
73082	1484	251	48	53	36:27
73083	1928	251	49	54	36:33
73084	1557	251	50	55	36:37
73085	1505	251	6	56	36:42
73086	1490	251	51	57	36:44
73087	2020	251	52	58	36:51
73088	1488	251	53	59	37:00
73089	1496	251	54	60	37:04
73090	1498	251	55	61	37:12
73091	1500	251	7	62	37:17
73092	2021	251	56	63	37:20
73093	1489	251	57	64	37:26
73094	1499	251	58	65	37:32
73095	2022	251	59	66	37:33
73096	1504	251	60	67	37:36
73097	2023	251	8	68	37:41
73098	1946	251	61	69	37:44
73099	2024	251	9	70	37:47
73100	1508	251	62	71	37:48
73101	1869	251	63	72	37:52
73102	1502	251	64	73	37:54
73103	1497	251	65	74	37:56
73104	1503	251	66	75	37:57
73105	1559	251	67	76	38:04
73106	1515	251	68	77	38:06
73107	2025	251	69	78	38:09
73108	1879	251	10	79	38:11
73109	1531	251	11	80	38:12
73110	1560	251	12	81	38:14
73111	1610	251	13	82	38:16
73112	1520	251	70	83	38:24
73113	1868	251	71	84	38:30
73114	1935	251	72	85	38:31
73115	1524	251	73	86	38:37
73116	1880	251	74	87	38:41
73117	1534	251	14	88	38:46
73118	1536	251	75	89	38:48
73119	1551	251	15	90	38:55
73120	1469	251	76	91	38:56
73121	1517	251	77	92	38:59
73122	1547	251	78	93	39:05
73123	1509	251	79	94	39:06
73124	1533	251	80	95	39:08
73125	1523	251	16	96	39:13
73126	1544	251	81	97	39:14
73127	1556	251	82	98	39:16
73128	1537	251	17	99	39:26
73129	2026	251	18	100	39:29
73130	1929	251	83	101	39:30
73131	1540	251	84	102	39:32
73132	1596	251	85	103	39:34
73133	1552	251	19	104	39:51
73134	2027	251	86	105	39:53
73135	1875	251	20	106	39:59
73136	1572	251	87	107	40:00
73137	1561	251	21	108	40:02
73138	1565	251	22	109	40:04
73139	1564	251	23	110	40:17
73140	1930	251	88	111	40:23
73141	1942	251	89	112	40:23
73142	1539	251	90	113	40:24
73143	2028	251	91	114	40:33
73144	1950	251	24	115	40:34
73145	2029	251	25	116	40:43
73146	1591	251	92	117	40:45
73147	1949	251	26	118	40:47
73148	1570	251	93	119	40:49
73149	1934	251	94	120	40:54
73150	1581	251	95	121	40:54
73151	1578	251	96	122	40:55
73152	1602	251	27	123	40:59
73153	1636	251	97	124	41:00
73154	1940	251	98	125	41:00
73155	1569	251	99	126	41:06
73156	1588	251	100	127	41:09
73157	1593	251	101	128	41:11
73158	1563	251	28	129	41:12
73159	1574	251	102	130	41:17
73160	1568	251	103	131	41:18
73161	2030	251	104	132	41:20
73162	1632	251	29	133	41:22
73163	1579	251	105	134	41:27
73164	2031	251	106	135	41:30
73165	1592	251	30	136	41:35
73166	1597	251	31	137	41:36
73167	1833	251	107	138	41:50
73168	1573	251	108	139	41:53
73169	1582	251	32	140	41:55
73170	2032	251	33	141	41:56
73171	1594	251	34	142	42:02
73172	2033	251	109	143	42:05
73173	1538	251	110	144	42:07
73174	1715	251	35	145	42:09
73175	1550	251	36	146	42:13
73176	1952	251	111	147	42:23
73177	1645	251	112	148	42:28
73178	1888	251	37	149	42:35
73179	2034	251	113	150	42:39
73180	2035	251	38	151	42:42
73181	1953	251	114	152	42:44
73182	1901	251	39	153	42:50
73183	1910	251	115	154	42:53
73184	1627	251	116	155	42:57
73185	1622	251	40	156	42:58
73186	1580	251	117	157	42:59
73187	1620	251	118	158	43:06
73188	1630	251	41	159	43:07
73189	2036	251	119	160	43:10
73190	1944	251	120	161	43:11
73191	2037	251	121	162	43:13
73192	1631	251	42	163	43:14
73193	1948	251	122	164	43:15
73194	2038	251	123	165	43:21
73195	1621	251	43	166	43:27
73196	2039	251	44	167	43:27
73197	2040	251	45	168	43:43
73198	1619	251	46	169	43:46
73199	2041	251	124	170	43:51
73200	1652	251	47	171	43:54
73201	1625	251	125	172	43:54
73202	1641	251	48	173	43:57
73203	2042	251	126	174	44:00
73204	1626	251	127	175	44:01
73205	2043	251	49	176	44:07
73206	2044	251	50	177	44:08
73207	1639	251	128	178	44:08
73208	1686	251	129	179	44:09
73209	3124	251	130	180	44:10
73210	1669	251	51	181	44:11
73211	1634	251	131	182	44:12
73212	1608	251	132	183	44:12
73213	1887	251	52	184	44:13
73214	1694	251	133	185	44:14
73215	1647	251	53	186	44:15
73216	1702	251	134	187	44:16
73217	1674	251	54	190	44:19
73218	1673	251	55	191	44:20
73219	2045	251	137	192	44:20
73220	1643	251	56	193	44:21
73221	1624	251	57	194	44:22
73222	1616	251	138	195	44:26
73223	1909	251	58	196	44:28
73224	2046	251	59	197	44:29
73225	1661	251	60	198	44:31
73226	1892	251	139	199	44:33
73227	1651	251	140	200	44:39
73228	1612	251	141	201	44:40
73229	1966	251	142	202	44:45
73230	1646	251	61	203	44:45
73231	1653	251	143	204	44:50
73232	2047	251	62	205	44:53
73233	1806	251	144	206	44:59
73234	1707	251	63	207	45:05
73235	1660	251	145	208	45:10
73236	2049	251	146	209	45:11
73237	1629	251	147	210	45:13
73238	1957	251	148	211	45:15
73239	2050	251	149	212	45:17
73240	1665	251	150	213	45:20
73241	1976	251	64	214	45:21
73242	1911	251	65	215	45:28
73243	1650	251	151	216	45:29
73244	1693	251	66	217	45:34
73245	2051	251	67	218	45:35
73246	2052	251	68	219	45:37
73247	1586	251	152	220	45:41
73248	1711	251	69	221	45:42
73249	1962	251	153	222	45:43
73250	1671	251	70	223	45:47
73251	1905	251	154	224	45:51
73252	1906	251	155	225	45:54
73253	1882	251	156	226	45:55
73254	1960	251	71	227	45:59
73255	1667	251	72	228	46:00
73256	1899	251	157	229	46:02
73257	1681	251	73	230	46:04
73258	1658	251	158	231	46:09
73259	1664	251	74	232	46:11
73260	1974	251	159	233	46:12
73261	1696	251	75	234	46:13
73262	1642	251	160	235	46:18
73263	1710	251	76	236	46:23
73264	1514	251	77	237	46:31
73265	1513	251	78	238	46:31
73266	1492	251	79	239	46:31
73267	1666	251	80	240	46:32
73268	1615	251	81	241	46:38
73269	1654	251	82	242	46:44
73270	1618	251	83	243	46:45
73271	1984	251	161	244	46:46
73272	2053	251	84	245	46:47
73273	1897	251	85	246	46:50
73274	1691	251	86	247	47:01
73275	2054	251	162	248	47:01
73276	2055	251	163	249	47:03
73277	1884	251	164	250	47:04
73278	2056	251	87	251	47:07
73279	1917	251	165	252	47:10
73280	1687	251	88	253	47:14
73281	1740	251	89	254	47:16
73282	1725	251	90	255	47:17
73283	1527	251	166	256	47:18
73284	1727	251	91	257	47:26
73285	1708	251	167	258	47:27
73286	1722	251	92	259	47:29
73287	1675	251	93	260	47:32
73288	1705	251	94	261	47:33
73289	2057	251	95	262	47:35
73290	1717	251	96	263	47:36
73291	1676	251	97	264	47:36
73292	1908	251	98	265	47:37
73293	1790	251	168	266	47:40
73294	1737	251	99	267	47:40
73295	1713	251	169	268	47:42
73296	2058	251	100	269	47:44
73297	2059	251	170	270	47:47
73298	2060	251	101	271	47:56
73299	1975	251	102	272	47:58
73300	1735	251	103	273	48:01
73301	1700	251	171	274	48:08
73302	2061	251	104	275	48:12
73303	1699	251	172	276	48:28
73304	2062	251	105	277	48:31
73305	1689	251	173	278	48:33
73306	1657	251	174	279	48:39
73307	1683	251	175	280	48:45
73308	1663	251	176	281	48:49
73309	1677	251	106	282	48:51
73310	1678	251	177	283	48:52
73311	1993	251	107	284	48:54
73312	2063	251	108	285	49:00
73313	1685	251	178	286	49:01
73314	1728	251	109	287	49:10
73315	2064	251	110	288	49:11
73316	1916	251	179	289	49:14
73317	1750	251	111	290	49:19
73318	1716	251	180	291	49:24
73319	1703	251	181	292	49:24
73320	1751	251	112	293	49:30
73321	2065	251	113	294	49:37
73322	1791	251	114	295	49:47
73323	1755	251	115	296	50:06
73324	1733	251	182	297	50:15
73325	2066	251	183	298	50:22
73326	1688	251	184	299	50:24
73327	2067	251	185	300	50:27
73328	1706	251	116	301	50:34
73329	2068	251	186	302	50:38
73330	1912	251	117	303	50:40
73331	1718	251	187	304	50:41
73332	1752	251	118	305	50:42
73333	1918	251	188	306	50:42
73334	1805	251	119	307	50:46
73335	1842	251	189	308	51:02
73336	1739	251	120	309	51:04
73337	2069	251	121	310	51:06
73338	1744	251	190	311	51:26
73339	1991	251	122	312	51:29
73340	2277	251	123	313	51:29
73341	2070	251	124	314	51:30
73342	1721	251	191	315	51:30
73343	1783	251	192	316	51:39
73344	1757	251	125	317	51:43
73345	1736	251	126	318	51:45
73346	1767	251	127	319	15:48
73347	1981	251	128	320	51:49
73348	1761	251	129	321	51:56
73349	1746	251	193	322	52:01
73350	1778	251	130	323	52:02
73351	1780	251	131	324	52:03
73352	2071	251	194	325	52:06
73353	1986	251	195	326	52:13
73354	1921	251	132	327	52:16
73355	1754	251	196	328	52:22
73356	1748	251	133	329	52:26
73357	1766	251	134	330	52:39
73358	2304	251	135	331	52:52
73359	1801	251	136	332	52:55
73360	1922	251	197	333	53:06
73361	1998	251	137	334	53:10
73362	1787	251	138	335	53:14
73363	1760	251	198	336	53:23
73364	1797	251	199	337	53:36
73365	1786	251	200	338	53:41
73366	1996	251	201	339	53:55
73367	1795	251	202	340	54:05
73368	2072	251	139	341	54:43
73369	2073	251	203	342	54:56
73370	1781	251	204	343	55:02
73371	1792	251	205	344	55:09
73372	2074	251	140	345	55:12
73373	2075	251	141	346	55:31
73374	2076	251	142	347	55:32
73375	1815	251	206	348	55:33
73376	1810	251	207	349	55:57
73377	1793	251	208	350	55:59
73378	1796	251	209	351	56:03
73379	3506	251	143	352	56:09
73380	2077	251	144	353	56:10
73381	1829	251	210	354	56:14
73382	1811	251	211	355	56:43
73383	1845	251	145	356	56:51
73384	1779	251	146	357	57:12
73385	1816	251	147	358	57:34
73386	1799	251	148	359	57:55
73387	2078	251	149	360	57:56
73388	1819	251	150	361	58:16
73389	2079	251	151	362	58:52
73390	2002	251	152	363	59:12
73391	1817	251	153	364	59:17
73392	2080	251	154	365	59:23
73393	2081	251	155	366	59:34
73394	1999	251	156	367	59:38
73395	1813	251	157	368	59:44
73396	1814	251	212	369	59:46
73397	2082	251	158	370	1:00:43
73398	1808	251	159	371	1:00:49
73399	2083	251	160	372	1:00:51
73400	1807	251	213	373	1:00:55
73401	2000	251	161	374	1:01:20
73402	2084	251	162	375	1:01:38
73403	1832	251	163	376	1:01:42
73404	2085	251	164	377	1:01:44
73405	1828	251	165	378	1:01:56
73406	2086	251	166	379	1:02:09
73407	2087	251	167	380	1:02:46
73408	1827	251	168	382	1:02:52
73409	1836	251	215	383	1:03:29
73410	1802	251	216	384	1:04:27
73411	1839	251	169	385	1:07:57
73412	2088	251	170	386	1:08:19
73413	1843	251	171	387	1:11:03
73414	1723	251	217	388	1:11:43
73415	2089	251	218	389	1:12:54
73416	1844	251	219	390	1:17:59
73417	2012	251	172	391	1:29:07
73418	1433	252	1	1	52:13
73419	1849	252	2	2	56:34
73420	2109	252	3	3	57:58
73421	1436	252	4	4	58:17
73422	1444	252	5	5	58:44
73423	1450	252	6	6	58:48
73424	1451	252	7	7	59:00
73425	1446	252	8	8	59:21
73426	1445	252	9	9	59:44
73427	1463	252	10	10	1:00:01
73428	1439	252	11	11	1:00:05
73429	1852	252	1	12	1:00:24
73430	1462	252	12	13	1:00:27
73431	1449	252	13	14	1:00:30
73432	1440	252	14	15	1:01:01
73433	1447	252	15	16	1:01:18
73434	1477	252	2	17	1:01:40
73435	1456	252	16	18	1:02:05
73436	1464	252	17	19	1:02:06
73437	1854	252	18	20	1:02:06
73438	1466	252	19	21	1:02:10
73439	1448	252	20	22	1:02:12
73440	1458	252	21	23	1:02:19
73441	1476	252	22	24	1:02:30
73442	1472	252	23	25	1:02:36
73443	1454	252	24	26	1:02:38
73444	1460	252	25	27	1:02:42
73445	2110	252	26	28	1:02:52
73446	1465	252	27	29	1:03:04
73447	1855	252	28	30	1:03:25
73448	1452	252	29	31	1:03:44
73449	1474	252	3	32	1:03:49
73450	1471	252	30	33	1:04:22
73451	1861	252	4	34	1:05:04
73452	1453	252	31	35	1:05:23
73453	1478	252	32	36	1:06:00
73454	2111	252	33	37	1:06:01
73455	1709	252	34	38	1:06:15
73456	1506	252	35	39	1:06:27
73457	1485	252	5	40	1:06:32
73458	1507	252	36	41	1:07:25
73459	1545	252	6	42	1:07:29
73460	1862	252	37	43	1:07:35
73461	1521	252	38	44	1:07:43
73462	1510	252	39	45	1:08:04
73463	1487	252	40	46	1:08:05
73464	1484	252	41	47	1:08:08
73465	1930	252	42	48	1:08:10
73466	1927	252	43	49	1:08:20
73467	1596	252	44	50	1:08:22
73468	1531	252	7	51	1:08:38
73469	1512	252	45	52	1:08:57
73470	1498	252	46	53	1:09:00
73471	2112	252	47	54	1:09:10
73472	1470	252	48	55	1:09:19
73473	1488	252	49	56	1:09:25
73474	1503	252	50	57	1:09:36
73475	1560	252	8	58	1:10:05
73476	1593	252	51	59	1:10:13
73477	1544	252	52	60	1:10:21
73478	1502	252	53	61	1:10:25
73479	2113	252	54	62	1:10:29
73480	1932	252	9	63	1:10:33
73481	1938	252	55	64	1:10:35
73482	1533	252	56	65	1:10:42
73483	1549	252	57	66	1:11:02
73484	1867	252	58	67	1:11:23
73485	1475	252	59	68	1:11:31
73486	2114	252	60	69	1:11:36
73487	1936	252	61	70	1:12:00
73488	1572	252	62	71	1:12:20
73489	1931	252	63	72	1:12:29
73490	1581	252	64	73	1:12:42
73491	1561	252	10	74	1:12:49
73492	1539	252	65	75	1:12:49
73493	1499	252	66	76	1:12:53
73494	1469	252	67	77	1:13:05
73495	2115	252	11	78	1:13:06
73496	1884	252	68	79	1:13:52
73497	1870	252	69	80	1:14:07
73498	2116	252	70	81	1:14:21
73499	1540	252	71	82	1:14:22
73500	2117	252	72	83	1:14:25
73501	1523	252	12	84	1:14:36
73502	1875	252	13	85	1:14:37
73503	1534	252	14	86	1:14:46
73504	1556	252	73	87	1:14:47
73505	1889	252	74	88	1:14:52
73506	1552	252	15	89	1:14:56
73507	1945	252	75	90	1:15:05
73508	1558	252	76	91	1:15:15
73509	1865	252	77	92	1:15:18
73510	1496	252	78	93	1:15:19
73511	1872	252	79	94	1:15:37
73512	2095	252	16	95	1:15:41
73513	2092	252	80	96	1:15:43
73514	1965	252	81	97	1:15:51
73515	1579	252	82	98	1:15:52
73516	1580	252	83	99	1:15:53
73517	1557	252	84	100	1:15:56
73518	1602	252	17	101	1:16:05
73519	1946	252	85	102	1:16:14
73520	2118	252	18	103	1:16:26
73521	1569	252	86	104	1:17:02
73522	1570	252	87	105	1:17:20
73523	1887	252	19	106	1:17:23
73524	1597	252	20	107	1:17:30
73525	2119	252	88	108	1:17:31
73526	1639	252	89	109	1:17:33
73527	1885	252	90	110	1:17:38
73528	1565	252	21	111	1:17:51
73529	2120	252	91	112	1:17:57
73530	1584	252	92	113	1:18:06
73531	1937	252	93	114	1:18:08
73532	1646	252	22	115	1:18:10
73533	1530	252	94	116	1:18:12
73534	2121	252	23	117	1:18:29
73535	1910	252	95	118	1:18:55
73536	1594	252	24	119	1:19:00
73537	1638	252	96	120	1:19:07
73538	1950	252	25	121	1:19:09
73539	1564	252	26	122	1:19:18
73540	1574	252	97	123	1:19:19
73541	1571	252	98	124	1:19:32
73542	1949	252	27	125	1:19:54
73543	1948	252	99	126	1:19:58
73544	1637	252	100	127	1:20:04
73545	1947	252	101	128	1:20:22
73546	1901	252	28	129	1:20:33
73547	1634	252	102	130	1:21:02
73548	1892	252	103	131	1:21:04
73549	1619	252	29	132	1:21:05
73550	2066	252	104	133	1:21:18
73551	1962	252	105	134	1:21:25
73552	2036	252	106	135	1:21:29
73553	1618	252	30	136	1:21:30
73554	1626	252	107	137	1:21:34
73555	1492	252	31	138	1:21:38
73556	1513	252	32	139	1:21:40
73557	1493	252	33	140	1:21:41
73558	1900	252	34	141	1:21:42
73559	1774	252	108	142	1:21:51
73560	1710	252	35	143	1:21:52
73561	1631	252	36	144	1:21:57
73562	1651	252	109	145	1:22:00
73563	1873	252	110	146	1:22:04
73564	1601	252	111	147	1:22:15
73565	1649	252	37	148	1:22:16
73566	1591	252	112	149	1:22:21
73567	1704	252	38	150	1:22:24
73568	1879	252	39	151	1:22:26
73569	1893	252	113	152	1:22:39
73570	1966	252	114	153	1:22:44
73571	1603	252	40	154	1:22:49
73572	2123	252	41	155	1:22:51
73573	1894	252	42	156	1:22:56
73574	1665	252	115	157	1:23:12
73575	1897	252	43	158	1:23:20
73576	1655	252	44	159	1:23:28
73577	1630	252	45	160	1:23:32
73578	1737	252	46	161	1:23:47
73579	1673	252	47	162	1:23:49
73580	1895	252	116	163	1:23:56
73581	1696	252	48	164	1:24:01
73582	1635	252	117	165	1:24:25
73583	1780	252	49	166	1:24:27
73584	1944	252	118	167	1:24:29
73585	3124	252	119	168	1:24:34
73586	1681	252	50	169	1:24:38
73587	2124	252	51	170	1:24:40
73588	1620	252	120	171	1:24:42
73589	1658	252	121	172	1:24:50
73590	1666	252	52	173	1:24:52
73591	1641	252	53	174	1:24:58
73592	1908	252	54	175	1:25:01
73593	1623	252	122	176	1:25:12
73594	1957	252	123	177	1:25:23
73595	1899	252	124	178	1:25:33
73596	1624	252	55	179	1:25:36
73597	1654	252	56	180	1:25:41
73598	1671	252	57	181	1:25:43
73599	1705	252	58	182	1:26:03
73600	1711	252	59	183	1:26:05
73601	1740	252	60	184	1:26:11
73602	1967	252	125	185	1:26:18
73603	1911	252	61	186	1:26:20
73604	1917	252	126	187	1:26:33
73605	1629	252	127	188	1:26:35
73606	1856	252	128	189	1:26:44
73607	1697	252	62	190	1:26:57
73608	1716	252	129	191	1:27:01
73609	1668	252	130	192	1:27:05
73610	1660	252	131	193	1:27:13
73611	1906	252	132	194	1:27:19
73612	1702	252	133	195	1:27:22
73613	1656	252	63	196	1:27:26
73614	2058	252	64	197	1:27:41
73615	1722	252	65	198	1:27:51
73616	1699	252	134	199	1:27:59
73617	1689	252	135	200	1:28:40
73618	1735	252	66	201	1:28:47
73619	1913	252	136	202	1:28:55
73620	1701	252	137	203	1:28:56
73621	1953	252	138	204	1:29:03
73622	1688	252	139	205	1:29:04
73623	1691	252	67	206	1:29:05
73624	1958	252	140	207	1:29:10
73625	2140	252	141	208	1:29:11
73626	1693	252	68	209	1:29:13
73627	2277	252	69	210	1:29:18
73628	1717	252	70	211	1:29:36
73629	2125	252	71	212	1:29:48
73630	1912	252	72	213	1:29:54
73631	1752	252	73	214	1:30:08
73632	1750	252	74	215	1:30:11
73633	1993	252	75	216	1:30:23
73634	2126	252	76	217	1:30:35
73635	1969	252	77	218	1:30:45
73636	1746	252	142	219	1:30:49
73637	1995	252	78	220	1:31:19
73638	2056	252	79	221	1:31:32
73639	1980	252	80	222	1:31:35
73640	1677	252	81	223	1:31:44
73641	1678	252	143	224	1:31:45
73642	1700	252	144	225	1:31:45
73643	1707	252	82	226	1:32:35
73644	1785	252	83	227	1:32:38
73645	1715	252	84	228	1:32:45
73646	2061	252	85	229	1:32:47
73647	1749	252	86	230	1:33:11
73648	1991	252	87	231	1:33:27
73649	1736	252	88	232	1:33:47
73650	1721	252	145	233	1:34:00
73651	1791	252	89	234	1:34:44
73652	1743	252	146	235	1:34:48
73653	1799	252	90	236	1:35:04
73654	2077	252	91	237	1:35:18
73655	1779	252	92	238	1:35:27
73656	1842	252	147	239	1:35:28
73657	1751	252	93	240	1:36:00
73658	1766	252	94	241	1:36:08
73659	1801	252	95	242	1:37:05
73660	2127	252	148	243	1:37:13
73661	2128	252	96	244	1:38:05
73662	1919	252	149	245	1:38:09
73663	2304	252	97	246	1:38:10
73664	1922	252	150	247	1:40:08
73665	2129	252	151	248	1:40:10
73666	1920	252	98	249	1:40:12
73667	1998	252	99	250	1:40:18
73668	1811	252	152	251	1:41:44
73669	2130	252	100	252	1:42:22
73670	1733	252	153	253	1:42:28
73671	2001	252	154	254	1:43:24
73672	1723	252	155	255	1:44:21
73673	1763	252	101	256	1:44:34
73674	1809	252	102	257	1:44:40
73675	2005	252	103	258	1:45:05
73676	1890	252	156	259	1:46:04
73677	1765	252	104	260	1:46:05
73678	1816	252	105	261	1:47:25
73679	1787	252	106	262	1:48:05
73680	3506	252	107	263	1:51:04
73681	1829	252	157	264	1:54:10
73682	1807	252	158	265	1:56:19
73683	1836	252	159	266	1:58:33
73684	2008	252	108	267	2:00:25
73685	1849	253	1	1	42:04
73686	1436	253	2	2	42:19
73687	1445	253	3	3	44:48
73688	1439	253	4	4	45:24
73689	1446	253	5	5	45:42
73690	1455	253	6	6	45:46
73691	1451	253	7	7	45:51
73692	1440	253	8	8	45:52
73693	1450	253	9	9	45:53
73694	1454	253	10	10	45:55
73695	1442	253	11	11	46:11
73696	1449	253	12	12	46:37
73697	1438	253	13	13	47:12
73698	1477	253	1	14	41:17
73699	1462	253	14	15	47:20
73700	1448	253	15	16	47:34
73701	1453	253	16	17	47:50
73702	2017	253	2	18	41:54
73703	1854	253	17	19	48:09
73704	1447	253	18	20	48:12
73705	1474	253	3	21	42:16
73706	1465	253	19	22	48:24
73707	1464	253	20	23	48:44
73708	1466	253	21	24	48:46
73709	1460	253	22	25	48:49
73710	1467	253	23	26	48:58
73711	1518	253	4	27	43:15
73712	1472	253	24	28	49:19
73713	1441	253	25	29	49:31
73714	1482	253	26	30	49:34
73715	1558	253	27	31	49:35
73716	3428	253	28	32	49:35
73717	1860	253	5	33	43:40
73718	1452	253	29	34	49:43
73719	1484	253	30	35	49:52
73720	1855	253	31	36	49:56
73721	1480	253	32	37	50:15
73722	1925	253	33	38	50:26
73723	1507	253	34	39	50:42
73724	1499	253	35	40	51:05
73725	1933	253	6	41	45:07
73726	1487	253	36	42	51:34
73727	1501	253	7	43	45:36
73728	1695	253	37	44	51:43
73729	2090	253	38	45	51:45
73730	1496	253	39	46	51:50
73731	1485	253	8	47	45:56
73732	1505	253	9	48	46:22
73733	1504	253	40	49	52:30
73734	1503	253	41	50	52:39
73735	1868	253	42	51	52:56
73736	1560	253	10	52	46:57
73737	1610	253	11	53	47:01
73738	1557	253	43	54	53:02
73739	1512	253	44	55	53:10
73740	1567	253	45	56	53:23
73741	1596	253	46	57	53:24
73742	1537	253	12	58	47:28
73743	1572	253	47	59	53:34
73744	1498	253	48	60	53:36
73745	1515	253	49	61	53:43
73746	1534	253	13	62	47:44
73747	2091	253	50	63	53:50
73748	1524	253	51	64	54:00
73749	1930	253	52	65	54:02
73750	1565	253	14	66	48:11
73751	1873	253	53	67	54:11
73752	1884	253	54	68	54:15
73753	1519	253	55	69	54:17
73754	1709	253	56	70	54:20
73755	1556	253	57	71	54:21
73756	1561	253	15	72	48:25
73757	1533	253	58	73	54:28
73758	1540	253	59	74	54:39
73759	1889	253	60	75	54:45
73760	1942	253	61	76	54:51
73761	1578	253	62	77	54:52
73762	2092	253	63	78	55:11
73763	1593	253	64	79	55:16
73764	1879	253	16	80	49:23
73765	1935	253	65	81	55:29
73766	1547	253	66	82	55:35
73767	1947	253	67	83	55:42
73768	2093	253	68	84	55:44
73769	1588	253	69	85	55:46
73770	1543	253	70	86	55:48
73771	1636	253	71	87	55:48
73772	1523	253	17	88	49:54
73773	1576	253	72	89	55:56
73774	1602	253	18	90	50:09
73775	2030	253	73	91	56:19
73776	1937	253	74	92	56:37
73777	1632	253	19	93	50:37
73778	1569	253	75	94	56:43
73779	1580	253	76	95	56:57
73780	1566	253	20	96	51:01
73781	1715	253	21	97	51:07
73782	2094	253	77	98	51:09
73783	1591	253	78	99	57:09
73784	1934	253	79	100	57:17
73785	1910	253	80	101	57:18
73786	1949	253	22	102	51:51
73787	1562	253	81	103	57:57
73788	1624	253	23	104	51:58
73789	1517	253	82	105	58:05
73790	1645	253	83	106	58:06
73791	1940	253	84	107	58:11
73792	2095	253	24	108	52:13
73793	1972	253	85	109	58:18
73794	1606	253	86	110	58:23
73795	1686	253	87	111	58:24
73796	1950	253	25	112	52:31
73797	2028	253	88	113	58:35
73798	1948	253	89	114	58:38
73799	1888	253	26	115	52:43
73800	1664	253	27	116	52:45
73801	1541	253	28	117	52:46
73802	1694	253	90	118	58:50
73803	1469	253	91	119	58:52
73804	1638	253	92	120	59:03
73805	1631	253	29	121	53:05
73806	1627	253	93	122	59:06
73807	1644	253	94	123	59:18
73808	1900	253	30	124	53:19
73809	1626	253	95	125	59:22
73810	1620	253	96	126	59:27
73811	1592	253	31	127	53:29
73812	1616	253	97	128	59:30
73813	1582	253	32	129	53:31
73814	1965	253	98	130	59:32
73815	1461	253	99	131	59:47
73816	1892	253	100	132	59:48
73817	1730	253	101	133	59:53
73818	1622	253	33	134	53:55
73819	1618	253	34	135	54:17
73820	1603	253	35	136	54:20
73821	1894	253	36	137	54:24
73822	1637	253	102	138	1:00:32
73823	1806	253	103	139	1:00:49
73824	2096	253	104	140	1:00:50
73825	1962	253	105	141	1:01:00
73826	1621	253	37	142	55:07
73827	1647	253	38	143	55:07
73828	2097	253	39	144	55:10
73829	1492	253	40	145	55:12
73830	1493	253	41	146	55:13
73831	1944	253	106	147	1:01:17
73832	1635	253	107	148	1:01:18
73833	1654	253	42	149	55:23
73834	1658	253	108	150	1:01:25
73835	1905	253	109	151	1:01:29
73836	1646	253	43	152	55:36
73837	1681	253	44	153	55:41
73838	1671	253	45	154	55:47
73839	1740	253	46	155	55:53
73840	1711	253	47	156	55:55
73841	1639	253	110	157	1:01:58
73842	1702	253	111	158	1:02:17
73843	1651	253	112	159	1:02:25
73844	1909	253	48	160	56:25
73845	1887	253	49	161	56:27
73846	1697	253	50	162	56:28
73847	1661	253	51	163	56:29
73848	1619	253	52	164	56:32
73849	1908	253	53	165	56:39
73850	1634	253	113	166	1:02:49
73851	1899	253	114	167	1:02:50
73852	1687	253	54	168	56:55
73853	1693	253	55	169	56:57
73854	1719	253	56	170	56:58
73855	1774	253	115	171	1:02:58
73856	1642	253	116	172	1:03:01
73857	1976	253	57	173	57:02
73858	1696	253	58	174	57:14
73859	1957	253	117	175	1:03:24
73860	1917	253	118	176	1:03:32
73861	1906	253	119	177	1:03:36
73862	1666	253	59	178	57:41
73863	1717	253	60	179	57:42
73864	2099	253	61	180	57:44
73865	1656	253	62	181	58:20
73866	2100	253	63	182	58:31
73867	2074	253	64	183	58:34
73868	1975	253	65	184	58:36
73869	1689	253	120	185	1:04:46
73870	1705	253	66	186	58:47
73871	1735	253	67	187	58:48
73872	1630	253	68	188	58:52
73873	1737	253	69	189	58:54
73874	1657	253	121	190	1:04:58
73875	1916	253	122	191	1:05:00
73876	1707	253	70	192	59:20
73877	1979	253	71	193	59:31
73878	1986	253	123	194	1:05:44
73879	1655	253	72	195	59:47
73880	2101	253	73	196	59:49
73881	1729	253	74	197	59:52
73882	1700	253	124	198	1:05:55
73883	2057	253	75	199	1:00:00
73884	2277	253	76	200	1:00:11
73885	1736	253	77	201	1:00:14
73886	1739	253	78	202	1:00:16
73887	1898	253	125	203	1:06:17
73888	1675	253	79	204	1:00:19
73889	2102	253	126	205	1:06:31
73890	1746	253	127	206	1:06:32
73891	1902	253	80	207	1:00:40
73892	1973	253	128	208	1:06:41
73893	1751	253	81	209	1:00:52
73894	1913	253	129	210	1:07:09
73895	1629	253	130	211	1:07:13
73896	1755	253	82	212	1:01:15
73897	1722	253	83	213	1:01:21
73898	1749	253	84	214	1:01:33
73899	1699	253	131	215	1:07:36
73900	1752	253	85	216	1:01:53
73901	1732	253	86	217	1:01:55
73902	2103	253	132	218	1:07:59
73903	1997	253	87	219	1:02:09
73904	1706	253	88	220	1:02:11
73905	1701	253	133	221	1:08:32
73906	1754	253	134	222	1:08:33
73907	1918	253	89	223	1:02:47
73908	1757	253	90	224	1:02:52
73909	1920	253	91	225	1:02:55
73910	1995	253	92	226	1:02:59
73911	1790	253	135	227	1:03:01
73912	1791	253	93	228	1:03:12
73913	1721	253	136	229	1:09:20
73914	1688	253	137	230	1:09:32
73915	2304	253	94	231	1:03:42
73916	1799	253	95	232	1:03:58
73917	1710	253	96	233	1:03:59
73918	1744	253	138	234	1:10:05
73919	1766	253	97	235	1:04:18
73920	1733	253	139	236	1:10:21
73921	1922	253	140	237	1:10:28
73922	1781	253	141	238	1:10:50
73923	1921	253	98	239	1:04:51
73924	1718	253	142	240	1:11:00
73925	1842	253	143	241	1:11:26
73926	1784	253	144	242	1:12:12
73927	1786	253	145	243	1:13:16
73928	1912	253	99	244	1:07:17
73929	2104	253	146	245	1:13:28
73930	1792	253	147	246	1:13:29
73931	1810	253	148	247	1:14:10
73932	1767	253	100	248	1:08:42
73933	1762	253	101	249	1:14:53
73934	1768	253	102	250	1:09:18
73935	1804	253	103	251	1:09:36
73936	3506	253	104	252	1:09:45
73937	1805	253	105	253	1:09:46
73938	1816	253	106	254	1:09:51
73939	1845	253	107	255	1:10:07
73940	1797	253	149	256	1:16:20
73941	1770	253	108	257	1:10:31
73942	2083	253	109	258	1:10:43
73943	1836	253	150	259	1:16:44
73944	2061	253	110	260	1:10:50
73945	2105	253	111	261	1:11:43
73946	2106	253	112	262	1:12:04
73947	2107	253	113	263	1:12:08
73948	1811	253	151	264	1:18:18
73949	2079	253	114	265	1:12:32
73950	2108	253	152	266	1:19:06
73951	2004	253	115	267	1:13:35
73952	1743	253	153	268	1:20:00
73953	1999	253	116	269	1:14:09
73954	1827	253	117	270	1:17:10
73955	1809	253	118	271	1:17:10
73956	1807	253	154	272	1:23:11
73957	1821	253	119	273	1:17:52
73958	1996	253	155	274	1:24:07
73959	2089	253	156	275	1:35:43
73960	1433	254	1	1	29:36
73961	1849	254	2	2	31:00
73962	1436	254	3	3	31:21
73963	1449	254	4	4	32:49
73964	1445	254	5	5	33:05
73965	1438	254	6	6	33:36
73966	1450	254	7	7	33:53
73967	1442	254	8	8	34:00
73968	1464	254	9	9	34:06
73969	1925	254	10	10	34:46
73970	1462	254	11	11	34:50
73971	1451	254	12	12	35:05
73972	1463	254	13	13	35:09
73973	1440	254	14	14	35:11
73974	2110	254	15	15	35:11
73975	1448	254	16	16	35:14
73976	1558	254	17	17	35:16
73977	1441	254	18	18	35:23
73978	1458	254	19	19	35:45
73979	1465	254	20	20	35:56
73980	1466	254	21	21	35:58
73981	1457	254	1	22	36:02
73982	1456	254	22	23	36:13
73983	1452	254	23	24	36:15
73984	1473	254	24	25	36:36
73985	1482	254	25	26	36:51
73986	1461	254	26	27	36:52
73987	1471	254	27	28	37:07
73988	1485	254	2	29	37:23
73989	1496	254	28	30	37:36
73990	1481	254	29	31	37:50
73991	1855	254	30	32	37:52
73992	1506	254	31	33	38:01
73993	1494	254	3	34	38:06
73994	1927	254	32	35	38:08
73995	2090	254	33	36	38:20
73996	1928	254	34	37	38:25
73997	1507	254	35	38	38:26
73998	1484	254	36	39	38:32
73999	1510	254	37	40	38:33
74000	1499	254	38	41	38:34
74001	1487	254	39	42	38:37
74002	1930	254	40	43	38:40
74003	1544	254	41	44	39:13
74004	1596	254	42	45	39:14
74005	1478	254	43	46	39:28
74006	1868	254	44	47	39:32
74007	1502	254	45	48	39:34
74008	1498	254	46	49	39:38
74009	1519	254	47	50	39:39
74010	1524	254	48	51	39:44
74011	1531	254	4	52	39:44
74012	1537	254	5	53	39:46
74013	1505	254	6	54	40:12
74014	1549	254	49	55	40:17
74015	1512	254	50	56	40:18
74016	1551	254	7	57	40:37
74017	1572	254	51	58	40:41
74018	1545	254	8	59	40:46
74019	1515	254	52	60	40:59
74020	1869	254	53	61	41:06
74021	1546	254	54	62	41:09
74022	1543	254	55	63	41:25
74023	1536	254	56	64	41:33
74024	1593	254	57	65	41:37
74025	1610	254	9	66	41:38
74026	1881	254	58	67	41:45
74027	1539	254	59	68	41:48
74028	1939	254	60	69	41:56
74029	1534	254	10	70	42:03
74030	1489	254	61	71	42:04
74031	1567	254	62	72	42:05
74032	1879	254	11	73	42:07
74033	1935	254	63	74	42:07
74034	1559	254	64	75	42:12
74035	1523	254	12	76	42:16
74036	1566	254	13	77	42:17
74037	2028	254	65	78	42:20
74038	1550	254	14	79	42:21
74039	2091	254	66	80	42:22
74040	1946	254	67	81	42:23
74041	1889	254	68	82	42:26
74042	1602	254	15	83	42:34
74043	1636	254	69	84	42:47
74044	1573	254	70	85	43:00
74045	1571	254	71	86	43:07
74046	2116	254	72	87	43:09
74047	1579	254	73	88	43:11
74048	1565	254	16	89	43:12
74049	1570	254	74	90	43:13
74050	1569	254	75	91	43:22
74051	1932	254	17	92	43:22
74052	1564	254	18	93	43:28
74053	1541	254	19	94	43:29
74054	1578	254	76	95	43:32
74055	1606	254	77	96	43:37
74056	1882	254	78	97	43:42
74057	1568	254	79	98	43:46
74058	1588	254	80	99	43:50
74059	1597	254	20	100	43:51
74060	1948	254	81	101	43:53
74061	1887	254	21	102	43:55
74062	2132	254	82	103	43:56
74063	1582	254	22	104	44:00
74064	1591	254	83	105	44:03
74065	1950	254	23	106	44:04
74066	1530	254	84	107	44:08
74067	1594	254	24	108	44:09
74068	2133	254	85	109	44:14
74069	1910	254	86	110	44:16
74070	1949	254	25	111	44:22
74071	1607	254	87	112	44:23
74072	1972	254	88	113	44:25
74073	2033	254	89	114	44:26
74074	1940	254	90	115	44:27
74075	1944	254	91	116	44:29
74076	2049	254	92	117	44:31
74077	1642	254	93	118	44:39
74078	2040	254	26	119	44:46
74079	1574	254	94	120	44:51
74080	1547	254	95	121	44:52
74081	2045	254	96	122	44:52
74082	1439	254	97	123	44:52
74083	1649	254	27	124	44:56
74084	1592	254	28	125	45:02
74085	1601	254	98	126	45:05
74086	1647	254	29	127	45:20
74087	1635	254	99	128	45:23
74088	1833	254	100	129	45:23
74089	1492	254	30	130	45:24
74090	1517	254	101	131	45:33
74091	1618	254	31	132	45:35
74092	1637	254	102	133	45:40
74093	1615	254	32	134	45:42
74094	1664	254	33	135	45:47
74095	1511	254	103	136	45:49
74096	1965	254	104	137	45:49
74097	1585	254	105	138	45:50
74098	1493	254	34	139	45:51
74099	2134	254	106	140	45:51
74100	1654	254	35	141	45:53
74101	1902	254	36	142	45:53
74102	1905	254	107	143	45:57
74103	1952	254	108	144	46:07
74104	1634	254	109	145	46:09
74105	1888	254	37	146	46:10
74106	1619	254	38	147	46:14
74107	1806	254	110	148	46:18
74108	2052	254	39	149	46:21
74109	1917	254	111	150	46:23
74110	1892	254	112	151	46:24
74111	1644	254	113	152	46:28
74112	1586	254	114	153	46:29
74113	1651	254	115	154	46:30
74114	1620	254	116	155	46:33
74115	1957	254	117	156	46:34
74116	1669	254	40	157	46:36
74117	1639	254	118	158	46:38
74118	1716	254	119	159	46:40
74119	1774	254	120	160	46:42
74120	1633	254	121	161	46:43
74121	1640	254	122	162	46:44
74122	1956	254	123	163	46:47
74123	1653	254	124	164	47:00
74124	1715	254	41	165	47:03
74125	2135	254	125	166	47:05
74126	1962	254	126	167	47:08
74127	1513	254	42	168	47:09
74128	1514	254	43	169	47:09
74129	1611	254	127	170	47:13
74130	1740	254	44	171	47:16
74131	1960	254	45	172	47:24
74132	1899	254	128	173	47:31
74133	1667	254	46	174	47:33
74134	1656	254	47	175	47:35
74135	1650	254	129	176	47:35
74136	1621	254	48	177	47:36
74137	1641	254	49	178	47:38
74138	2136	254	50	179	47:41
74139	2137	254	130	180	47:50
74140	1657	254	131	181	47:59
74141	1655	254	51	182	48:08
74142	1953	254	132	183	48:12
74143	1623	254	133	184	48:13
74144	1687	254	52	185	48:13
74145	1696	254	53	186	48:17
74146	2138	254	134	187	48:19
74147	2093	254	135	188	48:22
74148	1695	254	136	189	48:24
74149	1750	254	54	190	48:29
74150	1966	254	137	191	48:30
74151	1711	254	55	192	48:31
74152	1719	254	56	193	48:34
74153	1958	254	138	194	48:39
74154	1661	254	57	195	48:45
74155	1916	254	139	196	48:49
74156	1681	254	58	197	48:52
74157	1624	254	59	198	48:59
74158	2056	254	60	199	49:01
74159	1702	254	140	200	49:04
74160	1908	254	61	201	49:06
74161	1671	254	62	202	49:08
74162	2041	254	141	203	49:09
74163	1666	254	63	204	49:11
74164	1909	254	64	205	49:12
74165	1646	254	65	206	49:13
74166	1705	254	66	207	49:15
74167	2061	254	67	208	49:16
74168	2055	254	142	209	49:25
74169	1884	254	143	210	49:25
74170	1688	254	144	211	49:29
74171	1963	254	145	212	49:37
74172	1976	254	68	213	49:44
74173	2139	254	146	214	49:45
74174	1631	254	69	215	49:46
74175	2140	254	147	216	49:52
74176	1658	254	148	217	49:52
74177	1660	254	149	218	49:57
74178	1911	254	70	219	50:07
74179	1689	254	150	220	50:08
74180	3124	254	151	221	50:09
74181	1856	254	152	222	50:14
74182	1975	254	71	223	50:24
74183	2100	254	72	224	50:28
74184	1701	254	153	225	50:28
74185	1625	254	154	226	50:34
74186	2126	254	73	227	50:38
74187	1780	254	74	228	50:39
74188	1971	254	155	229	50:41
74189	1985	254	75	230	50:44
74190	1717	254	76	231	50:46
74191	2141	254	77	232	50:47
74192	1785	254	78	233	50:50
74193	1969	254	79	234	50:52
74194	1693	254	80	235	50:58
74195	2277	254	81	236	50:59
74196	1980	254	82	237	51:01
74197	1736	254	83	238	51:02
74198	1970	254	84	239	51:02
74199	1983	254	85	240	51:02
74200	1898	254	156	241	51:05
74201	1727	254	86	242	51:06
74202	1922	254	157	243	51:09
74203	1991	254	87	244	51:14
74204	1683	254	158	245	51:15
74205	1691	254	88	246	51:17
74206	1981	254	89	247	51:21
74207	2064	254	90	248	51:23
74208	2130	254	91	249	51:43
74209	2066	254	159	250	51:47
74210	2007	254	92	251	52:01
74211	1752	254	93	252	52:05
74212	2142	254	94	253	52:08
74213	1707	254	95	254	52:16
74214	1746	254	160	255	52:22
74215	1738	254	96	256	52:25
74216	1993	254	97	257	52:33
74217	1984	254	161	258	52:35
74218	2128	254	98	259	52:35
74219	1751	254	99	260	52:40
74220	2129	254	162	261	52:45
74221	1673	254	100	262	52:52
74222	2143	254	101	263	52:53
74223	1744	254	163	264	52:54
74224	1823	254	102	265	52:56
74225	1679	254	103	266	52:59
74226	2058	254	104	267	53:00
74227	1778	254	105	268	53:03
74228	1766	254	106	269	53:05
74229	1718	254	164	270	53:10
74230	1757	254	107	271	53:16
74231	1979	254	108	272	53:27
74232	1708	254	165	273	53:31
74233	1842	254	166	274	53:35
74234	1720	254	109	275	53:35
74235	1995	254	110	276	53:38
74236	2144	254	111	277	53:41
74237	1772	254	112	278	53:44
74238	1790	254	167	279	54:01
74239	1737	254	113	280	54:02
74240	1768	254	114	281	54:04
74241	2068	254	168	282	54:07
74242	1739	254	115	283	54:11
74243	1706	254	116	284	54:12
74244	1699	254	169	285	54:16
74245	1918	254	170	286	54:23
74246	1754	254	171	287	54:26
74247	1742	254	172	288	54:31
74248	1997	254	117	289	54:33
74249	1781	254	173	290	54:34
74250	2102	254	174	291	54:39
74251	1677	254	118	292	54:41
74252	1678	254	175	293	54:42
74253	1920	254	119	294	54:45
74254	1799	254	120	295	54:59
74255	1779	254	121	296	55:07
74256	2145	254	176	297	55:25
74257	1921	254	122	298	55:29
74258	1663	254	177	299	55:45
74259	1824	254	123	300	56:33
74260	1990	254	178	301	56:43
74261	1801	254	124	302	56:50
74262	1769	254	125	303	57:29
74263	1776	254	126	304	57:36
74264	1775	254	127	305	57:39
74265	1767	254	128	306	57:50
74266	1777	254	129	307	57:51
74267	1763	254	130	308	58:53
74268	1809	254	131	309	58:59
74269	1770	254	132	310	59:02
74270	2304	254	133	311	59:21
74271	1811	254	179	312	59:29
74272	1999	254	134	313	59:33
74273	1815	254	180	314	59:46
74274	1713	254	181	315	1:00:18
74275	1733	254	182	316	1:00:41
74276	1796	254	183	317	1:00:41
74277	1810	254	184	318	1:00:57
74278	1798	254	135	319	1:01:17
74279	1829	254	185	320	1:01:24
74280	2005	254	136	321	1:01:46
74281	1845	254	137	322	1:02:21
74282	2004	254	138	323	1:02:25
74283	1827	254	139	324	1:03:10
74284	2078	254	140	325	1:03:26
74285	2081	254	141	326	1:03:26
74286	2146	254	186	327	1:03:48
74287	1797	254	187	328	1:03:54
74288	1817	254	142	329	1:04:43
74289	1821	254	143	330	1:04:49
74290	1807	254	188	331	1:04:53
74291	1828	254	144	332	1:05:40
74292	1789	254	189	333	1:07:03
74293	2147	254	145	334	1:09:03
74294	1838	254	146	335	1:09:44
74295	2085	254	147	336	1:10:00
74296	1836	254	190	337	1:10:02
74297	2080	254	148	338	1:10:09
74298	1843	254	149	339	1:14:09
74299	2148	254	150	340	1:20:08
74300	2149	254	151	341	1:20:09
74301	1433	255	1	1	16:08
74302	1849	255	2	2	17:59
74303	1436	255	3	3	18:13
74304	1437	255	4	4	18:15
74305	1445	255	5	5	18:20
74306	1926	255	6	6	18:25
74307	1461	255	7	7	18:32
74308	1440	255	8	8	18:46
74309	1452	255	9	9	18:59
74310	2217	255	1	10	19:12
74311	1450	255	10	11	19:16
74312	1441	255	11	12	19:28
74313	1456	255	12	13	19:29
74314	1444	255	13	14	19:48
74315	1854	255	14	15	19:52
74316	3172	255	15	16	19:55
74317	1547	255	16	17	19:59
74318	1439	255	17	18	20:01
74319	2205	255	2	19	20:02
74320	1454	255	18	20	20:02
74321	1458	255	19	21	20:05
74322	1474	255	3	22	20:07
74323	1455	255	20	23	20:09
74324	1457	255	4	24	20:15
74325	1466	255	21	25	20:21
74326	2226	255	22	26	20:37
74327	1927	255	23	27	20:41
74328	1499	255	24	28	20:44
74329	1521	255	25	29	20:50
74330	1546	255	26	30	20:50
74331	1469	255	27	31	20:51
74332	1506	255	28	32	20:54
74333	2154	255	5	33	20:57
74334	1936	255	29	34	21:05
74335	1507	255	30	35	21:06
74336	2090	255	31	36	21:09
74337	1488	255	32	37	21:14
74338	3174	255	33	38	21:16
74339	1502	255	34	39	21:17
74340	1475	255	35	40	21:23
74341	1517	255	36	41	21:31
74342	1551	255	6	42	21:33
74343	2223	255	37	43	21:34
74344	2045	255	38	44	21:37
74345	1467	255	39	45	21:38
74346	1855	255	40	46	21:40
74347	2612	255	41	47	21:42
74348	1545	255	7	48	21:44
74349	3175	255	42	49	21:52
74350	1498	255	43	50	21:54
74351	1503	255	44	51	21:59
74352	1572	255	45	52	21:59
74353	3176	255	46	53	22:03
74354	2335	255	47	54	22:03
74355	2225	255	48	55	22:07
74356	2023	255	8	56	22:16
74357	1510	255	49	57	22:18
74358	1516	255	50	58	22:19
74359	3177	255	51	59	22:29
74360	2227	255	52	60	22:33
74361	1470	255	53	61	22:34
74362	1928	255	54	62	22:36
74363	1549	255	55	63	22:38
74364	1556	255	56	64	22:38
74365	1485	255	9	65	22:40
74366	1487	255	57	66	22:41
74367	1880	255	58	67	22:43
74368	2158	255	59	68	22:44
74369	1622	255	10	69	22:45
74370	1602	255	11	70	22:47
74371	1534	255	12	71	22:48
74372	1489	255	60	72	22:51
74373	3178	255	13	73	22:51
74374	1512	255	61	74	22:54
74375	1505	255	14	75	22:56
74376	2235	255	62	76	22:57
74377	1929	255	63	77	22:58
74378	2233	255	64	78	22:58
74379	1504	255	65	79	23:05
74380	1453	255	66	80	23:06
74381	2242	255	67	81	23:12
74382	2232	255	68	82	23:14
74383	1578	255	69	83	23:14
74384	1954	255	70	84	23:16
74385	1962	255	71	85	23:18
74386	2230	255	15	86	23:22
74387	1519	255	72	87	23:23
74388	1484	255	73	88	23:28
74389	1591	255	74	89	23:30
74390	1490	255	75	90	23:32
74391	1636	255	76	91	23:33
74392	1940	255	77	92	23:36
74393	1938	255	78	93	23:37
74394	1531	255	16	94	23:46
74395	1580	255	79	95	23:47
74396	3156	255	80	96	23:54
74397	1606	255	81	97	23:55
74398	2467	255	17	98	23:56
74399	2228	255	82	99	24:01:00
74400	1605	255	83	100	24:02:00
74401	1637	255	84	101	24:04:00
74402	2049	255	85	102	24:04:00
74403	1555	255	86	103	24:06:00
74404	1604	255	87	104	24:08:00
74405	3179	255	88	105	24:13:00
74406	2239	255	89	106	24:20:00
74407	2772	255	18	107	24:20:00
74408	1952	255	90	108	24:23:00
74409	1640	255	91	109	24:25:00
74410	3180	255	19	110	24:27:00
74411	2159	255	92	111	24:27:00
74412	2285	255	93	112	24:28:00
74413	2249	255	94	113	24:40:00
74414	1539	255	95	114	24:44:00
74415	2246	255	96	115	24:48:00
74416	3181	255	97	116	24:49:00
74417	1662	255	98	117	24:51:00
74418	2244	255	20	118	24:53:00
74419	1594	255	21	119	24:54:00
74420	1639	255	99	120	24:55:00
74421	1970	255	22	121	25:00:00
74422	1541	255	23	122	25:04:00
74423	1633	255	100	123	25:05:00
74424	1601	255	101	124	25:08:00
74425	1698	255	102	125	25:09:00
74426	1715	255	24	126	25:10:00
74427	1900	255	25	127	25:11:00
74428	1575	255	103	128	25:11:00
74429	1655	255	26	129	25:16:00
74430	2248	255	27	130	25:21:00
74431	3183	255	104	131	25:23:00
74432	2229	255	105	132	25:23:00
74433	3162	255	106	133	25:23:00
74434	1719	255	28	134	25:24:00
74435	1568	255	107	135	25:25:00
74436	1574	255	108	136	25:26:00
74437	1664	255	29	137	25:28:00
74438	1888	255	30	138	25:30:00
74439	2262	255	31	139	25:30:00
74440	1642	255	109	140	25:31:00
74441	3184	255	32	141	25:33:00
74442	1654	255	33	142	25:34:00
74443	1647	255	34	143	25:34:00
74444	1657	255	110	144	25:35:00
74445	1901	255	35	145	25:42:00
74446	2667	255	111	146	25:45:00
74447	1908	255	36	147	25:46:00
74448	1950	255	37	148	25:47:00
74449	2038	255	112	149	25:49:00
74450	1653	255	113	150	25:53:00
74451	1646	255	38	151	25:54:00
74452	1643	255	39	152	25:56:00
74453	1905	255	114	153	25:57:00
74454	1887	255	40	154	26:05:00
74455	1910	255	115	155	26:05:00
74456	2267	255	41	156	26:09:00
74457	1634	255	116	157	26:12:00
74458	1616	255	117	158	26:13:00
74459	1948	255	118	159	26:15:00
74460	1603	255	42	160	26:17:00
74461	2259	255	43	161	26:19:00
74462	3185	255	119	162	26:20:00
74463	1713	255	120	163	26:20:00
74464	1906	255	121	164	26:26:00
74465	2260	255	122	165	26:31:00
74466	1680	255	44	166	26:33:00
74467	1473	255	123	167	26:33:00
74468	1611	255	124	168	26:34:00
74469	1892	255	125	169	26:35:00
74470	1628	255	126	170	26:39:00
74471	1552	255	45	171	26:43:00
74472	3186	255	127	172	26:51:00
74473	2553	255	46	173	26:51:00
74474	3187	255	47	174	26:51:00
74475	1612	255	128	175	26:52:00
74476	2427	255	48	176	26:52:00
74477	1898	255	129	177	26:53:00
74478	2275	255	49	178	26:53:00
74479	2253	255	50	179	26:53:00
74480	1645	255	130	180	26:53:00
74481	2263	255	51	181	26:54:00
74482	2166	255	131	182	26:54:00
74483	1971	255	52	183	26:57:00
74484	3188	255	132	184	26:59:00
74485	1660	255	133	185	27:03:00
74486	3189	255	53	186	27:06:00
74487	1871	255	134	187	27:13:00
74488	3166	255	54	188	27:15:00
74489	2188	255	55	189	27:19:00
74490	2247	255	56	190	27:20:00
74491	3190	255	57	191	27:22:00
74492	3191	255	58	192	27:23:00
74493	1917	255	135	193	27:24:00
74494	3192	255	59	194	27:25:00
74495	1870	255	136	195	27:25:00
74496	1758	255	137	196	27:32:00
74497	3193	255	60	197	27:39:00
74498	1681	255	61	198	27:40:00
74499	3164	255	62	199	27:40:00
74500	1701	255	138	200	27:43:00
74501	1629	255	139	201	27:45:00
74502	1909	255	63	202	27:46:00
74503	1982	255	64	203	27:47:00
74504	3194	255	65	204	27:48:00
74505	1684	255	66	205	27:49:00
74506	2052	255	67	206	27:52:00
74507	1856	255	140	207	27:52:00
74508	1897	255	68	208	27:53:00
74509	2265	255	69	209	27:54:00
74510	1683	255	141	210	27:55:00
74511	2280	255	142	211	27:57:00
74512	1650	255	143	212	28:01:00
74513	2071	255	144	213	28:05:00
74514	2273	255	70	214	28:06:00
74515	2064	255	71	215	28:09:00
74516	3168	255	145	216	28:11:00
74517	1757	255	72	217	28:17:00
74518	2087	255	73	218	28:19:00
74519	1625	255	146	219	28:21:00
74520	1993	255	74	220	28:27:00
74521	2276	255	75	221	28:32:00
74522	3195	255	76	222	28:35:00
74523	1656	255	77	223	28:37:00
74524	1689	255	147	224	28:42:00
74525	2295	255	78	225	28:43:00
74526	1969	255	79	226	28:44:00
74527	1691	255	80	227	28:46:00
74528	2377	255	81	228	28:48:00
74529	1569	255	148	229	28:53:00
74530	1722	255	82	230	28:53:00
74531	2384	255	83	231	28:55:00
74532	1714	255	84	232	28:58:00
74533	2282	255	85	233	29:00:00
74534	2279	255	86	234	29:04:00
74535	1740	255	87	235	29:07:00
74536	1957	255	149	236	29:11:00
74537	2264	255	88	237	29:13:00
74538	1738	255	89	238	29:20:00
74539	2296	255	90	239	29:21:00
74540	3196	255	150	240	29:21:00
74541	2297	255	91	241	29:22:00
74542	1635	255	151	242	29:22:00
74543	2283	255	92	243	29:25:00
74544	1981	255	93	244	29:30:00
74545	1746	255	152	245	29:33:00
74546	1699	255	153	246	29:36:00
74547	1707	255	94	247	29:37:00
74548	1995	255	95	248	29:37:00
74549	3197	255	96	249	29:38:00
74550	3198	255	97	250	29:39:00
74551	3199	255	98	251	29:44:00
74552	2293	255	99	252	29:46:00
74553	1921	255	100	253	29:47:00
74554	1990	255	154	254	29:47:00
74555	2291	255	101	255	29:51:00
74556	2286	255	102	256	29:52:00
74557	2081	255	103	257	29:53:00
74558	2689	255	104	258	29:58:00
74559	3171	255	105	259	30:05:00
74560	2078	255	106	260	30:05:00
74561	2294	255	107	261	30:08:00
74562	2281	255	108	262	30:12:00
74563	1779	255	109	263	30:14:00
74564	1997	255	110	264	30:19:00
74565	3107	255	111	265	30:21:00
74566	1980	255	112	266	30:31:00
74567	3046	255	113	267	30:34:00
74568	1743	255	155	268	30:37:00
74569	2144	255	114	269	30:39:00
74570	1979	255	115	270	31:03:00
74571	1493	255	116	271	31:04:00
74572	1649	255	117	272	31:05:00
74573	2181	255	156	273	31:07:00
74574	2241	255	118	274	31:20:00
74575	1788	255	157	275	31:26:00
74576	1991	255	119	276	31:27:00
74577	2305	255	120	277	31:28:00
74578	2299	255	121	278	31:31:00
74579	2924	255	122	279	31:39:00
74580	3201	255	123	280	31:45:00
74581	2935	255	124	281	31:53:00
74582	2412	255	158	282	31:58:00
74583	3202	255	125	283	32:00:00
74584	2186	255	126	284	32:01:00
74585	2300	255	127	285	32:23:00
74586	2179	255	159	286	32:34:00
74587	1781	255	160	287	32:38:00
74588	1963	255	161	288	33:13:00
74589	2400	255	128	289	33:14:00
74590	2187	255	162	290	33:18:00
74591	3170	255	163	291	33:25:00
74592	1787	255	129	292	33:25:00
74593	1790	255	164	293	33:39:00
74594	1791	255	130	294	33:39:00
74595	2313	255	131	295	33:44:00
74596	2310	255	132	296	33:47:00
74597	1705	255	133	297	33:52:00
74598	2307	255	134	298	33:53:00
74599	1813	255	135	299	33:55:00
74600	1814	255	165	300	33:55:00
74601	3203	255	166	301	33:56:00
74602	1836	255	167	302	33:57:00
74603	2147	255	136	303	33:58:00
74604	2079	255	137	304	34:00:00
74605	3204	255	138	305	34:00:00
74606	1902	255	139	306	34:11:00
74607	2309	255	140	307	34:18:00
74608	2320	255	141	308	34:20:00
74609	1815	255	168	309	34:21:00
74610	1809	255	142	310	34:22:00
74611	1733	255	169	311	34:26:00
74612	2315	255	143	312	34:27:00
74613	1822	255	144	313	34:32:00
74614	1999	255	145	314	34:45:00
74615	2004	255	146	315	34:46:00
74616	2278	255	170	316	35:00:00
74617	3205	255	171	317	35:00:00
74618	2317	255	147	318	35:02:00
74619	1793	255	172	319	35:14:00
74620	2068	255	173	320	35:15:00
74621	1776	255	148	321	35:17:00
74622	2304	255	149	322	35:26:00
74623	1827	255	150	323	35:34:00
74624	1763	255	151	324	36:06:00
74625	3206	255	152	325	36:53:00
74626	1770	255	153	326	36:54:00
74627	2316	255	154	327	37:02:00
74628	3207	255	174	328	37:07:00
74629	1821	255	155	329	37:21:00
74630	2534	255	156	330	37:36:00
74631	3208	255	175	331	38:20:00
74632	1831	255	176	332	38:22:00
74633	2318	255	157	333	38:39:00
74634	1587	255	158	334	38:41:00
74635	1802	255	177	335	39:12:00
74636	2321	255	159	336	39:27:00
74637	1830	255	178	337	39:41:00
74638	3209	255	160	338	41:03:00
74639	3210	255	161	339	41:03:00
74640	3211	255	162	340	41:04:00
74641	3212	255	179	341	41:07:00
74642	2011	255	163	342	42:30:00
74643	3213	255	180	343	42:51:00
74644	2006	255	164	344	42:51:00
74645	1737	255	165	345	42:53:00
74646	3214	255	166	346	44:17:00
74647	1899	255	181	347	44:19:00
74648	1829	255	182	348	44:20:00
74649	3215	255	167	349	45:49:00
74650	2204	255	183	350	49:38:00
74651	2216	256	1	1	18:10
74652	1445	256	2	2	18:50
74653	1444	256	3	3	19:58
74654	1452	256	4	4	19:59
74655	1436	256	5	5	20:09
74656	1463	256	6	6	20:22
74657	2217	256	1	7	20:23
74658	1438	256	7	8	20:26
74659	1450	256	8	9	20:27
74660	1440	256	9	10	20:33
74661	1456	256	10	11	20:39
74662	1455	256	11	12	20:41
74663	1441	256	12	13	20:47
74664	1469	256	13	14	20:52
74665	1475	256	14	15	20:55
74666	1462	256	15	16	21:05
74667	2014	256	16	17	21:07
74668	1458	256	17	18	21:08
74669	1467	256	18	19	21:10
74670	1466	256	19	20	21:14
74671	1854	256	20	21	21:26
74672	1474	256	2	22	21:27
74673	2220	256	21	23	21:35
74674	1473	256	22	24	21:36
74675	2205	256	3	25	21:37
74676	1499	256	23	26	21:39
74677	1471	256	24	27	21:41
74678	2221	256	25	28	21:46
74679	1596	256	26	29	21:52
74680	1927	256	27	30	22:04
74681	1507	256	28	31	22:07
74682	1695	256	29	32	22:13
74683	1558	256	30	33	22:14
74684	2222	256	4	34	22:18
74685	1521	256	31	35	22:27
74686	1488	256	32	36	22:37
74687	1502	256	33	37	22:39
74688	1457	256	5	38	22:42
74689	1546	256	34	39	22:44
74690	2223	256	35	40	22:49
74691	2206	256	6	41	22:55
74692	1484	256	36	42	22:57
74693	2038	256	37	43	22:59
74694	1928	256	38	44	23:00
74695	2224	256	39	45	23:01
74696	1494	256	7	46	23:05
74697	1464	256	40	47	23:06
74698	1929	256	41	48	23:07
74699	1485	256	8	49	23:08
74700	2090	256	42	50	23:10
74701	1545	256	9	51	23:11
74702	1551	256	10	52	23:12
74703	1503	256	43	53	23:13
74704	1487	256	44	54	23:19
74705	1516	256	45	55	23:20
74706	2023	256	11	56	23:21
74707	1506	256	46	57	23:22
74708	1511	256	47	58	23:23
74709	2225	256	48	59	23:25
74710	1470	256	49	60	23:29
74711	1855	256	50	61	23:31
74712	1930	256	51	62	23:33
74713	2226	256	52	63	23:37
74714	1572	256	53	64	23:40
74715	1549	256	54	65	23:48
74716	1534	256	12	66	23:53
74717	1489	256	55	67	23:54
74718	2227	256	56	68	24:00:00
74719	2228	256	57	69	24:03:00
74720	1504	256	58	70	24:05:00
74721	1515	256	59	71	24:06:00
74722	2229	256	60	72	24:10:00
74723	2230	256	13	73	24:11:00
74724	1533	256	61	74	24:12:00
74725	1566	256	14	75	24:13:00
74726	1517	256	62	76	24:20:00
74727	1880	256	63	77	24:22:00
74728	2231	256	64	78	24:23:00
74729	1634	256	65	79	24:24:00
74730	2232	256	66	80	24:25:00
74731	1543	256	67	81	24:33:00
74732	1519	256	68	82	24:35:00
74733	1556	256	69	83	24:37:00
74734	1602	256	15	84	24:42:00
74735	1539	256	70	85	24:45:00
74736	2233	256	71	86	24:52:00
74737	2234	256	16	87	24:55:00
74738	2235	256	72	88	24:56:00
74739	1595	256	17	89	25:04:00
74740	2236	256	73	90	25:04:00
74741	2237	256	74	91	25:05:00
74742	1972	256	75	92	25:07:00
74743	1490	256	76	93	25:09:00
74744	2238	256	18	94	25:09:00
74745	1580	256	77	95	25:14:00
74746	2239	256	78	96	25:18:00
74747	2240	256	19	97	25:19:00
74748	2241	256	20	98	25:26:00
74749	1536	256	79	99	25:31:00
74750	1597	256	21	100	25:33:00
74751	1639	256	80	101	25:39:00
74752	1591	256	81	102	25:45:00
74753	1568	256	82	103	25:47:00
74754	1604	256	83	104	25:48:00
74755	1802	256	84	105	25:50:00
74756	1588	256	85	106	25:50:00
74757	1584	256	86	107	25:56:00
74758	1640	256	87	108	26:08:00
74759	2242	256	88	109	26:10:00
74760	1647	256	22	110	26:17:00
74761	2243	256	23	111	26:19:00
74762	1949	256	24	112	26:20:00
74763	1910	256	89	113	26:23:00
74764	1605	256	90	114	26:25:00
74765	1877	256	25	115	26:26:00
74766	1620	256	91	116	26:30:00
74767	1573	256	92	117	26:37:00
74768	2135	256	93	118	26:38:00
74769	1719	256	26	119	26:39:00
74770	2244	256	27	120	26:41:00
74771	2245	256	28	121	26:42:00
74772	1642	256	94	122	26:45:00
74773	1552	256	29	123	26:47:00
74774	1633	256	95	124	26:47:00
74775	1888	256	30	125	26:50:00
74776	2246	256	96	126	26:51:00
74777	1715	256	31	127	26:53:00
74778	1664	256	32	128	26:53:00
74779	1611	256	97	129	26:57:00
74780	1575	256	98	130	26:58:00
74781	2247	256	33	131	26:59:00
74782	1637	256	99	132	27:04:00
74783	1646	256	34	133	27:05:00
74784	1654	256	35	134	27:07:00
74785	1601	256	100	135	27:08:00
74786	2248	256	36	136	27:10:00
74787	2249	256	101	137	27:11:00
74788	1713	256	102	138	27:14:00
74789	2167	256	37	139	27:14:00
74790	1630	256	38	140	27:15:00
74791	1649	256	39	141	27:16:00
74792	1493	256	40	142	27:16:00
74793	2250	256	41	143	27:17:00
74794	1698	256	103	144	27:17:00
74795	2251	256	42	145	27:22:00
74796	1603	256	43	146	27:27:00
74797	1900	256	44	147	27:28:00
74798	2252	256	45	148	27:30:00
74799	1653	256	104	149	27:37:00
74800	2140	256	105	150	27:41:00
74801	2253	256	46	151	27:42:00
74802	1632	256	47	152	27:47:00
74803	1906	256	106	153	27:50:00
74804	2427	256	48	154	27:51:00
74805	1898	256	107	155	27:53:00
74806	2255	256	108	156	27:54:00
74807	1657	256	109	157	27:55:00
74808	1950	256	49	158	27:56:00
74809	1892	256	110	159	28:06:00
74810	1905	256	111	160	28:07:00
74811	1636	256	112	161	28:08:00
74812	1677	256	50	162	28:09:00
74813	1599	256	51	163	28:10:00
74814	1678	256	113	164	28:12:00
74815	2256	256	114	165	28:15:00
74816	1681	256	52	166	28:20:00
74817	1616	256	115	167	28:21:00
74818	1669	256	53	168	28:22:00
74819	1908	256	54	169	28:23:00
74820	1574	256	116	170	28:25:00
74821	1619	256	55	171	28:27:00
74822	1899	256	117	172	28:29:00
74823	2257	256	56	173	28:31:00
74824	2258	256	57	174	28:32:00
74825	1667	256	58	175	28:33:00
74826	1645	256	118	176	28:34:00
74827	1953	256	119	177	28:39:00
74828	1856	256	120	178	28:40:00
74829	2137	256	121	179	28:41:00
74830	1680	256	59	180	28:43:00
74831	1958	256	122	181	28:50:00
74832	1665	256	123	182	28:50:00
74833	2259	256	60	183	28:55:00
74834	2260	256	124	184	29:05:00
74835	1624	256	61	185	29:13:00
74836	1989	256	62	186	29:15:00
74837	2261	256	125	187	29:17:00
74838	2262	256	63	188	29:18:00
74839	1957	256	126	189	29:19:00
74840	2263	256	64	190	29:21:00
74841	1683	256	127	191	29:22:00
74842	1668	256	128	192	29:23:00
74843	2264	256	65	193	29:25:00
74844	1701	256	129	194	29:26:00
74845	1983	256	66	195	29:26:00
74846	1982	256	67	196	29:37:00
74847	2265	256	68	197	29:37:00
74848	1663	256	130	198	29:38:00
74849	2266	256	69	199	29:39:00
74850	1689	256	131	200	29:39:00
74851	1700	256	132	201	29:42:00
74852	2267	256	70	202	29:45:00
74853	1650	256	133	203	29:46:00
74854	1799	256	71	204	29:48:00
74855	2268	256	72	205	29:51:00
74856	2269	256	73	206	30:02:00
74857	1658	256	134	207	30:04:00
74858	2063	256	74	208	30:09:00
74859	2270	256	135	209	30:10:00
74860	2271	256	75	210	30:11:00
74861	1969	256	76	211	30:18:00
74862	1666	256	77	212	30:20:00
74863	1718	256	136	213	30:25:00
74864	1995	256	78	214	30:25:00
74865	2144	256	79	215	30:27:00
74866	2097	256	80	216	30:28:00
74867	1717	256	81	217	30:29:00
74868	2272	256	82	218	30:35:00
74869	2273	256	83	219	30:39:00
74870	1758	256	137	220	30:40:00
74871	2274	256	138	221	30:41:00
74872	1757	256	84	222	30:52:00
74873	2275	256	85	223	30:53:00
74874	2276	256	86	224	30:58:00
74875	1693	256	87	225	31:00:00
74876	1688	256	139	226	31:05:00
74877	1705	256	88	227	31:12:00
74878	1743	256	140	228	31:17:00
74879	2059	256	141	229	31:25:00
74880	1732	256	89	230	31:25:00
74881	2277	256	90	231	31:26:00
74882	2058	256	91	232	31:26:00
74883	1691	256	92	233	31:32:00
74884	2278	256	142	234	31:33:00
74885	2279	256	93	235	31:34:00
74886	2280	256	143	236	31:36:00
74887	1963	256	144	237	31:42:00
74888	1766	256	94	238	31:44:00
74889	2281	256	95	239	31:44:00
74890	1740	256	96	240	31:45:00
74891	2282	256	97	241	31:46:00
74892	2283	256	98	242	31:46:00
74893	1707	256	99	243	31:47:00
74894	2130	256	100	244	31:48:00
74895	1980	256	101	245	31:58:00
74896	1735	256	102	246	32:08:00
74897	2284	256	103	247	32:09:00
74898	2285	256	145	248	32:12:00
74899	2286	256	104	249	32:15:00
74900	1714	256	105	250	32:18:00
74901	1728	256	106	251	32:24:00
74902	2287	256	107	252	32:28:00
74903	2288	256	108	253	32:29:00
74904	1779	256	109	254	32:47:00
74905	2289	256	110	255	32:47:00
74906	2290	256	111	256	32:48:00
74907	2291	256	112	257	32:49:00
74908	2292	256	113	258	33:00:00
74909	1755	256	114	259	33:07:00
74910	2293	256	115	260	33:16:00
74911	2294	256	116	261	33:18:00
74912	2295	256	117	262	33:26:00
74913	2296	256	118	263	33:26:00
74914	2068	256	146	264	33:40:00
74915	2297	256	119	265	33:49:00
74916	1815	256	147	266	33:51:00
74917	1722	256	120	267	33:59:00
74918	1991	256	121	268	34:10:00
74919	2298	256	122	269	34:13:00
74920	1999	256	123	270	34:25:00
74921	2299	256	124	271	34:29:00
74922	2300	256	125	272	34:34:00
74923	1975	256	126	273	34:36:00
74924	1814	256	148	274	34:45:00
74925	2301	256	127	275	34:51:00
74926	1807	256	149	276	34:57:00
74927	1990	256	150	277	34:59:00
74928	2302	256	128	278	35:01:00
74929	1776	256	129	279	35:04:00
74930	2117	256	151	280	35:08:00
74931	2303	256	130	281	35:10:00
74932	2001	256	152	282	35:27:00
74933	2304	256	131	283	35:34:00
74934	2305	256	132	284	35:36:00
74935	1787	256	133	285	35:43:00
74936	1790	256	153	286	35:45:00
74937	1737	256	134	287	35:45:00
74938	2306	256	135	288	35:50:00
74939	2307	256	136	289	35:52:00
74940	2308	256	137	290	35:57:00
74941	1703	256	154	291	36:02:00
74942	1733	256	155	292	36:10:00
74943	1998	256	138	293	36:40:00
74944	2309	256	139	294	36:55:00
74945	1679	256	140	295	37:02:00
74946	3506	256	141	296	37:06:00
74947	1793	256	156	297	37:12:00
74948	1827	256	142	298	37:16:00
74949	2310	256	143	299	37:28:00
74950	2311	256	144	300	37:29:00
74951	2312	256	157	301	37:45:00
74952	1813	256	145	302	37:54:00
74953	2313	256	146	303	37:55:00
74954	1723	256	158	304	38:26:00
74955	2314	256	147	305	38:31:00
74956	1811	256	159	306	38:39:00
74957	2315	256	148	307	38:40:00
74958	2316	256	149	308	38:44:00
74959	1822	256	150	309	38:56:00
74960	2317	256	151	310	38:57:00
74961	2318	256	152	311	39:11:00
74962	2319	256	153	312	39:21:00
74963	2320	256	154	313	39:51:00
74964	1587	256	155	314	40:36:00
74965	2321	256	156	315	41:17:00
74966	1767	256	157	316	41:50:00
74967	1981	256	158	317	41:51:00
74968	1828	256	159	318	42:19:00
74969	2322	256	160	319	42:19:00
74970	1838	256	161	320	43:20:00
74971	2323	256	162	321	43:20:00
74972	2006	256	163	322	44:31:00
74973	1791	256	164	323	44:32:00
74974	1810	256	160	324	44:51:00
74975	2088	256	165	325	45:00:00
74976	2011	256	166	326	45:07:00
74977	2324	256	167	327	45:17:00
74978	1847	256	168	328	48:03:00
74979	3151	257	1	1	30:10:00
74980	1445	257	2	2	31:53:00
74981	1444	257	3	3	32:55:00
74982	1437	257	4	4	33:19:00
74983	1463	257	5	5	33:23:00
74984	1438	257	6	6	33:24:00
74985	2217	257	1	7	33:27:00
74986	1455	257	7	8	33:37:00
74987	1450	257	8	9	33:39:00
74988	1452	257	9	10	33:47:00
74989	1440	257	10	11	33:55:00
74990	3152	257	11	12	34:05:00
74991	2014	257	12	13	34:17:00
74992	1475	257	13	14	34:18:00
74993	1462	257	14	15	34:24:00
74994	1467	257	15	16	34:26:00
74995	1511	257	16	17	34:28:00
74996	2110	257	17	18	34:45:00
74997	1474	257	2	19	34:48:00
74998	1458	257	18	20	34:56:00
74999	1456	257	19	21	35:05:00
75000	1441	257	20	22	35:12:00
75001	1965	257	21	23	35:21:00
75002	1489	257	22	24	35:50:00
75003	1927	257	23	25	35:54:00
75004	1473	257	24	26	35:56:00
75005	1466	257	25	27	36:00:00
75006	1596	257	26	28	36:02:00
75007	1499	257	27	29	36:20:00
75008	1457	257	3	30	36:26:00
75009	2221	257	28	31	36:31:00
75010	2223	257	29	32	36:51:00
75011	1855	257	30	33	37:02:00
75012	1494	257	4	34	37:11:00
75013	1464	257	31	35	37:14:00
75014	1497	257	32	36	37:20:00
75015	1936	257	33	37	37:21:00
75016	1506	257	34	38	37:40:00
75017	2226	257	35	39	37:43:00
75018	1502	257	36	40	37:46:00
75019	3153	257	37	41	37:48:00
75020	2245	257	5	42	37:48:00
75021	1929	257	38	43	37:53:00
75022	2038	257	39	44	37:56:00
75023	1545	257	6	45	38:00:00
75024	1488	257	40	46	38:04:00
75025	1470	257	41	47	38:06:00
75026	1487	257	42	48	38:17:00
75027	1484	257	43	49	38:18:00
75028	1498	257	44	50	38:19:00
75029	1551	257	7	51	38:21:00
75030	2206	257	8	52	38:24:00
75031	1503	257	45	53	38:31:00
75032	2090	257	46	54	38:34:00
75033	1516	257	47	55	38:39:00
75034	1930	257	48	56	38:43:00
75035	1524	257	49	57	38:47:00
75036	3154	257	50	58	38:53:00
75037	1572	257	51	59	38:58:00
75038	2113	257	52	60	39:24:00
75039	1868	257	53	61	39:27:00
75040	1875	257	9	62	39:35:00
75041	2229	257	54	63	39:43:00
75042	1517	257	55	64	39:51:00
75043	1485	257	10	65	39:52:00
75044	1469	257	56	66	39:53:00
75045	1534	257	11	67	39:55:00
75046	2233	257	57	68	40:01:00
75047	2234	257	12	69	40:02:00
75048	1928	257	58	70	40:03:00
75049	2225	257	59	71	40:05:00
75050	2228	257	60	72	40:07:00
75051	2227	257	61	73	40:15:00
75052	2024	257	13	74	40:20:00
75053	1460	257	62	75	40:22:00
75054	1602	257	14	76	40:30:00
75055	1561	257	15	77	40:31:00
75056	1564	257	16	78	40:34:00
75057	1962	257	63	79	40:38:00
75058	1490	257	64	80	40:39:00
75059	1578	257	65	81	40:43:00
75060	2224	257	66	82	40:46:00
75061	1549	257	67	83	40:46:00
75062	1541	257	17	84	40:49:00
75063	1515	257	68	85	40:54:00
75064	1539	257	69	86	41:04:00
75065	1604	257	70	87	41:12:00
75066	1536	257	71	88	41:16:00
75067	1634	257	72	89	41:25:00
75068	1519	257	73	90	41:30:00
75069	1972	257	74	91	41:50:00
75070	1639	257	75	92	41:51:00
75071	2237	257	76	93	41:51:00
75072	2236	257	77	94	41:54:00
75073	1591	257	78	95	41:59:00
75074	1556	257	79	96	42:00:00
75075	2049	257	80	97	42:02:00
75076	3155	257	18	98	42:14:00
75077	2240	257	19	99	42:16:00
75078	2021	257	81	100	42:21:00
75079	1565	257	20	101	42:23:00
75080	3156	257	82	102	42:26:00
75081	1873	257	83	103	42:30:00
75082	1903	257	84	104	42:33:00
75083	1622	257	21	105	42:34:00
75084	1606	257	85	106	42:35:00
75085	1649	257	22	107	42:35:00
75086	1555	257	86	108	42:38:00
75087	3157	257	23	109	42:38:00
75088	1627	257	87	110	42:41:00
75089	1640	257	88	111	42:42:00
75090	1605	257	89	112	42:42:00
75091	1531	257	24	113	42:56:00
75092	2095	257	25	114	43:18:00
75093	1588	257	90	115	43:19:00
75094	1598	257	91	116	43:21:00
75095	1575	257	92	117	43:26:00
75096	1636	257	93	118	43:28:00
75097	1664	257	26	119	43:41:00
75098	1584	257	94	120	43:45:00
75099	1505	257	27	121	43:58:00
75100	1637	257	95	122	44:00:00
75101	1715	257	28	123	44:05:00
75102	2248	257	29	124	44:06:00
75103	1493	257	30	125	44:15:00
75104	1513	257	31	126	44:17:00
75105	1901	257	32	127	44:31:00
75106	1657	257	96	128	44:32:00
75107	1719	257	33	129	44:33:00
75108	3159	257	97	130	44:33:00
75109	1632	257	34	131	44:34:00
75110	1653	257	98	132	44:38:00
75111	2249	257	99	133	44:45:00
75112	3160	257	100	134	44:49:00
75113	1698	257	101	135	44:52:00
75114	1510	257	102	136	44:53:00
75115	2244	257	35	137	44:57:00
75116	1603	257	36	138	45:04:00
75117	1940	257	103	139	45:05:00
75118	1647	257	37	140	45:11:00
75119	1601	257	104	141	45:19:00
75120	3161	257	38	142	45:20:00
75121	1667	257	39	143	45:21:00
75122	1592	257	40	144	45:24:00
75123	1906	257	105	145	45:28:00
75124	1611	257	106	146	45:34:00
75125	1628	257	107	147	45:37:00
75126	2246	257	108	148	45:38:00
75127	1655	257	41	149	45:52:00
75128	2140	257	109	150	46:06:00
75129	1681	257	42	151	46:12:00
75130	2257	257	43	152	46:13:00
75131	1887	257	44	153	46:13:00
75132	1909	257	45	154	46:15:00
75133	1589	257	110	155	46:31:00
75134	3162	257	111	156	46:33:00
75135	1646	257	46	157	46:43:00
75136	3163	257	112	158	46:47:00
75137	1630	257	47	159	46:48:00
75138	2261	257	113	160	46:49:00
75139	1856	257	114	161	46:50:00
75140	2427	257	48	162	46:53:00
75141	2207	257	49	163	47:00:00
75142	2260	257	115	164	47:01:00
75143	1668	257	116	165	47:01:00
75144	2262	257	50	166	47:05:00
75145	1654	257	51	167	47:06:00
75146	2263	257	52	168	47:14:00
75147	1799	257	53	169	47:15:00
75148	1908	257	54	170	47:19:00
75149	1892	257	117	171	47:25:00
75150	1619	257	55	172	47:37:00
75151	1642	257	118	173	47:37:00
75152	2667	257	119	174	48:08:00
75153	1680	257	56	175	48:15:00
75154	1899	257	120	176	48:26:00
75155	1917	257	121	177	48:33:00
75156	1989	257	57	178	48:35:00
75157	2250	257	58	179	48:37:00
75158	1661	257	59	180	48:43:00
75159	3164	257	60	181	48:43:00
75160	1666	257	61	182	48:44:00
75161	1623	257	122	183	48:45:00
75162	3165	257	62	184	48:47:00
75163	2235	257	123	185	48:56:00
75164	1717	257	63	186	48:59:00
75165	1645	257	124	187	49:01:00
75166	1957	257	125	188	49:05:00
75167	2272	257	64	189	49:06:00
75168	1735	257	65	190	49:12:00
75169	1963	257	126	191	49:15:00
75170	1971	257	66	192	49:22:00
75171	1993	257	67	193	49:22:00
75172	1995	257	68	194	49:26:00
75173	2273	257	69	195	49:32:00
75174	2268	257	70	196	49:32:00
75175	1677	257	71	197	49:39:00
75176	1678	257	127	198	49:45:00
75177	2255	257	128	199	49:46:00
75178	1693	257	72	200	49:47:00
75179	2269	257	73	201	49:50:00
75180	2295	257	74	202	50:00:00
75181	2063	257	75	203	50:10:00
75182	1758	257	129	204	50:13:00
75183	3166	257	76	205	50:14:00
75184	2278	257	130	206	50:15:00
75185	1691	257	77	207	50:16:00
75186	1624	257	78	208	50:30:00
75187	1643	257	79	209	50:35:00
75188	2061	257	80	210	50:36:00
75189	1658	257	131	211	50:37:00
75190	1699	257	132	212	50:37:00
75191	1683	257	133	213	50:38:00
75192	2266	257	81	214	50:39:00
75193	2265	257	82	215	50:40:00
75194	1688	257	134	216	50:41:00
75195	1953	257	135	217	50:43:00
75196	2281	257	83	218	50:44:00
75197	1997	257	84	219	50:44:00
75198	1702	257	136	220	50:48:00
75199	1740	257	85	221	50:50:00
75200	1707	257	86	222	50:54:00
75201	2296	257	87	223	50:55:00
75202	2276	257	88	224	50:56:00
75203	2058	257	89	225	50:56:00
75204	2052	257	90	226	50:58:00
75205	2274	257	137	227	50:59:00
75206	1689	257	138	228	51:23:00
75207	2264	257	91	229	51:23:00
75208	1574	257	139	230	51:27:00
75209	1983	257	92	231	51:29:00
75210	1732	257	93	232	51:35:00
75211	1656	257	94	233	51:44:00
75212	2282	257	95	234	51:49:00
75213	2280	257	140	235	51:50:00
75214	1703	257	141	236	52:09:00
75215	1757	257	96	237	52:13:00
75216	2291	257	97	238	52:13:00
75217	1790	257	142	239	52:15:00
75218	1737	257	98	240	52:19:00
75219	2283	257	99	241	52:23:00
75220	2144	257	100	242	52:27:00
75221	2256	257	143	243	52:31:00
75222	3167	257	101	244	52:36:00
75223	3168	257	144	245	52:37:00
75224	1988	257	102	246	52:41:00
75225	1766	257	103	247	53:37:00
75226	2924	257	104	248	53:46:00
75227	1701	257	145	249	53:52:00
75228	2780	257	146	250	53:54:00
75229	2299	257	105	251	53:58:00
75230	1728	257	106	252	54:06:00
75231	1975	257	107	253	54:12:00
75232	2584	257	147	254	54:17:00
75233	1801	257	108	255	54:22:00
75234	1752	257	109	256	54:28:00
75235	2293	257	110	257	54:33:00
75236	1755	257	111	258	54:34:00
75237	2305	257	112	259	54:43:00
75238	1791	257	113	260	54:47:00
75239	1990	257	148	261	55:18:00
75240	1744	257	149	262	55:20:00
75241	2253	257	114	263	55:26:00
75242	1736	257	115	264	55:27:00
75243	2077	257	116	265	56:02:00
75244	2294	257	117	266	56:57:00
75245	2400	257	118	267	57:03:00
75246	1979	257	119	268	57:05:00
75247	2368	257	120	269	57:07:00
75248	1918	257	121	270	57:11:00
75249	2302	257	122	271	57:21:00
75250	2310	257	123	272	57:26:00
75251	2309	257	124	273	57:39:00
75252	2081	257	125	274	57:49:00
75253	2087	257	126	275	57:55:00
75254	1723	257	150	276	57:59:00
75255	1700	257	151	277	58:31:00
75256	1999	257	127	278	58:45:00
75257	3506	257	128	279	58:52:00
75258	1783	257	152	280	58:57:00
75259	2306	257	129	281	59:09:00
75260	3170	257	153	282	59:11:00
75261	2313	257	130	283	59:14:00
75262	1788	257	154	284	59:24:00
75263	2320	257	131	285	59:27:00
75264	1743	257	155	286	59:28:00
75265	1836	257	156	287	59:31:00
75266	1807	257	157	288	59:59:00
75267	1787	257	132	289	1:00:16
75268	1811	257	158	290	1:00:37
75269	1912	257	159	291	1:00:46
75270	2312	257	160	292	1:01:12
75271	2317	257	133	293	1:01:13
75272	1822	257	134	294	1:01:14
75273	2314	257	135	295	1:02:14
75274	2078	257	136	296	1:02:26
75275	3171	257	137	297	1:02:26
75276	1813	257	138	298	1:02:52
75277	1814	257	161	299	1:02:53
75278	2079	257	139	300	1:03:53
75279	2004	257	140	301	1:04:32
75280	2421	257	141	302	1:04:47
75281	1733	257	162	303	1:06:45
75282	2304	257	142	304	1:06:46
75283	1587	257	143	305	1:07:29
75284	1810	257	163	306	1:07:36
75285	2011	257	144	307	1:16:44
75286	2217	258	1	1	44:19:00
75287	1474	258	2	2	45:45:00
75288	1461	258	1	3	40:28:00
75289	1436	258	2	4	40:58:00
75290	1444	258	3	5	41:36:00
75291	2205	258	3	6	48:01:00
75292	1438	258	4	7	42:07:00
75293	1551	258	4	8	48:32:00
75294	1450	258	5	9	42:40:00
75295	1452	258	6	10	42:43:00
75296	1511	258	7	11	43:05:00
75297	1545	258	5	12	49:08:00
75298	1456	258	8	13	43:26:00
75299	1440	258	9	14	43:30:00
75300	1475	258	10	15	43:31:00
75301	1460	258	11	16	43:40:00
75302	1602	258	6	17	50:01:00
75303	1854	258	12	18	44:19:00
75304	1561	258	7	19	50:49:00
75305	1596	258	13	20	44:51:00
75306	1485	258	8	21	50:54:00
75307	1927	258	14	22	44:55:00
75308	1466	258	15	23	44:57:00
75309	1499	258	16	24	45:02:00
75310	1506	258	17	25	45:22:00
75311	1965	258	18	26	45:51:00
75312	2226	258	19	27	46:10:00
75313	1473	258	20	28	46:11:00
75314	3216	258	9	29	52:14:00
75315	1855	258	21	30	46:15:00
75316	1565	258	10	31	52:40:00
75317	1930	258	22	32	46:57:00
75318	1564	258	11	33	53:05:00
75319	1503	258	23	34	47:07:00
75320	2238	258	12	35	53:08:00
75321	2223	258	24	36	47:12:00
75322	3217	258	25	37	47:17:00
75323	1505	258	13	38	53:30:00
75324	2220	258	26	39	47:40:00
75325	2248	258	14	40	53:46:00
75326	1566	258	15	41	53:50:00
75327	1597	258	16	42	53:51:00
75328	1510	258	27	43	48:12:00
75329	1868	258	28	44	48:15:00
75330	1516	258	29	45	48:18:00
75331	1453	258	30	46	48:32:00
75332	1488	258	31	47	48:35:00
75333	1469	258	32	48	48:47:00
75334	1664	258	17	49	54:54:00
75335	1900	258	18	50	54:55:00
75336	3261	258	33	51	49:02:00
75337	1862	258	34	52	49:04:00
75338	1647	258	19	53	55:06:00
75339	1521	258	35	54	49:14:00
75340	2113	258	36	55	49:19:00
75341	2224	258	37	56	49:21:00
75342	3185	258	38	57	49:27:00
75343	1572	258	39	58	49:30:00
75344	1655	258	20	59	55:32:00
75345	1484	258	40	60	49:36:00
75346	1470	258	41	61	49:44:00
75347	1887	258	21	62	55:47:00
75348	1622	258	22	63	55:52:00
75349	1546	258	42	64	49:53:00
75350	1504	258	43	65	49:57:00
75351	1901	258	23	66	56:26:00
75352	1634	258	44	67	50:43:00
75353	1898	258	45	68	50:43:00
75354	1490	258	46	69	50:45:00
75355	1515	258	47	70	50:46:00
75356	2335	258	48	71	50:54:00
75357	1631	258	24	72	57:04:00
75358	2237	258	49	73	51:05:00
75359	2236	258	50	74	51:06:00
75360	1606	258	51	75	51:07:00
75361	1695	258	52	76	51:08:00
75362	2222	258	25	77	51:09:00
75363	1938	258	53	78	51:10:00
75364	1830	258	54	79	51:10:00
75365	2244	258	26	80	57:11:00
75366	2227	258	55	81	51:20:00
75367	1604	258	56	82	51:25:00
75368	1873	258	57	83	51:26:00
75369	1549	258	58	84	51:30:00
75370	1593	258	59	85	51:38:00
75371	1627	258	60	86	51:44:00
75372	1871	258	61	87	51:52:00
75373	2207	258	27	88	58:04:00
75374	1536	258	62	89	52:10:00
75375	1654	258	28	90	58:13:00
75376	1556	258	63	91	52:20:00
75377	1533	258	64	92	52:21:00
75378	2267	258	29	93	58:26:00
75379	1680	258	30	94	58:33:00
75380	1962	258	65	95	52:56:00
75381	1555	258	66	96	53:05:00
75382	1983	258	31	97	59:21:00
75383	1552	258	32	98	59:26:00
75384	1519	258	67	99	53:30:00
75385	2257	258	33	100	59:33:00
75386	1591	258	68	101	53:35:00
75387	1972	258	69	102	53:37:00
75388	1580	258	70	103	53:39:00
75389	1971	258	34	104	59:40:00
75390	1667	258	35	105	59:41:00
75391	2427	258	36	106	59:42:00
75392	1909	258	37	107	59:43:00
75393	1588	258	71	108	53:44:00
75394	1637	258	72	109	53:54:00
75395	2061	258	38	110	59:56:00
75396	1479	258	73	111	54:03:00
75397	1619	258	39	112	1:00:09
75398	1578	258	74	113	54:14:00
75399	2049	258	75	114	54:15:00
75400	3218	258	76	115	54:16:00
75401	3219	258	77	116	54:17:00
75402	2247	258	40	117	1:00:21
75403	1636	258	78	118	54:36:00
75404	1639	258	79	119	54:40:00
75405	1908	258	41	120	1:00:48
75406	2258	258	42	121	1:00:52
75407	1717	258	43	122	1:01:15
75408	3220	258	44	123	1:01:17
75409	1698	258	80	124	55:20:00
75410	1584	258	81	125	55:26:00
75411	2063	258	45	126	1:01:29
75412	1681	258	46	127	1:01:41
75413	1701	258	82	128	55:44:00
75414	2167	258	47	129	1:01:48
75415	1666	258	48	130	1:01:52
75416	2667	258	83	131	56:00:00
75417	1801	258	49	132	1:02:01
75418	2273	258	50	133	1:02:02
75419	2279	258	51	134	1:02:05
75420	1988	258	52	135	1:02:15
75421	1906	258	84	136	56:22:00
75422	1517	258	85	137	56:27:00
75423	3221	258	86	138	56:29:00
75424	1735	258	53	139	1:02:58
75425	1989	258	54	140	1:03:16
75426	1592	258	55	141	1:03:17
75427	1774	258	87	142	57:21:00
75428	2276	258	56	143	1:03:23
75429	3222	258	88	144	57:27:00
75430	1705	258	57	145	1:03:32
75431	1940	258	89	146	57:40:00
75432	1921	258	58	147	1:03:43
75433	2100	258	59	148	1:03:46
75434	2269	258	60	149	1:03:54
75435	1657	258	90	150	57:54:00
75436	1677	258	61	151	57:57:00
75437	1678	258	91	152	58:04:00
75438	2246	258	92	153	58:05:00
75439	1633	258	93	154	58:11:00
75440	2143	258	62	155	1:04:13
75441	1693	258	63	156	1:04:18
75442	2272	258	64	157	1:04:28
75443	3183	258	94	158	58:33:00
75444	3159	258	95	159	58:39:00
75445	3197	258	65	160	1:04:52
75446	2260	258	96	161	59:02:00
75447	1757	258	66	162	1:05:29
75448	2264	258	67	163	1:05:37
75449	2255	258	97	164	59:49:00
75450	1766	258	68	165	1:05:53
75451	1714	258	69	166	1:05:55
75452	1975	258	70	167	1:06:04
75453	1691	258	71	168	1:06:07
75454	1981	258	72	169	1:06:16
75455	2261	258	98	170	1:00:21
75456	3107	258	73	171	1:06:23
75457	2295	258	74	172	1:06:25
75458	1722	258	75	173	1:06:25
75459	3223	258	76	174	1:06:29
75460	1779	258	77	175	1:06:33
75461	2282	258	78	176	1:06:37
75462	1973	258	99	177	1:00:53
75463	1645	258	100	178	1:00:57
75464	1997	258	79	179	1:07:03
75465	1668	258	101	180	1:01:11
75466	3224	258	102	181	1:01:16
75467	2301	258	80	182	1:07:22
75468	1589	258	103	183	1:01:37
75469	1740	258	81	184	1:07:54
75470	3225	258	104	185	1:02:19
75471	1905	258	105	186	1:02:26
75472	2305	258	82	187	1:08:37
75473	2299	258	83	188	1:09:00
75474	2274	258	106	189	1:03:02
75475	1957	258	107	190	1:03:04
75476	2291	258	84	191	1:09:36
75477	2250	258	85	192	1:09:55
75478	2293	258	86	193	1:10:01
75479	2300	258	87	194	1:10:19
75480	1763	258	88	195	1:10:28
75481	1699	258	108	196	1:04:34
75482	3168	258	109	197	1:04:38
75483	3167	258	89	198	1:10:52
75484	3226	258	110	199	1:04:53
75485	1689	258	111	200	1:05:06
75486	2313	258	90	201	1:11:17
75487	1688	258	112	202	1:05:55
75488	1899	258	113	203	1:05:56
75489	2294	258	91	204	1:11:57
75490	1702	258	114	205	1:06:17
75491	1732	258	92	206	1:13:09
75492	1746	258	115	207	1:07:35
75493	2280	258	116	208	1:08:02
75494	1658	258	117	209	1:08:08
75495	2306	258	93	210	1:14:38
75496	1776	258	94	211	1:15:24
75497	2314	258	95	212	1:16:15
75498	1781	258	118	213	1:11:02
75499	1700	258	119	214	1:11:04
75500	1790	258	120	215	1:11:32
75501	1737	258	96	216	1:11:36
75502	1912	258	121	217	1:11:37
75503	2079	258	97	218	1:18:03
75504	2287	258	98	219	1:18:09
75505	2288	258	99	220	1:13:07
75506	3506	258	100	221	1:19:09
75507	3227	258	122	222	1:13:40
75508	2312	258	123	223	1:13:41
75509	1788	258	124	224	1:15:09
75510	2317	258	101	225	1:23:29
75511	1811	258	125	226	1:20:50
75512	1733	258	126	227	1:21:30
75513	1836	258	127	228	1:26:29
75514	1849	259	1	1	27:10:00
75515	1445	259	2	2	27:13:00
75516	1438	259	3	3	27:35:00
75517	1444	259	4	4	27:51:00
75518	1436	259	5	5	27:58:00
75519	1450	259	6	6	28:26:00
75520	2217	259	1	7	28:38:00
75521	1475	259	7	8	28:44:00
75522	1454	259	8	9	29:18:00
75523	2245	259	2	10	29:33:00
75524	1452	259	9	11	29:46:00
75525	1466	259	10	12	29:53:00
75526	1473	259	11	13	29:59:00
75527	1927	259	12	14	30:12:00
75528	1506	259	13	15	30:21:00
75529	1458	259	14	16	30:25:00
75530	2110	259	15	17	30:31:00
75531	1596	259	16	18	30:37:00
75532	1456	259	17	19	30:51:00
75533	2220	259	18	20	31:02:00
75534	1546	259	19	21	31:09:00
75535	1474	259	3	22	31:31:00
75536	1510	259	20	23	31:39:00
75537	2221	259	21	24	31:43:00
75538	1930	259	22	25	31:46:00
75539	1489	259	23	26	31:47:00
75540	1488	259	24	27	31:50:00
75541	1502	259	25	28	31:50:00
75542	1855	259	26	29	31:53:00
75543	2226	259	27	30	32:05:00
75544	1965	259	28	31	32:25:00
75545	1440	259	29	32	32:33:00
75546	3185	259	30	33	32:37:00
75547	2090	259	31	34	32:41:00
75548	1521	259	32	35	32:42:00
75549	2228	259	33	36	32:43:00
75550	1572	259	34	37	32:44:00
75551	1936	259	35	38	32:49:00
75552	2235	259	36	39	32:51:00
75553	1545	259	4	40	33:02:00
75554	2335	259	37	41	33:03:00
75555	1516	259	38	42	33:06:00
75556	1549	259	39	43	33:13:00
75557	1880	259	40	44	33:14:00
75558	1487	259	41	45	33:21:00
75559	1551	259	5	46	33:30:00
75560	1512	259	42	47	33:36:00
75561	1507	259	43	48	33:37:00
75562	1929	259	44	49	33:39:00
75563	1593	259	45	50	33:44:00
75564	1515	259	46	51	33:45:00
75565	2229	259	47	52	34:00:00
75566	1942	259	48	53	34:12:00
75567	1962	259	49	54	34:13:00
75568	1634	259	50	55	34:18:00
75569	1606	259	51	56	34:24:00
75570	1534	259	6	57	34:27:00
75571	2233	259	52	58	34:32:00
75572	1485	259	7	59	34:33:00
75573	1490	259	53	60	34:34:00
75574	2237	259	54	61	34:36:00
75575	2232	259	55	62	34:39:00
75576	1533	259	56	63	34:40:00
75577	1578	259	57	64	34:40:00
75578	2238	259	8	65	34:42:00
75579	1602	259	9	66	34:44:00
75580	2236	259	58	67	34:46:00
75581	1595	259	10	68	34:48:00
75582	1938	259	59	69	34:50:00
75583	1519	259	60	70	35:02:00
75584	3228	259	61	71	35:08:00
75585	1536	259	62	72	35:21:00
75586	2021	259	63	73	35:25:00
75587	3156	259	64	74	35:27:00
75588	1555	259	65	75	35:36:00
75589	1597	259	11	76	35:42:00
75590	1539	259	66	77	35:46:00
75591	2240	259	12	78	35:55:00
75592	1588	259	67	79	36:03:00
75593	1639	259	68	80	36:04:00
75594	1591	259	69	81	36:13:00
75595	1568	259	70	82	36:19:00
75596	2772	259	13	83	36:22:00
75597	1565	259	14	84	36:27:00
75598	2467	259	15	85	36:29:00
75599	2234	259	16	86	36:42:00
75600	1972	259	71	87	36:55:00
75601	1637	259	72	88	37:06:00
75602	1575	259	73	89	37:08:00
75603	1657	259	74	90	37:10:00
75604	1698	259	75	91	37:13:00
75605	1647	259	17	92	37:22:00
75606	1653	259	76	93	37:29:00
75607	3229	259	18	94	37:31:00
75608	2248	259	19	95	37:32:00
75609	2207	259	20	96	37:44:00
75610	2246	259	77	97	37:46:00
75611	1616	259	78	98	37:47:00
75612	1715	259	21	99	37:48:00
75613	1887	259	22	100	38:08:00
75614	1589	259	79	101	38:09:00
75615	1663	259	80	102	38:12:00
75616	1701	259	81	103	38:14:00
75617	2244	259	23	104	38:15:00
75618	2252	259	24	105	38:18:00
75619	1631	259	25	106	38:23:00
75620	1949	259	26	107	38:24:00
75621	1948	259	82	108	38:27:00
75622	2255	259	83	109	38:30:00
75623	1646	259	27	110	38:33:00
75624	1611	259	84	111	38:34:00
75625	1654	259	28	112	38:37:00
75626	1892	259	85	113	38:45:00
75627	1620	259	86	114	38:58:00
75628	1619	259	29	115	39:03:00
75629	2257	259	30	116	39:11:00
75630	1677	259	31	117	39:13:00
75631	1601	259	87	118	39:16:00
75632	1678	259	88	119	39:19:00
75633	1552	259	32	120	39:20:00
75634	2247	259	33	121	39:21:00
75635	2285	259	89	122	39:36:00
75636	2260	259	90	123	39:39:00
75637	1667	259	34	124	39:45:00
75638	3159	259	91	125	39:49:00
75639	3162	259	92	126	39:53:00
75640	2261	259	93	127	39:58:00
75641	1910	259	94	128	39:59:00
75642	2140	259	95	129	40:00:00
75643	1573	259	96	130	40:04:00
75644	1624	259	35	131	40:16:00
75645	3193	259	36	132	40:25:00
75646	2272	259	37	133	40:25:00
75647	2263	259	38	134	40:27:00
75648	1989	259	39	135	40:30:00
75649	1905	259	97	136	40:32:00
75650	2258	259	40	137	40:33:00
75651	1632	259	41	138	40:36:00
75652	1668	259	98	139	40:55:00
75653	1574	259	99	140	40:58:00
75654	3230	259	100	141	40:59:00
75655	1628	259	101	142	41:00:00
75656	3220	259	42	143	41:01:00
75657	1988	259	43	144	41:12:00
75658	1699	259	102	145	41:17:00
75659	1645	259	103	146	41:17:00
75660	2253	259	44	147	41:20:00
75661	2273	259	45	148	41:22:00
75662	2262	259	46	149	41:23:00
75663	1909	259	47	150	41:26:00
75664	1908	259	48	151	41:29:00
75665	2059	259	104	152	41:30:00
75666	1680	259	49	153	41:32:00
75667	2269	259	50	154	41:37:00
75668	1971	259	51	155	41:44:00
75669	1953	259	105	156	41:47:00
75670	3231	259	52	157	41:48:00
75671	2264	259	53	158	41:53:00
75672	1705	259	54	159	41:56:00
75673	2274	259	106	160	41:59:00
75674	3183	259	107	161	42:02:00
75675	3232	259	55	162	42:02:00
75676	3233	259	108	163	42:04:00
75677	3234	259	109	164	42:05:00
75678	3226	259	110	165	42:06:00
75679	2279	259	56	166	42:13:00
75680	1650	259	111	167	42:16:00
75681	1917	259	112	168	42:28:00
75682	3235	259	113	169	42:34:00
75683	1921	259	57	170	42:38:00
75684	2266	259	58	171	42:39:00
75685	1799	259	59	172	42:40:00
75686	3236	259	114	173	42:55:00
75687	1758	259	115	174	42:57:00
75688	3237	259	60	175	42:58:00
75689	2250	259	61	176	43:07:00
75690	1693	259	62	177	43:10:00
75691	2289	259	63	178	43:12:00
75692	3238	259	116	179	43:20:00
75693	3164	259	64	180	43:24:00
75694	1995	259	65	181	43:31:00
75695	2283	259	66	182	43:33:00
75696	2100	259	67	183	43:37:00
75697	3224	259	117	184	43:38:00
75698	1981	259	68	185	43:42:00
75699	2281	259	69	186	43:45:00
75700	1623	259	118	187	43:47:00
75701	1702	259	119	188	43:50:00
75702	1714	259	70	189	43:57:00
75703	1763	259	71	190	44:01:00
75704	2280	259	120	191	44:03:00
75705	1717	259	72	192	44:07:00
75706	1957	259	121	193	44:20:00
75707	1689	259	122	194	44:21:00
75708	1975	259	73	195	44:29:00
75709	2058	259	74	196	44:31:00
75710	1997	259	75	197	44:48:00
75711	3239	259	76	198	44:52:00
75712	1779	259	77	199	44:53:00
75713	2294	259	78	200	44:59:00
75714	1963	259	123	201	45:00:00
75715	1757	259	79	202	45:01:00
75716	1722	259	80	203	45:02:00
75717	1656	259	81	204	45:02:00
75718	1691	259	82	205	45:03:00
75719	1990	259	124	206	45:04:00
75720	1688	259	125	207	45:05:00
75721	1993	259	83	208	45:06:00
75722	2287	259	84	209	45:18:00
75723	2130	259	85	210	45:21:00
75724	1735	259	86	211	45:29:00
75725	1728	259	87	212	45:31:00
75726	1732	259	88	213	45:35:00
75727	1707	259	89	214	45:36:00
75728	2293	259	90	215	45:48:00
75729	1749	259	91	216	45:59:00
75730	2296	259	92	217	46:25:00
75731	2278	259	126	218	46:27:00
75732	2277	259	93	219	46:29:00
75733	1964	259	94	220	46:31:00
75734	3107	259	95	221	46:41:00
75735	2241	259	96	222	46:42:00
75736	1718	259	127	223	46:46:00
75737	1523	259	97	224	46:47:00
75738	3223	259	98	225	46:48:00
75739	1635	259	128	226	46:50:00
75740	2282	259	99	227	46:56:00
75741	1752	259	100	228	47:08:00
75742	1781	259	129	229	47:17:00
75743	1918	259	101	230	47:23:00
75744	1991	259	102	231	47:24:00
75745	3240	259	103	232	47:26:00
75746	3241	259	104	233	47:27:00
75747	2586	259	105	234	47:28:00
75748	3242	259	106	235	47:28:00
75749	2368	259	107	236	47:29:00
75750	1755	259	108	237	48:14:00
75751	2305	259	109	238	48:19:00
75752	2299	259	110	239	48:23:00
75753	1979	259	111	240	48:27:00
75754	1801	259	112	241	48:44:00
75755	1743	259	130	242	48:58:00
75756	2288	259	113	243	49:11:00
75757	1737	259	114	244	49:17:00
75758	1790	259	131	245	49:17:00
75759	3243	259	115	246	49:31:00
75760	2304	259	116	247	49:38:00
75761	2309	259	117	248	49:44:00
75762	2400	259	118	249	49:45:00
75763	3227	259	132	250	49:46:00
75764	2313	259	119	251	50:10:00
75765	1815	259	133	252	50:28:00
75766	2306	259	120	253	50:32:00
75767	1770	259	121	254	51:17:00
75768	3244	259	122	255	51:21:00
75769	2106	259	123	256	51:30:00
75770	1912	259	134	257	51:35:00
75771	1811	259	135	258	51:37:00
75772	1793	259	136	259	51:59:00
75773	2320	259	124	260	52:06:00
75774	2314	259	125	261	52:36:00
75775	2001	259	137	262	53:05:00
75776	2079	259	126	263	54:05:00
75777	1836	259	138	264	54:34:00
75778	2310	259	127	265	54:54:00
75779	1796	259	139	266	54:55:00
75780	1807	259	140	267	55:08:00
75781	1788	259	141	268	55:15:00
75782	3245	259	128	269	55:57:00
75783	1776	259	129	270	56:01:00
75784	3246	259	142	271	56:05:00
75785	2004	259	130	272	57:18:00
75786	1999	259	131	273	57:19:00
75787	1821	259	132	274	57:20:00
75788	1828	259	133	275	57:35:00
75789	1831	259	143	276	58:30:00
75790	1587	259	134	277	58:37:00
75791	2324	259	135	278	59:02:00
75792	1830	259	144	279	1:00:18
75793	2011	259	136	280	1:01:00
75794	1733	259	145	281	1:01:05
75795	2321	259	137	282	1:02:23
75796	1789	259	138	283	1:03:47
75797	2006	259	139	284	1:04:57
75798	1791	259	140	285	1:04:59
75799	1843	259	141	286	1:05:21
75800	1433	260	1	1	42:20:00
75801	1849	260	2	2	48:48:00
75802	1444	260	3	3	49:58:00
75803	1438	260	4	4	50:20:00
75804	1436	260	5	5	50:25:00
75805	2824	260	6	6	51:13:00
75806	1437	260	7	7	51:19:00
75807	1852	260	1	8	51:52:00
75808	2217	260	2	9	51:59:00
75809	1445	260	8	10	52:21:00
75810	1511	260	9	11	52:30:00
75811	1440	260	10	12	52:37:00
75812	1448	260	11	13	52:52:00
75813	1454	260	12	14	53:20:00
75814	1475	260	13	15	53:40:00
75815	1854	260	14	16	54:12:00
75816	2110	260	15	17	54:25:00
75817	3152	260	16	18	54:43:00
75818	3507	260	17	19	55:01:00
75819	1456	260	18	20	55:16:00
75820	1473	260	19	21	55:18:00
75821	1471	260	20	22	55:22:00
75822	1474	260	3	23	55:32:00
75823	1965	260	21	24	55:39:00
75824	2205	260	4	25	55:43:00
75825	1467	260	22	26	55:49:00
75826	1458	260	23	27	55:53:00
75827	1466	260	24	28	56:10:00
75828	2221	260	25	29	56:22:00
75829	1499	260	26	30	56:25:00
75830	1596	260	27	31	56:26:00
75831	1927	260	28	32	56:30:00
75832	1546	260	29	33	56:35:00
75833	1452	260	30	34	56:57:00
75834	1855	260	31	35	57:07:00
75835	3217	260	32	36	57:37:00
75836	1506	260	33	37	58:07:00
75837	1521	260	34	38	58:23:00
75838	2154	260	5	39	58:31:00
75839	3261	260	35	40	58:34:00
75840	1930	260	36	41	58:39:00
75841	2223	260	37	42	58:57:00
75842	1488	260	38	43	59:00:00
75843	1545	260	6	44	59:18:00
75844	2090	260	39	45	59:23:00
75845	2220	260	40	46	59:25:00
75846	1868	260	41	47	59:27:00
75847	1503	260	42	48	59:31:00
75848	1936	260	43	49	1:00:03
75849	2226	260	44	50	1:00:10
75850	1516	260	45	51	1:00:14
75851	1487	260	46	52	1:00:34
75852	2206	260	7	53	1:00:44
75853	1497	260	47	54	1:00:48
75854	3185	260	48	55	1:00:53
75855	1549	260	49	56	1:01:08
75856	1512	260	50	57	1:01:25
75857	2235	260	51	58	1:01:32
75858	2224	260	52	59	1:01:33
75859	1518	260	8	60	1:01:45
75860	2229	260	53	61	1:01:49
75861	1484	260	54	62	1:01:55
75862	2113	260	55	63	1:02:04
75863	1928	260	56	64	1:02:12
75864	1457	260	9	65	1:02:25
75865	1493	260	10	66	1:02:25
75866	1504	260	57	67	1:02:28
75867	2021	260	58	68	1:02:43
75868	1593	260	59	69	1:03:03
75869	2232	260	60	70	1:03:06
75870	3508	260	11	71	1:03:08
75871	1604	260	61	72	1:03:10
75872	1536	260	62	73	1:03:11
75873	1602	260	12	74	1:03:15
75874	1515	260	63	75	1:03:16
75875	2233	260	64	76	1:03:21
75876	1561	260	13	77	1:03:35
75877	2236	260	65	78	1:03:38
75878	2237	260	66	79	1:03:39
75879	1531	260	14	80	1:03:46
75880	2829	260	67	81	1:03:51
75881	1634	260	68	82	1:03:56
75882	2467	260	15	83	1:03:57
75883	1938	260	69	84	1:04:11
75884	2234	260	16	85	1:04:16
75885	1863	260	70	86	1:04:30
75886	3154	260	71	87	1:04:30
75887	1556	260	72	88	1:04:35
75888	1606	260	73	89	1:04:43
75889	1873	260	74	90	1:04:50
75890	2230	260	17	91	1:05:19
75891	2225	260	75	92	1:05:21
75892	1627	260	76	93	1:05:26
75893	1962	260	77	94	1:05:45
75894	1584	260	78	95	1:05:46
75895	1875	260	18	96	1:05:56
75896	1534	260	19	97	1:06:09
75897	1489	260	79	98	1:06:10
75898	3183	260	80	99	1:06:11
75899	1490	260	81	100	1:06:12
75900	1510	260	82	101	1:06:19
75901	1505	260	20	102	1:06:21
75902	1539	260	83	103	1:06:23
75903	1639	260	84	104	1:06:33
75904	1597	260	21	105	1:06:36
75905	1649	260	22	106	1:06:44
75906	1565	260	23	107	1:06:53
75907	1647	260	24	108	1:07:01
75908	1588	260	85	109	1:07:11
75909	1972	260	86	110	1:07:20
75910	1580	260	87	111	1:07:24
75911	1575	260	88	112	1:07:43
75912	2049	260	89	113	1:07:44
75913	1892	260	90	114	1:08:18
75914	1701	260	91	115	1:08:37
75915	2248	260	25	116	1:08:44
75916	1601	260	92	117	1:08:52
75917	1591	260	93	118	1:08:59
75918	1640	260	94	119	1:09:02
75919	1657	260	95	120	1:09:04
75920	1589	260	96	121	1:09:18
75921	2207	260	26	122	1:09:22
75922	1887	260	27	123	1:09:24
75923	1519	260	97	124	1:09:32
75924	2244	260	28	125	1:09:45
75925	1655	260	29	126	1:09:51
75926	1664	260	30	127	1:10:00
75927	1541	260	31	128	1:10:01
75928	1598	260	98	129	1:10:02
75929	2246	260	99	130	1:10:03
75930	1616	260	100	131	1:10:04
75931	1901	260	32	132	1:10:05
75932	3509	260	101	133	1:10:05
75933	1637	260	102	134	1:10:06
75934	1485	260	33	135	1:10:29
75935	1900	260	34	136	1:10:30
75936	3510	260	103	137	1:10:47
75937	1948	260	104	138	1:10:58
75938	3229	260	35	139	1:11:06
75939	1633	260	105	140	1:11:11
75940	1620	260	106	141	1:11:17
75941	1906	260	107	142	1:11:30
75942	1653	260	108	143	1:11:32
75943	1897	260	36	144	1:11:34
75944	1654	260	37	145	1:11:47
75945	1940	260	109	146	1:11:52
75946	1681	260	38	147	1:11:54
75947	2258	260	39	148	1:11:58
75948	2257	260	40	149	1:11:59
75949	1632	260	41	150	1:12:08
75950	1667	260	42	151	1:12:11
75951	1737	260	43	152	1:12:12
75952	2667	260	110	153	1:12:35
75953	3159	260	111	154	1:12:36
75954	1645	260	112	155	1:12:43
75955	2047	260	44	156	1:12:55
75956	1877	260	45	157	1:13:02
75957	1552	260	46	158	1:13:03
75958	1699	260	113	159	1:13:06
75959	3511	260	47	160	1:13:08
75960	3512	260	48	161	1:13:25
75961	2263	260	49	162	1:13:57
75962	2247	260	50	163	1:14:05
75963	3513	260	114	164	1:14:11
75964	1908	260	51	165	1:14:23
75965	3193	260	52	166	1:14:26
75966	1677	260	53	167	1:14:38
75967	1678	260	115	168	1:14:38
75968	1899	260	116	169	1:14:48
75969	1971	260	54	170	1:14:49
75970	1717	260	55	171	1:14:54
75971	2273	260	56	172	1:15:02
75972	2261	260	117	173	1:15:10
75973	2272	260	57	174	1:15:16
75974	3155	260	58	175	1:15:17
75975	1680	260	59	176	1:15:18
75976	3161	260	60	177	1:15:26
75977	1668	260	118	178	1:15:48
75978	1856	260	119	179	1:15:56
75979	1993	260	61	180	1:16:09
75980	1623	260	120	181	1:16:16
75981	2265	260	62	182	1:16:34
75982	1958	260	121	183	1:16:36
75983	3165	260	63	184	1:16:39
75984	2253	260	64	185	1:16:47
75985	2268	260	65	186	1:17:11
75986	1582	260	66	187	1:17:18
75987	1650	260	122	188	1:17:22
75988	3514	260	123	189	1:17:34
75989	3237	260	67	190	1:17:46
75990	1989	260	68	191	1:17:56
75991	1995	260	69	192	1:18:02
75992	1757	260	70	193	1:18:12
75993	2255	260	124	194	1:18:17
75994	1702	260	125	195	1:18:29
75995	2102	260	126	196	1:18:36
75996	2278	260	127	197	1:18:45
75997	1799	260	71	198	1:18:48
75998	1921	260	72	199	1:18:53
75999	1774	260	128	200	1:18:54
76000	1691	260	73	201	1:18:56
76001	2282	260	74	202	1:19:03
76002	2295	260	75	203	1:19:06
76003	2299	260	76	204	1:19:08
76004	1975	260	77	205	1:19:29
76005	2167	260	78	206	1:19:32
76006	2274	260	129	207	1:19:33
76007	1973	260	130	208	1:19:39
76008	1631	260	79	209	1:19:41
76009	3515	260	80	210	1:19:42
76010	1718	260	131	211	1:20:03
76011	1665	260	132	212	1:20:07
76012	1735	260	81	213	1:20:19
76013	3164	260	82	214	1:20:27
76014	1688	260	133	215	1:20:32
76015	1957	260	134	216	1:20:39
76016	2228	260	135	217	1:20:41
76017	1683	260	136	218	1:20:43
76018	1707	260	83	219	1:20:45
76019	2269	260	84	220	1:20:47
76020	1722	260	85	221	1:20:48
76021	1746	260	137	222	1:20:51
76022	2264	260	86	223	1:20:53
76023	2266	260	87	224	1:21:25
76024	2296	260	88	225	1:21:30
76025	2297	260	89	226	1:21:43
76026	2130	260	90	227	1:22:12
76027	3167	260	91	228	1:22:13
76028	3168	260	138	229	1:22:14
76029	1693	260	92	230	1:22:38
76030	3516	260	139	231	1:22:38
76031	1689	260	140	232	1:22:40
76032	2427	260	93	233	1:22:41
76033	1898	260	141	234	1:22:43
76034	1658	260	142	235	1:22:44
76035	3107	260	94	236	1:22:55
76036	1990	260	143	237	1:22:56
76037	3517	260	144	238	1:23:02
76038	1997	260	95	239	1:23:24
76039	1766	260	96	240	1:23:42
76040	2283	260	97	241	1:23:48
76041	2280	260	145	242	1:23:59
76042	1752	260	98	243	1:24:20
76043	2293	260	99	244	1:24:53
76044	2144	260	100	245	1:25:23
76045	3518	260	101	246	1:25:32
76046	3519	260	102	247	1:25:33
76047	2276	260	103	248	1:26:04
76048	1963	260	146	249	1:26:06
76049	1763	260	104	250	1:26:07
76050	2320	260	105	251	1:26:08
76051	3227	260	147	252	1:26:17
76052	1912	260	148	253	1:27:46
76053	2179	260	149	254	1:27:56
76054	2400	260	106	255	1:29:43
76055	1770	260	107	256	1:30:29
76056	2300	260	108	257	1:30:33
76057	1728	260	109	258	1:31:11
76058	1755	260	110	259	1:31:15
76059	1918	260	111	260	1:31:34
76060	1788	260	150	261	1:32:08
76061	3506	260	112	262	1:33:30
76062	1781	260	151	263	1:33:31
76063	1811	260	152	264	1:33:53
76064	2312	260	153	265	1:33:57
76065	2309	260	113	266	1:34:16
76066	1829	260	154	267	1:35:01
76067	2294	260	114	268	1:35:19
76068	2001	260	155	269	1:35:20
76069	2310	260	115	270	1:36:27
76070	1999	260	116	271	1:36:28
76071	1787	260	117	272	1:36:47
76072	2314	260	118	273	1:37:48
76073	2068	260	156	274	1:39:58
76074	1807	260	157	275	1:40:36
76075	1791	260	119	276	1:41:06
76076	3246	260	158	277	1:47:13
76597	1849	264	1	1	26:12:00
76598	1461	264	2	2	26:38:00
76599	1444	264	3	3	27:03:00
76600	1438	264	4	4	27:13:00
76601	1436	264	5	5	27:23:00
76602	1440	264	6	6	27:31:00
76603	1448	264	7	7	27:48:00
76604	1450	264	8	8	27:54:00
76605	1475	264	9	9	27:55:00
76606	1452	264	10	10	28:15:00
76607	1511	264	11	11	28:16:00
76608	1854	264	12	12	28:48:00
76609	1441	264	13	13	28:54:00
76610	1454	264	14	14	28:58:00
76611	2226	264	15	15	29:04:00
76612	1466	264	16	16	29:21:00
76613	3152	264	17	17	29:28:00
76614	1456	264	18	18	29:37:00
76615	2542	264	19	19	29:39:00
76616	1474	264	1	20	29:42:00
76617	1499	264	20	21	29:52:00
76618	1930	264	21	22	29:55:00
76619	1489	264	22	23	30:07:00
76620	1458	264	23	24	30:08:00
76621	2221	264	24	25	30:10:00
76622	1546	264	25	26	30:14:00
76623	1927	264	26	27	30:18:00
76624	2205	264	2	28	30:21:00
76625	3520	264	27	29	30:25:00
76626	1506	264	28	30	30:35:00
76627	1863	264	29	31	30:41:00
76628	2220	264	30	32	30:59:00
76629	1521	264	31	33	31:06:00
76630	1936	264	32	34	31:12:00
76631	1464	264	33	35	31:13:00
76632	1453	264	34	36	31:20:00
76633	1488	264	35	37	31:28:00
76634	3154	264	36	38	31:30:00
76635	1487	264	37	39	31:32:00
76636	1551	264	3	40	31:33:00
76637	2206	264	4	41	31:37:00
76638	2224	264	38	42	31:38:00
76639	2223	264	39	43	31:41:00
76640	1545	264	5	44	31:45:00
76641	1517	264	40	45	32:07:00
76642	1503	264	41	46	32:11:00
76643	2335	264	42	47	32:12:00
76644	1485	264	6	48	32:17:00
76645	1518	264	7	49	32:22:00
76646	1484	264	43	50	32:30:00
76647	1512	264	44	51	32:44:00
76648	2235	264	45	52	32:52:00
76649	1498	264	46	53	32:57:00
76650	1534	264	8	54	33:04:00
76651	2232	264	47	55	33:08:00
76652	1536	264	48	56	33:10:00
76653	1515	264	49	57	33:13:00
76654	1490	264	50	58	33:16:00
76655	1504	264	51	59	33:21:00
76656	1634	264	52	60	33:27:00
76657	1602	264	9	61	33:31:00
76658	1962	264	53	62	33:34:00
76659	2238	264	10	63	33:49:00
76660	1564	264	11	64	33:53:00
76661	2237	264	54	65	33:55:00
76662	2236	264	55	66	33:56:00
76663	1549	264	56	67	33:59:00
76664	1505	264	12	68	34:00:00
76665	2225	264	57	69	34:04:00
76666	3218	264	58	70	34:06:00
76667	1556	264	59	71	34:07:00
76668	1510	264	60	72	34:09:00
76669	1880	264	61	73	34:11:00
76670	1929	264	62	74	34:12:00
76671	1606	264	63	75	34:21:00
76672	2231	264	64	76	34:22:00
76673	2234	264	13	77	34:25:00
76674	1580	264	65	78	34:26:00
76675	2244	264	14	79	34:33:00
76676	1627	264	66	80	34:34:00
76677	1639	264	67	81	34:35:00
76678	1543	264	68	82	34:39:00
76679	3183	264	69	83	34:40:00
76680	1519	264	70	84	34:42:00
76681	2049	264	71	85	34:43:00
76682	1566	264	15	86	34:44:00
76683	1578	264	72	87	34:45:00
76684	1597	264	16	88	34:49:00
76685	2239	264	73	89	34:53:00
76686	1589	264	74	90	34:56:00
76687	1591	264	75	91	34:58:00
76688	1572	264	76	92	35:09:00
76689	1541	264	17	93	35:11:00
76690	1940	264	77	94	35:19:00
76691	1636	264	78	95	35:24:00
76692	1715	264	18	96	35:26:00
76693	1588	264	79	97	35:32:00
76694	1928	264	80	98	35:34:00
76695	1887	264	19	99	35:36:00
76696	1640	264	81	100	35:38:00
76697	3156	264	82	101	35:45:00
76698	1972	264	83	102	35:47:00
76699	1657	264	84	103	35:50:00
76700	1601	264	85	104	35:53:00
76701	1584	264	86	105	35:59:00
76702	2249	264	87	106	36:03:00
76703	1637	264	88	107	36:07:00
76704	1647	264	20	108	36:10:00
76705	2248	264	21	109	36:13:00
76706	1622	264	22	110	36:16:00
76707	3523	264	89	111	36:23:00
76708	1494	264	23	112	36:27:00
76709	1605	264	90	113	36:32:00
76710	1655	264	24	114	36:33:00
76711	1604	264	91	115	36:35:00
76712	3229	264	25	116	36:37:00
76713	1552	264	26	117	36:42:00
76714	2552	264	27	118	36:43:00
76715	1654	264	28	119	36:49:00
76716	2257	264	29	120	36:54:00
76717	1631	264	30	121	36:59:00
76718	3513	264	92	122	37:06:00
76719	1948	264	93	123	37:07:00
76720	1653	264	94	124	37:11:00
76721	1888	264	31	125	37:19:00
76722	1952	264	95	126	37:20:00
76723	1906	264	96	127	37:23:00
76724	1901	264	32	128	37:27:00
76725	2255	264	97	129	37:31:00
76726	1573	264	98	130	37:32:00
76727	1611	264	99	131	37:35:00
76728	1892	264	100	132	37:36:00
76729	1632	264	33	133	37:42:00
76730	2252	264	34	134	37:50:00
76731	3162	264	101	135	37:51:00
76732	1646	264	35	136	37:55:00
76733	1616	264	102	137	37:59:00
76734	1633	264	103	138	38:07:00
76735	1949	264	36	139	38:17:00
76736	1681	264	37	140	38:27:00
76737	1603	264	38	141	38:28:00
76738	1574	264	104	142	38:35:00
76739	1667	264	39	143	38:36:00
76740	2263	264	40	144	38:37:00
76741	1592	264	41	145	38:40:00
76742	1630	264	42	146	38:41:00
76743	1677	264	43	147	38:42:00
76744	1678	264	105	148	38:43:00
76745	1645	264	106	149	38:48:00
76746	1699	264	107	150	38:58:00
76747	3159	264	108	151	38:59:00
76748	2247	264	44	152	39:00:00
76749	1899	264	109	153	39:11:00
76750	3521	264	110	154	39:12:00
76751	2262	264	45	155	39:15:00
76752	3237	264	46	156	39:16:00
76753	2261	264	111	157	39:18:00
76754	1971	264	47	158	39:22:00
76755	1668	264	112	159	39:26:00
76756	3220	264	48	160	39:27:00
76757	2258	264	49	161	39:30:00
76758	1612	264	113	162	39:35:00
76759	2667	264	114	163	39:36:00
76760	2267	264	50	164	39:37:00
76761	1910	264	115	165	39:38:00
76762	3168	264	116	166	39:44:00
76763	1700	264	117	167	39:57:00
76764	3188	264	118	168	39:58:00
76765	1958	264	119	169	40:06:00
76766	1598	264	120	170	40:22:00
76767	3166	264	51	171	40:22:00
76768	1982	264	52	172	40:23:00
76769	1664	264	53	173	40:25:00
76770	2273	264	54	174	40:26:00
76771	1988	264	55	175	40:30:00
76772	2264	264	56	176	40:33:00
76773	2061	264	57	177	40:34:00
76774	1683	264	121	178	40:40:00
76775	1953	264	122	179	40:44:00
76776	3236	264	123	180	40:45:00
76777	1969	264	58	181	40:47:00
76778	1965	264	124	182	40:48:00
76779	1650	264	125	183	40:54:00
76780	1963	264	126	184	41:00:00
76781	2253	264	59	185	41:01:00
76782	1981	264	60	186	41:03:00
76783	2063	264	61	187	41:04:00
76784	2275	264	62	188	41:05:00
76785	1917	264	127	189	41:08:00
76786	1909	264	63	190	41:10:00
76787	2278	264	128	191	41:17:00
76788	1717	264	64	192	41:18:00
76789	2188	264	65	193	41:20:00
76790	2266	264	66	194	41:21:00
76791	2265	264	67	195	41:22:00
76792	1693	264	68	196	41:24:00
76793	1905	264	129	197	41:26:00
76794	2282	264	69	198	41:29:00
76795	1993	264	70	199	41:31:00
76796	1995	264	71	200	41:33:00
76797	2269	264	72	201	41:35:00
76798	2274	264	130	202	41:36:00
76799	1975	264	73	203	41:38:00
76800	2280	264	131	204	41:42:00
76801	1763	264	74	205	41:46:00
76802	2058	264	75	206	41:48:00
76803	2296	264	76	207	41:50:00
76804	1691	264	77	208	41:54:00
76805	2277	264	78	209	41:58:00
76806	1757	264	79	210	41:59:00
76807	1624	264	80	211	42:00:00
76808	1643	264	81	212	42:01:00
76809	1799	264	82	213	42:09:00
76810	1705	264	83	214	42:26:00
76811	1658	264	132	215	42:31:00
76812	1679	264	84	216	42:32:00
76813	1666	264	85	217	42:35:00
76814	1689	264	133	218	42:36:00
76815	3164	264	86	219	42:43:00
76816	1746	264	134	220	42:45:00
76817	2283	264	87	221	42:46:00
76818	1990	264	135	222	42:48:00
76819	1728	264	88	223	42:49:00
76820	1980	264	89	224	42:51:00
76821	3107	264	90	225	42:53:00
76822	2295	264	91	226	42:57:00
76823	3223	264	92	227	43:02:00
76824	1964	264	93	228	43:03:00
76825	2299	264	94	229	43:06:00
76826	1921	264	95	230	43:10:00
76827	1714	264	96	231	43:17:00
76828	3519	264	97	232	43:46:00
76829	1660	264	136	233	43:49:00
76830	3516	264	137	234	43:50:00
76831	1688	264	138	235	43:52:00
76832	3518	264	98	236	43:58:00
76833	2279	264	99	237	44:13:00
76834	3207	264	139	238	44:18:00
76835	1707	264	100	239	44:20:00
76836	2293	264	101	240	44:29:00
76837	2281	264	102	241	44:42:00
76838	2368	264	103	242	44:46:00
76839	2179	264	140	243	45:13:00
76840	1918	264	104	244	45:21:00
76841	2305	264	105	245	45:22:00
76842	2250	264	106	246	45:27:00
76843	1912	264	141	247	45:28:00
76844	2400	264	107	248	45:31:00
76845	2297	264	108	249	45:35:00
76846	1749	264	109	250	45:38:00
76847	3522	264	110	251	45:44:00
76848	1829	264	142	252	45:48:00
76849	1979	264	111	253	45:51:00
76850	2292	264	112	254	45:54:00
76851	1991	264	113	255	45:56:00
76852	1781	264	143	256	46:02:00
76853	2291	264	114	257	46:06:00
76854	2586	264	115	258	46:09:00
76855	3199	264	116	259	46:11:00
76856	1755	264	117	260	46:21:00
76857	3524	264	144	261	46:36:00
76858	1732	264	118	262	46:46:00
76859	2260	264	145	263	47:02:00
76860	3246	264	146	264	47:03:00
76861	1801	264	119	265	47:10:00
76862	2300	264	120	266	47:35:00
76863	2304	264	121	267	47:55:00
76864	2313	264	122	268	47:56:00
76865	1770	264	123	269	48:08:00
76866	3243	264	124	270	48:28:00
76867	3171	264	125	271	48:30:00
76868	1743	264	147	272	48:39:00
76869	2312	264	148	273	48:45:00
76870	1788	264	149	274	48:52:00
76871	1811	264	150	275	48:57:00
76872	1813	264	126	276	49:02:00
76873	1814	264	151	277	49:02:00
76874	1999	264	127	278	49:08:00
76875	2310	264	128	279	49:50:00
76876	1787	264	129	280	49:56:00
76877	2068	264	152	281	49:58:00
76878	3244	264	130	282	50:10:00
76879	1805	264	131	283	50:14:00
76880	1752	264	132	284	50:15:00
76881	2306	264	133	285	50:25:00
76882	1751	264	134	286	51:14:00
76883	2106	264	135	287	51:26:00
76884	1815	264	153	288	51:29:00
76885	2316	264	136	289	51:49:00
76886	1807	264	154	290	51:50:00
76887	3506	264	137	291	52:08:00
76888	2004	264	138	292	52:10:00
76889	1733	264	155	293	52:12:00
76890	1796	264	156	294	52:34:00
76891	2079	264	139	295	53:25:00
76892	2314	264	140	296	53:39:00
76893	1821	264	141	297	53:59:00
76894	1767	264	142	298	54:56:00
76895	1831	264	157	299	56:53:00
76896	2321	264	143	300	57:00:00
76897	2308	264	144	301	57:01:00
76898	1587	264	145	302	57:03:00
76899	1830	264	158	303	58:02:00
76900	2011	264	146	304	1:01:31
77205	1461	266	1	1	56:58:00
77206	1437	266	2	2	57:16:00
77207	1444	266	3	3	58:18:00
77208	1436	266	4	4	58:43:00
77209	1450	266	5	5	59:19:00
77210	2217	266	1	6	1:00:22
77211	1511	266	6	7	1:00:26
77212	1475	266	7	8	1:00:41
77213	1454	266	8	9	1:01:00
77214	1854	266	9	10	1:01:24
77215	1448	266	10	11	1:01:33
77216	2205	266	2	12	1:02:14
77217	1440	266	11	13	1:02:27
77218	1456	266	12	14	1:02:44
77219	3152	266	13	15	1:02:57
77220	1965	266	14	16	1:03:55
77221	1466	266	15	17	1:04:11
77222	1499	266	16	18	1:04:26
77223	1441	266	17	19	1:04:43
77224	1474	266	3	20	1:04:55
77225	1927	266	18	21	1:04:56
77226	1476	266	19	22	1:05:22
77227	1596	266	20	23	1:05:26
77228	1458	266	21	24	1:05:29
77229	1506	266	22	25	1:05:33
77230	2221	266	23	26	1:05:52
77231	1546	266	24	27	1:05:57
77232	1473	266	25	28	1:06:03
77233	1930	266	26	29	1:06:14
77234	1855	266	27	30	1:06:27
77235	1464	266	28	31	1:06:44
77236	1452	266	29	32	1:07:00
77237	1936	266	30	33	1:07:02
77238	2220	266	31	34	1:07:03
77239	1507	266	32	35	1:07:10
77240	1453	266	33	36	1:07:20
77241	1545	266	4	37	1:08:05
77242	1521	266	34	38	1:08:15
77243	1518	266	5	39	1:08:20
77244	2223	266	35	40	1:08:43
77245	1488	266	36	41	1:08:49
77246	3525	266	37	42	1:09:01
77247	1503	266	38	43	1:09:03
77248	2017	266	6	44	1:09:03
77249	1497	266	39	45	1:09:35
77250	2090	266	40	46	1:09:53
77251	1520	266	41	47	1:10:07
77252	1487	266	42	48	1:10:11
77253	1516	266	43	49	1:10:30
77254	1512	266	44	50	1:10:30
77255	3508	266	7	51	1:10:35
77256	1502	266	45	52	1:10:36
77257	2235	266	46	53	1:10:38
77258	2206	266	8	54	1:10:46
77259	1504	266	47	55	1:11:12
77260	1862	266	48	56	1:11:44
77261	1510	266	49	57	1:11:47
77262	2229	266	50	58	1:11:54
77263	2228	266	51	59	1:12:00
77264	1880	266	52	60	1:12:14
77265	1572	266	53	61	1:12:18
77266	1531	266	9	62	1:12:36
77267	2234	266	10	63	1:12:37
77268	1602	266	11	64	1:12:37
77269	2238	266	12	65	1:12:42
77270	1938	266	54	66	1:12:49
77271	1593	266	55	67	1:12:57
77272	1490	266	56	68	1:13:03
77273	1515	266	57	69	1:13:14
77274	1536	266	58	70	1:13:21
77275	2233	266	59	71	1:13:27
77276	2236	266	60	72	1:13:28
77277	2237	266	61	73	1:13:32
77278	1627	266	62	74	1:14:00
77279	1871	266	63	75	1:14:01
77280	1606	266	64	76	1:14:15
77281	1962	266	65	77	1:14:16
77282	2467	266	13	78	1:14:18
77283	1870	266	66	79	1:14:20
77284	1604	266	67	80	1:14:25
77285	1556	266	68	81	1:14:31
77286	1898	266	69	82	1:14:46
77287	1865	266	70	83	1:14:47
77288	2095	266	14	84	1:14:54
77289	1639	266	71	85	1:14:59
77290	1873	266	72	86	1:15:18
77291	1634	266	73	87	1:15:19
77292	1597	266	15	88	1:15:32
77293	1588	266	74	89	1:15:49
77294	1534	266	16	90	1:15:52
77295	2230	266	17	91	1:15:58
77296	2225	266	75	92	1:16:05
77297	1649	266	18	93	1:16:25
77298	1533	266	76	94	1:16:30
77299	1640	266	77	95	1:16:36
77300	3234	266	78	96	1:16:41
77301	2248	266	19	97	1:16:58
77302	1875	266	20	98	1:16:59
77303	1484	266	79	99	1:17:01
77304	1972	266	80	100	1:17:37
77305	1564	266	21	101	1:17:41
77306	1560	266	22	102	1:18:00
77307	3183	266	81	103	1:18:04
77308	1942	266	82	104	1:18:13
77309	1578	266	83	105	1:18:15
77310	1637	266	84	106	1:18:25
77311	2251	266	23	107	1:18:36
77312	1589	266	85	108	1:18:42
77313	1901	266	24	109	1:18:46
77314	1565	266	25	110	1:18:47
77315	2257	266	26	111	1:18:48
77316	1887	266	27	112	1:19:03
77317	2249	266	86	113	1:19:05
77318	1523	266	28	114	1:19:05
77319	3229	266	29	115	1:19:08
77320	2049	266	87	116	1:19:34
77321	1622	266	30	117	1:19:35
77322	1517	266	88	118	1:20:00
77323	1552	266	31	119	1:20:03
77324	1601	266	89	120	1:20:10
77325	1580	266	90	121	1:20:23
77326	1631	266	32	122	1:20:37
77327	3526	266	91	123	1:20:50
77328	3527	266	92	124	1:21:08
77329	1592	266	33	125	1:21:10
77330	3528	266	34	126	1:21:10
77331	3529	266	35	127	1:21:12
77332	1633	266	93	128	1:21:21
77333	1667	266	36	129	1:21:26
77334	1906	266	94	130	1:21:45
77335	2252	266	37	131	1:21:51
77336	2667	266	95	132	1:21:58
77337	1877	266	38	133	1:22:12
77338	1655	266	39	134	1:22:31
77339	2244	266	40	135	1:22:34
77340	1519	266	96	136	1:22:49
77341	1611	266	97	137	1:22:51
77342	1897	266	41	138	1:23:00
77343	2246	266	98	139	1:23:16
77344	2135	266	99	140	1:23:23
77345	1948	266	100	141	1:23:26
77346	2258	266	42	142	1:23:29
77347	1677	266	43	143	1:23:30
77348	1678	266	101	144	1:23:34
77349	3161	266	44	145	1:23:39
77350	1603	266	45	146	1:23:46
77351	1892	266	102	147	1:23:47
77352	3193	266	46	148	1:23:48
77353	1681	266	47	149	1:23:54
77354	2272	266	48	150	1:24:15
77355	2260	266	103	151	1:24:40
77356	3511	266	49	152	1:24:45
77357	2262	266	50	153	1:24:49
77358	1574	266	104	154	1:24:59
77359	1657	266	105	155	1:25:12
77360	1989	266	51	156	1:25:17
77361	2263	266	52	157	1:25:21
77362	2247	266	53	158	1:25:35
77363	1591	266	106	159	1:26:08
77364	1630	266	54	160	1:26:09
77365	1469	266	107	161	1:26:13
77366	1909	266	55	162	1:26:14
77367	1620	266	108	163	1:26:19
77368	1908	266	56	164	1:26:23
77369	1701	266	109	165	1:26:23
77370	3159	266	110	166	1:26:24
77371	1899	266	111	167	1:26:29
77372	2255	266	112	168	1:26:38
77373	1668	266	113	169	1:26:42
77374	3237	266	57	170	1:26:53
77375	1699	266	114	171	1:26:58
77376	3530	266	115	172	1:26:58
77377	1605	266	116	173	1:27:51
77378	2279	266	58	174	1:28:04
77379	1958	266	117	175	1:28:18
77380	1623	266	118	176	1:28:32
77381	1666	266	59	177	1:28:35
77382	2253	266	60	178	1:28:42
77383	1654	266	61	179	1:28:55
77384	1774	266	119	180	1:29:16
77385	1856	266	120	181	1:29:28
77386	1688	266	121	182	1:29:29
77387	2102	266	122	183	1:29:31
77388	1735	266	62	184	1:29:48
77389	1913	266	123	185	1:29:52
77390	1993	266	63	186	1:30:14
77391	1981	266	64	187	1:30:15
77392	1982	266	65	188	1:30:50
77393	1664	266	66	189	1:30:52
77394	2100	266	67	190	1:31:30
77395	3224	266	124	191	1:31:30
77396	1717	266	68	192	1:31:31
77397	2264	266	69	193	1:31:32
77398	3519	266	70	194	1:31:38
77399	3531	266	71	195	1:31:41
77400	1917	266	125	196	1:31:46
77401	3167	266	72	197	1:31:57
77402	3168	266	126	198	1:32:01
77403	2058	266	73	199	1:32:13
77404	1691	266	74	200	1:32:16
77405	1619	266	75	201	1:32:37
77406	1975	266	76	202	1:32:46
77407	1799	266	77	203	1:32:47
77408	1722	266	78	204	1:32:49
77409	1988	266	79	205	1:32:59
77410	2167	266	80	206	1:32:59
77411	1700	266	127	207	1:33:04
77412	1660	266	128	208	1:33:26
77413	3532	266	81	209	1:33:29
77414	1656	266	82	210	1:33:31
77415	3533	266	83	211	1:33:51
77416	1689	266	129	212	1:33:52
77417	1746	266	130	213	1:34:04
77418	2276	266	84	214	1:34:09
77419	1921	266	85	215	1:34:31
77420	1718	266	131	216	1:34:44
77421	1707	266	86	217	1:35:17
77422	1801	266	87	218	1:35:21
77423	1683	266	132	219	1:35:22
77424	2280	266	133	220	1:35:41
77425	1763	266	88	221	1:36:31
77426	1973	266	134	222	1:36:31
77427	1990	266	135	223	1:36:49
77428	3107	266	89	224	1:37:32
77429	3239	266	90	225	1:37:55
77430	2313	266	91	226	1:39:03
77431	3170	266	136	227	1:39:57
77432	1743	266	137	228	1:40:06
77433	2297	266	92	229	1:40:29
77434	2291	266	93	230	1:41:32
77435	1770	266	94	231	1:41:44
77436	1755	266	95	232	1:42:10
77437	1979	266	96	233	1:42:13
77438	1918	266	97	234	1:42:53
77439	1811	266	138	235	1:43:31
77440	3522	266	98	236	1:43:33
77441	3246	266	139	237	1:43:57
77442	1829	266	140	238	1:46:54
77443	2400	266	99	239	1:47:35
77444	2309	266	100	240	1:48:32
77445	1790	266	141	241	1:51:52
77446	1791	266	101	242	1:51:52
77447	1737	266	102	243	1:51:53
77448	1787	266	103	244	1:52:04
77449	2314	266	104	245	1:53:54
77450	2310	266	105	246	1:56:03
77451	1822	266	106	247	1:56:04
77452	1815	266	142	248	1:56:27
77453	1461	267	1	1	31:01:00
77454	1436	267	2	2	32:24:00
77455	1475	267	3	3	32:49:00
77456	1450	267	4	4	32:56:00
77457	1440	267	5	5	33:07:00
77458	2217	267	1	6	33:09:00
77459	1454	267	6	7	33:17:00
77460	1854	267	7	8	33:31:00
77461	1441	267	8	9	33:36:00
77462	1452	267	9	10	33:51:00
77463	2110	267	10	11	34:36:00
77464	2226	267	11	12	34:46:00
77465	1596	267	12	13	34:50:00
77466	1499	267	13	14	34:55:00
77467	1457	267	2	15	34:58:00
77468	1466	267	14	16	35:12:00
77469	1927	267	15	17	35:13:00
77470	1464	267	16	18	35:19:00
77471	1930	267	17	19	35:27:00
77472	1458	267	18	20	35:30:00
77473	1469	267	19	21	35:32:00
77474	1474	267	3	22	35:43:00
77475	1506	267	20	23	35:52:00
77476	1511	267	21	24	35:53:00
77477	1473	267	22	25	35:55:00
77478	1507	267	23	26	36:16:00
77479	1855	267	24	27	36:20:00
77480	2221	267	25	28	36:26:00
77481	2154	267	4	29	36:33:00
77482	2220	267	26	30	36:55:00
77483	1518	267	5	31	37:23:00
77484	2223	267	27	32	37:28:00
77485	1488	267	28	33	37:40:00
77486	1487	267	29	34	37:44:00
77487	1502	267	30	35	37:47:00
77488	1503	267	31	36	37:58:00
77489	1936	267	32	37	38:12:00
77490	1521	267	33	38	38:14:00
77491	1498	267	34	39	38:18:00
77492	2237	267	35	40	38:23:00
77493	1516	267	36	41	38:24:00
77494	2235	267	37	42	38:33:00
77495	1512	267	38	43	38:41:00
77496	1490	267	39	44	38:45:00
77497	1929	267	40	45	38:48:00
77498	2236	267	41	46	38:49:00
77499	1868	267	42	47	38:56:00
77500	1880	267	43	48	39:05:00
77501	2228	267	44	49	39:12:00
77502	1593	267	45	50	39:13:00
77503	1549	267	46	51	39:26:00
77504	1534	267	6	52	39:27:00
77505	1578	267	47	53	39:28:00
77506	1938	267	48	54	39:39:00
77507	1517	267	49	55	39:40:00
77508	1602	267	7	56	39:43:00
77509	1962	267	50	57	39:45:00
77510	1531	267	8	58	39:47:00
77511	1606	267	51	59	39:48:00
77512	1572	267	52	60	39:52:00
77513	2232	267	53	61	39:56:00
77514	1604	267	54	62	39:58:00
77515	1942	267	55	63	40:02:00
77516	2234	267	9	64	40:03:00
77517	1524	267	56	65	40:05:00
77518	1627	267	57	66	40:10:00
77519	1637	267	58	67	40:15:00
77520	1493	267	10	68	40:21:00
77521	2233	267	59	69	40:24:00
77522	1565	267	11	70	40:29:00
77523	2225	267	60	71	40:33:00
77524	1539	267	61	72	40:39:00
77525	1533	267	62	73	40:43:00
77526	1541	267	12	74	40:44:00
77527	2240	267	13	75	40:54:00
77528	2244	267	14	76	41:05:00
77529	1639	267	63	77	41:09:00
77530	2251	267	15	78	41:10:00
77531	1505	267	16	79	41:11:00
77532	1580	267	64	80	41:17:00
77533	1591	267	65	81	41:29:00
77534	1875	267	17	82	41:30:00
77535	1715	267	18	83	41:35:00
77536	1485	267	19	84	41:39:00
77537	1849	267	66	85	41:41:00
77538	1523	267	20	86	41:49:00
77539	1940	267	67	87	41:55:00
77540	2246	267	68	88	41:56:00
77541	3183	267	69	89	42:03:00
77542	1640	267	70	90	42:09:00
77543	1597	267	21	91	42:16:00
77544	2242	267	71	92	42:20:00
77545	1649	267	22	93	42:28:00
77546	1657	267	72	94	42:30:00
77547	1573	267	73	95	42:34:00
77548	1901	267	23	96	42:39:00
77549	1588	267	74	97	42:50:00
77550	1636	267	75	98	42:51:00
77551	1622	267	24	99	42:53:00
77552	1647	267	25	100	43:07:00
77553	1552	267	26	101	43:19:00
77554	1616	267	76	102	43:21:00
77555	1948	267	77	103	43:23:00
77556	3229	267	27	104	43:25:00
77557	1655	267	28	105	43:26:00
77558	1906	267	78	106	43:34:00
77559	2249	267	79	107	43:38:00
77560	2252	267	29	108	43:43:00
77561	1611	267	80	109	43:50:00
77562	1575	267	81	110	43:52:00
77563	1568	267	82	111	43:56:00
77564	1574	267	83	112	43:59:00
77565	1887	267	30	113	44:02:00
77566	1892	267	84	114	44:03:00
77567	1653	267	85	115	44:07:00
77568	1633	267	86	116	44:13:00
77569	1952	267	87	117	44:18:00
77570	1654	267	31	118	44:24:00
77571	3526	267	88	119	44:25:00
77572	1888	267	32	120	44:26:00
77573	2247	267	33	121	44:29:00
77574	2667	267	89	122	44:31:00
77575	3156	267	90	123	44:38:00
77576	1774	267	91	124	44:48:00
77577	1630	267	34	125	44:50:00
77578	2263	267	35	126	44:58:00
77579	1592	267	36	127	45:04:00
77580	2255	267	92	128	45:11:00
77581	1677	267	37	129	45:13:00
77582	1678	267	93	130	45:13:00
77583	1519	267	94	131	45:19:00
77584	2470	267	38	132	45:27:00
77585	1973	267	95	133	45:39:00
77586	2260	267	96	134	45:41:00
77587	1971	267	39	135	45:54:00
77588	1737	267	40	136	46:04:00
77589	2272	267	41	137	46:32:00
77590	1603	267	42	138	46:35:00
77591	2261	267	97	139	46:42:00
77592	1668	267	98	140	46:46:00
77593	3519	267	43	141	46:49:00
77594	1623	267	99	142	46:50:00
77595	3518	267	44	143	46:52:00
77596	1680	267	45	144	46:53:00
77597	1856	267	100	145	47:03:00
77598	1981	267	46	146	47:11:00
77599	3534	267	47	147	47:12:00
77600	2253	267	48	148	47:19:00
77601	1993	267	49	149	47:30:00
77602	2273	267	50	150	47:32:00
77603	1650	267	101	151	47:44:00
77604	3164	267	51	152	47:58:00
77605	1975	267	52	153	48:07:00
77606	1619	267	53	154	48:10:00
77607	1908	267	54	155	48:13:00
77608	1995	267	55	156	48:14:00
77609	1989	267	56	157	48:16:00
77610	1899	267	102	158	48:22:00
77611	1645	267	103	159	48:26:00
77612	1688	267	104	160	48:29:00
77613	3197	267	57	161	48:35:00
77614	3221	267	105	162	48:37:00
77615	1661	267	58	163	48:41:00
77616	1735	267	59	164	48:51:00
77617	2274	267	106	165	48:56:00
77618	2283	267	60	166	49:00:00
77619	1691	267	61	167	49:00:00
77620	1693	267	62	168	49:09:00
77621	3535	267	63	169	49:10:00
77622	1746	267	107	170	49:14:00
77623	3166	267	64	171	49:24:00
77624	1982	267	65	172	49:25:00
77625	2167	267	66	173	49:29:00
77626	1664	267	67	174	49:30:00
77627	2058	267	68	175	49:31:00
77628	2130	267	69	176	49:41:00
77629	1799	267	70	177	49:43:00
77630	2282	267	71	178	49:44:00
77631	1699	267	108	179	49:49:00
77632	1660	267	109	180	49:59:00
77633	1740	267	72	181	50:02:00
77634	1718	267	110	182	50:09:00
77635	2280	267	111	183	50:15:00
77636	1666	267	73	184	50:18:00
77637	1779	267	74	185	50:20:00
77638	2289	267	75	186	50:20:00
77639	1997	267	76	187	50:22:00
77640	1766	267	77	188	50:28:00
77641	3107	267	78	189	50:57:00
77642	1980	267	79	190	51:14:00
77643	1988	267	80	191	51:23:00
77644	2368	267	81	192	51:26:00
77645	3223	267	82	193	52:14:00
77646	2293	267	83	194	52:21:00
77647	1707	267	84	195	52:22:00
77648	2291	267	85	196	52:23:00
77649	1781	267	112	197	52:40:00
77650	1722	267	86	198	52:58:00
77651	1918	267	87	199	53:16:00
77652	2305	267	88	200	53:43:00
77653	1912	267	113	201	54:01:00
77654	2294	267	89	202	54:07:00
77655	2313	267	90	203	54:08:00
77656	1744	267	114	204	54:24:00
77657	1979	267	91	205	54:25:00
77658	2400	267	92	206	54:26:00
77659	1829	267	115	207	54:56:00
77660	1770	267	93	208	55:32:00
77661	1814	267	116	209	55:37:00
77662	3536	267	94	210	55:55:00
77663	1702	267	117	211	55:57:00
77664	1705	267	95	212	56:05:00
77665	2100	267	96	213	56:06:00
77666	2008	267	97	214	56:10:00
77667	1811	267	118	215	56:17:00
77668	3524	267	119	216	57:18:00
77669	1787	267	98	217	57:56:00
77670	1755	267	99	218	58:17:00
77671	2300	267	100	219	58:57:00
77672	1999	267	101	220	59:02:00
77673	2001	267	120	221	59:36:00
77674	1807	267	121	222	59:37:00
77675	1743	267	122	223	59:44:00
77676	2310	267	102	224	59:47:00
77677	1822	267	103	225	59:48:00
77678	2312	267	123	226	1:01:16
77679	3506	267	104	227	1:01:49
77680	1831	267	124	228	1:03:01
77681	2004	267	105	229	1:03:06
77682	2079	267	106	230	1:03:46
77683	2314	267	107	231	1:03:52
77684	1587	267	108	232	1:03:56
77685	1830	267	125	233	1:04:36
77686	1821	267	109	234	1:07:06
77687	1444	268	1	1	1:25:21
77688	1450	268	2	2	1:25:51
77689	1463	268	3	3	1:26:52
77690	1461	268	4	4	1:26:55
77691	1436	268	5	5	1:27:06
77692	1511	268	6	6	1:29:35
77693	1454	268	7	7	1:29:39
77694	1475	268	8	8	1:30:03
77695	3537	268	9	9	1:31:02
77696	1467	268	10	10	1:31:05
77697	1440	268	11	11	1:31:56
77698	1441	268	12	12	1:32:29
77699	1471	268	13	13	1:32:58
77700	1466	268	14	14	1:32:58
77701	1451	268	15	15	1:33:16
77702	1855	268	16	16	1:33:25
77703	2018	268	17	17	1:33:35
77704	3152	268	18	18	1:34:04
77705	1458	268	19	19	1:34:06
77706	1596	268	20	20	1:34:24
77707	2221	268	21	21	1:34:40
77708	1456	268	22	22	1:35:20
77709	1927	268	23	23	1:35:34
77710	1930	268	24	24	1:36:02
77711	2205	268	1	25	1:36:04
77712	1474	268	2	26	1:36:13
77713	1545	268	3	27	1:36:38
77714	1551	268	4	28	1:36:48
77715	1521	268	25	29	1:37:10
77716	3217	268	26	30	1:37:35
77717	2220	268	27	31	1:37:52
77718	1507	268	28	32	1:38:02
77719	1863	268	29	33	1:38:25
77720	3261	268	30	34	1:39:01
77721	1499	268	31	35	1:39:03
77722	1506	268	32	36	1:39:54
77723	3538	268	33	37	1:40:26
77724	2017	268	5	38	1:41:15
77725	2206	268	6	39	1:41:27
77726	2223	268	34	40	1:41:29
77727	2230	268	7	41	1:42:21
77728	1512	268	35	42	1:42:24
77729	1862	268	36	43	1:42:57
77730	1498	268	37	44	1:43:15
77731	1965	268	38	45	1:44:58
77732	1868	268	39	46	1:45:21
77733	2235	268	40	47	1:45:28
77734	2232	268	41	48	1:45:49
77735	1634	268	42	49	1:46:41
77736	1716	268	43	50	1:46:59
77737	1539	268	44	51	1:47:02
77738	1544	268	45	52	1:47:06
77739	1502	268	46	53	1:47:12
77740	1504	268	47	54	1:47:35
77741	1487	268	48	55	1:48:06
77742	1604	268	49	56	1:48:08
77743	1593	268	50	57	1:48:18
77744	1595	268	8	58	1:48:32
77745	1503	268	51	59	1:49:05
77746	1452	268	52	60	1:49:08
77747	1606	268	53	61	1:49:17
77748	1871	268	54	62	1:49:20
77749	2233	268	55	63	1:49:21
77750	1962	268	56	64	1:49:24
77751	1865	268	57	65	1:50:26
77752	1561	268	9	66	1:50:54
77753	1490	268	58	67	1:50:56
77754	1515	268	59	68	1:51:39
77755	1877	268	10	69	1:51:49
77756	1886	268	11	70	1:52:21
77757	1643	268	12	71	1:52:29
77758	1954	268	60	72	1:53:17
77759	1588	268	61	73	1:53:19
77760	2237	268	62	74	1:53:48
77761	2236	268	63	75	1:53:54
77762	1533	268	64	76	1:53:55
77763	1510	268	65	77	1:53:57
77764	1622	268	13	78	1:54:09
77765	1627	268	66	79	1:54:30
77766	3218	268	67	80	1:54:33
77767	3183	268	68	81	1:54:49
77768	2248	268	14	82	1:55:21
77769	1639	268	69	83	1:55:24
77770	3527	268	70	84	1:55:49
77771	1637	268	71	85	1:56:44
77772	1580	268	72	86	1:56:57
77773	1541	268	15	87	1:57:18
77774	1897	268	16	88	1:57:59
77775	2244	268	17	89	1:58:05
77776	1664	268	18	90	1:58:28
77777	2225	268	73	91	1:58:34
77778	1940	268	74	92	1:58:54
77779	1681	268	19	93	2:00:37
77780	1616	268	75	94	2:00:51
77781	1892	268	76	95	2:01:06
77782	3526	268	77	96	2:01:23
77783	3535	268	20	97	2:01:34
77784	2667	268	78	98	2:02:53
77785	2289	268	21	99	2:02:59
77786	3193	268	22	100	2:03:33
77787	3161	268	23	101	2:03:49
77788	1655	268	24	102	2:04:59
77789	2247	268	25	103	2:05:04
77790	1677	268	26	104	2:05:06
77791	2521	268	79	105	2:05:31
77792	1534	268	27	106	2:06:11
77793	1887	268	28	107	2:06:13
77794	1489	268	80	108	2:06:14
77795	3539	268	29	109	2:06:14
77796	3540	268	81	110	2:06:15
77797	3159	268	82	111	2:06:17
77798	3521	268	83	112	2:06:47
77799	1611	268	84	113	2:07:00
77800	1620	268	85	114	2:07:02
77801	1899	268	86	115	2:07:18
77802	3237	268	30	116	2:07:38
77803	3511	268	31	117	2:07:50
77804	1633	268	87	118	2:07:53
77805	2260	268	88	119	2:09:31
77806	1630	268	32	120	2:09:36
77807	1469	268	89	121	2:09:40
77808	1958	268	90	122	2:09:42
77809	2263	268	33	123	2:09:44
77810	1908	268	34	124	2:10:27
77811	2262	268	35	125	2:10:36
77812	1619	268	36	126	2:10:40
77813	1699	268	91	127	2:11:01
77814	1657	268	92	128	2:11:13
77815	1680	268	37	129	2:13:15
77816	1473	268	93	130	2:13:16
77817	1948	268	94	131	2:14:37
77818	1909	268	38	132	2:15:36
77819	2273	268	39	133	2:15:40
77820	1718	268	95	134	2:15:45
77821	1995	268	40	135	2:16:25
77822	1763	268	41	136	2:16:47
77823	1661	268	42	137	2:16:55
77824	1700	268	96	138	2:18:05
77825	2282	268	43	139	2:18:07
77826	1688	268	97	140	2:18:10
77827	3515	268	44	141	2:18:30
77828	1691	268	45	142	2:20:44
77829	2427	268	46	143	2:20:52
77830	1898	268	98	144	2:20:54
77831	1990	268	99	145	2:22:35
77832	1921	268	47	146	2:22:38
77833	2291	268	48	147	2:22:53
77834	1790	268	100	148	2:22:58
77835	1942	268	101	149	2:23:00
77836	1737	268	49	150	2:23:03
77837	2058	268	50	151	2:23:14
77838	3541	268	51	152	2:23:39
77839	2264	268	52	153	2:24:04
77840	1658	268	102	154	2:24:18
77841	1689	268	103	155	2:25:57
77842	2299	268	53	156	2:26:10
77843	2297	268	54	157	2:26:29
77844	1717	268	55	158	2:26:36
77845	1821	268	56	159	2:27:36
77846	1781	268	104	160	2:27:40
77847	2293	268	57	161	2:28:02
77848	3107	268	58	162	2:28:23
77849	1979	268	59	163	2:29:08
77850	1766	268	60	164	2:31:49
77851	3246	268	105	165	2:32:03
77852	1923	268	61	166	2:33:30
77853	1770	268	62	167	2:33:41
77854	2312	268	106	168	2:37:00
77855	1918	268	63	169	2:43:38
77856	1917	268	107	170	2:43:39
77857	1791	268	64	171	2:43:44
77858	2079	268	65	172	2:52:02
77859	2314	268	66	173	2:54:34
77860	1765	268	67	174	2:55:49
77861	1444	287	1	1	36:35
77862	1439	287	2	2	36:53
77863	2326	287	3	3	36:54
77864	2803	287	4	4	36:55
77865	1455	287	5	5	37:42
77866	1442	287	6	6	37:43
77867	1437	287	7	7	37:44
77868	2858	287	8	8	37:51
77869	1464	287	9	9	37:55
77870	2857	287	10	10	38:01
77871	1451	287	11	11	38:03
77872	1463	287	12	12	38:05
77873	1440	287	13	13	38:07
77874	2859	287	14	14	38:09
77875	1460	287	15	15	38:27
77876	1459	287	16	16	38:47
77877	3023	287	17	17	38:52
77878	2752	287	18	18	38:54
77879	1497	287	19	19	39:20
77880	2643	287	20	20	39:21
77881	1487	287	21	21	39:45
77882	1466	287	22	22	39:52
77883	1942	287	23	23	39:53
77884	2750	287	24	24	40:05
77885	1502	287	25	25	40:17
77886	1855	287	26	26	40:23
77887	2956	287	27	27	40:27
77888	2156	287	28	28	40:33
77889	1521	287	29	29	40:54
77890	2867	287	30	30	40:55
77891	2542	287	31	31	41:12
77892	1469	287	32	32	41:13
77893	1946	287	33	33	41:15
77894	1456	287	34	34	41:17
77895	2110	287	35	35	41:26
77896	1490	287	36	36	41:32
77897	2755	287	1	37	41:36
77898	1527	287	37	38	41:45
77899	1441	287	38	39	41:48
77900	1870	287	39	40	41:49
77901	2864	287	2	41	41:57
77902	1512	287	40	42	42:05
77903	2017	287	3	43	42:08
77904	2865	287	4	44	42:09
77905	2205	287	5	45	42:09
77906	2245	287	6	46	42:12
77907	3547	287	7	47	42:13
77908	2866	287	8	48	42:13
77909	3548	287	9	49	42:19
77910	3025	287	41	50	42:35
77911	1504	287	42	51	42:39
77912	1516	287	43	52	42:48
77913	1539	287	44	53	42:53
77914	1730	287	45	54	42:54
77915	2376	287	46	55	43:08
77916	1515	287	47	56	43:14
77917	2025	287	48	57	43:25
77918	2873	287	49	58	43:28
77919	1935	287	50	59	43:36
77920	1841	287	51	60	43:37
77921	1604	287	52	61	43:38
77922	2874	287	10	62	43:52
77923	1698	287	53	63	43:54
77924	1636	287	54	64	44:05
77925	1593	287	55	65	44:20
77926	1543	287	56	66	44:21
77927	1507	287	57	67	44:23
77928	1591	287	58	68	44:31
77929	1686	287	59	69	44:34
77930	1868	287	60	70	44:46
77931	2660	287	61	71	44:50
77932	2460	287	62	72	45:00
77933	2768	287	63	73	45:05
77934	2612	287	64	74	45:09
77935	1565	287	11	75	45:12
77936	2872	287	65	76	45:14
77937	2884	287	66	77	45:16
77938	2655	287	67	78	45:18
77939	2672	287	68	79	45:20
77940	1480	287	69	80	45:24
77941	1505	287	12	81	45:34
77942	3079	287	13	82	45:36
77943	3080	287	14	83	45:37
77944	1934	287	70	84	45:39
77945	2890	287	15	85	45:47
77946	1541	287	16	86	45:48
77947	2474	287	71	87	45:57
77948	1611	287	72	88	46:00
77949	2918	287	73	89	46:03
77950	1910	287	74	90	46:10
77951	1688	287	75	91	46:12
77952	1745	287	76	92	46:14
77953	1950	287	17	93	46:25
77954	2248	287	18	94	46:26
77955	1477	287	19	95	46:33
77956	2893	287	77	96	46:34
77957	1574	287	78	97	46:41
77958	1569	287	79	98	46:46
77959	1570	287	80	99	46:50
77960	1892	287	81	100	46:53
77961	3026	287	82	101	46:56
77962	2575	287	83	102	47:00
77963	2249	287	84	103	47:02
77964	1564	287	20	104	47:03
77965	2343	287	85	105	47:04
77966	2552	287	21	106	47:07
77967	2464	287	86	107	47:15
77968	1715	287	22	108	47:36
77969	3007	287	87	109	47:39
77970	2663	287	88	110	47:41
77971	2459	287	23	111	47:47
77972	1887	287	24	112	47:50
77973	1500	287	25	113	48:09
77974	2900	287	26	114	48:10
77975	1754	287	89	115	48:15
77976	2677	287	90	116	48:25
77977	1628	287	91	117	48:26
77978	2103	287	92	118	48:37
77979	2670	287	93	119	48:40
77980	2906	287	94	120	48:48
77981	1645	287	95	121	48:51
77982	1953	287	96	122	48:59
77983	1582	287	27	123	49:00
77984	2698	287	97	124	49:01
77985	1571	287	98	125	49:05
77986	2966	287	28	126	49:05
77987	1659	287	99	127	49:11
77988	1649	287	29	128	49:13
77989	1918	287	30	129	49:23
77990	2902	287	100	130	49:26
77991	1690	287	101	131	49:28
77992	2802	287	102	132	49:36
77993	1718	287	103	133	49:38
77994	2965	287	31	134	49:39
77995	2368	287	32	135	49:39
77996	1657	287	104	136	49:42
77997	2236	287	105	137	49:45
77998	1971	287	33	138	49:46
77999	1958	287	106	139	49:48
78000	1702	287	107	140	49:50
78001	2980	287	108	141	49:50
78002	1523	287	34	142	49:57
78003	1592	287	35	143	49:58
78004	1653	287	109	144	49:58
78005	2767	287	36	145	50:00
78006	1991	287	37	146	50:02
78007	2973	287	110	147	50:07
78008	1661	287	38	148	50:13
78009	1699	287	111	149	50:16
78010	1742	287	112	150	50:18
78011	2819	287	39	151	50:19
78012	1640	287	113	152	50:20
78013	2904	287	40	153	50:23
78014	1976	287	41	154	50:41
78015	2365	287	114	155	50:47
78016	1990	287	115	156	50:58
78017	2671	287	116	157	50:59
78018	2905	287	42	158	51:02
78019	2869	287	117	159	51:06
78020	2703	287	43	160	51:10
78021	3035	287	118	161	51:19
78022	1905	287	119	162	51:30
78023	1692	287	44	163	51:37
78024	1648	287	120	164	51:39
78025	1969	287	45	165	51:41
78026	1900	287	46	166	51:42
78027	2961	287	121	167	51:46
78028	2188	287	47	168	51:47
78029	1519	287	122	169	51:49
78030	2770	287	48	170	52:05
78031	1641	287	49	171	52:10
78032	1814	287	123	172	52:22
78033	2903	287	50	173	52:27
78034	2778	287	51	174	52:31
78035	3549	287	52	175	52:33
78036	3085	287	53	176	52:35
78037	1660	287	124	177	52:54
78038	1735	287	54	178	53:03
78039	2102	287	125	179	53:04
78040	2908	287	126	180	53:07
78041	1643	287	55	181	53:11
78042	2010	287	56	182	53:15
78043	2059	287	127	183	53:43
78044	2712	287	57	184	53:47
78045	2713	287	128	185	53:47
78046	1729	287	58	186	53:59
78047	2780	287	129	187	54:03
78048	1783	287	130	188	54:05
78049	1608	287	131	189	54:10
78050	2746	287	59	190	54:12
78051	1654	287	60	191	54:16
78052	1957	287	132	192	54:19
78053	1982	287	61	193	54:21
78054	2264	287	62	194	54:30
78055	1717	287	63	195	54:32
78056	2700	287	133	196	54:37
78057	1714	287	64	197	54:38
78058	2371	287	134	198	54:42
78059	1705	287	65	199	54:55
78060	1664	287	66	200	55:05
78061	1697	287	67	201	55:07
78062	1517	287	135	202	55:13
78063	1795	287	136	203	55:16
78064	3550	287	137	204	55:26
78065	3064	287	68	205	55:30
78066	1922	287	138	206	55:36
78067	2929	287	69	207	55:39
78068	2507	287	70	208	55:49
78069	1980	287	71	209	56:02
78070	2362	287	72	210	56:12
78071	2922	287	73	211	57:00
78072	2909	287	74	212	57:08
78073	1784	287	139	213	57:11
78074	2994	287	75	214	57:42
78075	1744	287	140	215	57:58
78076	1842	287	141	216	58:13
78077	2388	287	142	217	58:15
78078	1722	287	76	218	58:16
78079	1787	287	77	219	58:21
78080	2418	287	78	220	58:29
78081	2391	287	79	221	58:59
78082	1793	287	143	222	58:59
78083	2923	287	80	223	59:13
78084	2931	287	144	224	59:21
78085	2591	287	81	225	59:32
78086	2854	287	82	226	59:34
78087	2426	287	145	227	59:44
78088	2836	287	83	228	59:53
78089	1733	287	146	229	1:00:30
78090	1700	287	147	230	1:00:31
78091	2383	287	148	231	1:00:32
78092	1803	287	84	232	1:00:40
78093	1998	287	85	233	1:00:44
78094	1807	287	149	234	1:01:02
78095	2190	287	86	235	1:01:40
78096	2686	287	150	236	1:01:59
78097	1723	287	151	237	1:02:06
78098	1811	287	152	238	1:02:33
78099	1453	287	153	239	1:04:22
78100	1781	287	154	240	1:04:23
78101	1845	287	87	241	1:04:36
78102	3256	287	88	242	1:04:53
78103	2992	287	89	243	1:05:35
78104	1433	270	1	1	28:36
78105	3151	270	2	2	30:34
78106	1444	270	3	3	31:12
78107	2216	270	4	4	31:18
78108	3551	270	5	5	31:29
78109	1436	270	6	6	32:30
78110	1450	270	7	7	32:38
78111	1852	270	1	8	32:42
78112	3552	270	8	9	33:06
78113	1463	270	9	10	33:20
78114	1596	270	10	11	33:22
78115	2205	270	2	12	33:33
78116	3553	270	11	13	33:43
78117	1546	270	12	14	34:00
78118	1454	270	13	15	34:03
78119	1499	270	14	16	34:17
78120	1456	270	15	17	34:17
78121	1927	270	16	18	34:18
78122	2110	270	17	19	34:19
78123	1440	270	18	20	34:27
78124	1476	270	19	21	34:32
78125	3507	270	20	22	34:44
78126	1441	270	21	23	34:51
78127	1474	270	3	24	34:52
78128	1511	270	22	25	35:04
78129	1475	270	23	26	35:05
78130	1460	270	24	27	35:19
78131	3554	270	25	28	35:20
78132	1489	270	26	29	35:30
78133	1863	270	27	30	35:44
78134	2221	270	28	31	35:46
78135	2329	270	29	32	35:51
78136	1466	270	30	33	35:54
78137	1452	270	31	34	36:22
78138	2024	270	4	35	36:29
78139	3555	270	32	36	36:47
78140	1503	270	33	37	37:00
78141	3556	270	34	38	37:05
78142	2573	270	35	39	37:07
78143	3557	270	36	40	37:11
78144	3114	270	5	41	37:14
78145	2762	270	37	42	37:20
78146	1480	270	38	43	37:23
78147	1591	270	39	44	37:36
78148	1498	270	40	45	37:41
78149	2038	270	41	46	38:02
78150	1502	270	42	47	38:07
78151	2223	270	43	48	38:12
78152	1487	270	44	49	38:22
78153	1517	270	45	50	38:23
78155	3559	270	46	52	38:28
78156	1505	270	7	53	38:29
78157	1504	270	47	54	38:30
78158	3560	270	48	55	38:31
78159	3561	270	49	56	38:34
78160	3562	270	50	57	38:46
78161	2233	270	51	58	38:50
78162	2225	270	52	59	38:54
78163	3156	270	53	60	38:56
78164	3563	270	8	61	39:00
78165	3564	270	9	62	39:03
78166	3565	270	54	63	39:05
78167	1942	270	55	64	39:14
78168	3566	270	56	65	39:15
78169	1716	270	57	66	39:15
78170	1524	270	58	67	39:26
78171	1534	270	10	68	39:28
78172	1869	270	59	69	39:37
78173	1512	270	60	70	39:39
78174	3567	270	11	71	39:43
78175	1962	270	61	72	39:45
78176	1556	270	62	73	39:47
78177	1484	270	63	74	39:49
78178	2234	270	12	75	39:51
78179	3568	270	64	76	39:52
78180	1549	270	65	77	39:57
78181	2335	270	66	78	39:58
78182	1637	270	67	79	40:08
78183	1533	270	68	80	40:11
78184	1467	270	69	81	40:15
78185	2347	270	13	82	40:16
78186	3569	270	14	83	40:21
78187	3570	270	15	84	40:22
78188	1940	270	70	85	40:29
78189	1638	270	71	86	40:30
78190	1519	270	72	87	40:33
78191	1490	270	73	88	40:45
78192	1880	270	74	89	40:46
78193	3571	270	75	90	40:51
78194	1606	270	76	91	40:52
78195	3256	270	16	92	40:59
78196	3572	270	77	93	41:01
78197	2229	270	78	94	41:04
78198	1508	270	79	95	41:14
78199	3573	270	17	96	41:16
78200	1578	270	80	97	41:17
78201	1928	270	81	98	41:32
78202	1634	270	82	99	41:37
78203	1515	270	83	100	41:38
78204	1639	270	84	101	41:53
78205	1730	270	85	102	41:59
78206	2017	270	18	103	42:04
78207	2249	270	86	104	42:13
78208	1633	270	87	105	42:23
78209	3574	270	88	106	42:34
78210	1584	270	89	107	42:35
78211	1604	270	90	108	42:38
78212	3575	270	91	109	42:39
78213	3576	270	19	110	42:40
78214	2049	270	92	111	43:02
78215	1479	270	93	112	43:20
78216	1627	270	94	113	43:26
78217	3542	270	20	114	43:32
78218	3577	270	21	115	43:33
78219	3578	270	22	116	43:34
78220	1622	270	23	117	43:50
78221	2246	270	95	118	43:52
78222	1677	270	24	119	43:53
78223	3579	270	96	120	43:54
78224	3234	270	97	121	43:56
78225	3580	270	25	122	44:00
78226	3162	270	98	123	44:05
78227	3581	270	99	124	44:36
78228	3188	270	100	125	44:45
78229	1539	270	101	126	44:47
78230	1580	270	102	127	44:48
78231	1600	270	103	128	44:49
78232	3582	270	104	129	44:51
78233	3526	270	105	130	45:01
78234	1612	270	106	131	45:03
78235	1523	270	26	132	45:04
78236	3583	270	27	133	45:05
78237	1653	270	107	134	45:11
78238	2244	270	28	135	45:12
78239	3584	270	29	136	45:15
78240	1681	270	30	137	45:19
78241	3585	270	31	138	45:25
78242	1594	270	32	139	45:29
78243	2258	270	33	140	45:43
78244	1616	270	108	141	45:48
78245	3586	270	109	142	45:52
78246	3587	270	34	143	45:52
78247	1737	270	35	144	45:54
78248	3187	270	36	145	45:55
78249	3588	270	110	146	45:56
78250	1574	270	111	147	45:59
78251	1901	270	37	148	46:09
78252	2139	270	112	149	46:11
78253	1664	270	38	150	46:16
78254	3229	270	39	151	46:16
78255	1906	270	113	152	46:25
78256	3589	270	40	153	46:26
78257	1971	270	41	154	46:32
78258	1592	270	42	155	46:37
78259	1657	270	114	156	46:40
78260	1958	270	115	157	46:43
78261	3590	270	116	158	46:49
78262	1667	270	43	159	46:58
78263	2667	270	117	160	47:00
78264	3591	270	118	161	47:08
78265	1899	270	119	162	47:12
78266	3236	270	120	163	47:17
78267	3592	270	121	164	47:20
78268	2207	270	44	165	47:21
78269	2273	270	45	166	47:33
78270	1623	270	122	167	47:35
78271	1660	270	123	168	47:58
78272	3511	270	46	169	47:59
78273	3593	270	124	170	48:01
78274	1856	270	125	171	48:05
78275	2272	270	47	172	48:12
78276	1611	270	126	173	48:16
78277	1995	270	48	174	48:18
78278	2097	270	49	175	48:19
78279	2368	270	50	176	48:22
78280	1688	270	127	177	48:25
78281	1905	270	128	178	48:26
78282	1965	270	129	179	48:27
78283	1747	270	130	180	48:37
78284	1575	270	131	181	48:41
78285	1975	270	51	182	48:48
78286	1693	270	52	183	48:50
78287	1758	270	132	184	48:51
78288	1912	270	133	185	49:04
78289	1619	270	53	186	49:06
78290	1908	270	54	187	49:07
78291	1689	270	134	188	49:08
78292	3594	270	55	189	49:09
78293	3433	270	135	190	49:14
78294	3237	270	56	191	49:19
78295	1589	270	136	192	49:23
78296	1645	270	137	193	49:42
78297	3595	270	138	194	49:44
78298	2427	270	57	195	49:49
78299	1898	270	139	196	49:49
78300	1774	270	140	197	49:50
78301	1746	270	141	198	49:53
78302	2264	270	58	199	49:54
78303	1717	270	59	200	49:56
78304	3596	270	60	201	50:08
78305	2277	270	61	202	50:10
78306	1779	270	62	203	50:14
78307	3034	270	63	204	50:21
78308	1735	270	64	205	50:25
78309	3597	270	65	206	50:30
78310	3598	270	142	207	50:44
78311	1740	270	66	208	50:44
78312	1678	270	143	209	50:45
78313	1981	270	67	210	50:49
78314	1988	270	68	211	50:50
78315	1887	270	69	212	50:53
78316	1700	270	144	213	50:54
78317	1701	270	145	214	50:56
78318	1989	270	70	215	51:00
78319	1795	270	146	216	51:03
78320	2700	270	147	217	51:04
78321	1691	270	71	218	51:12
78322	1969	270	72	219	51:24
78323	2485	270	73	220	51:28
78324	3599	270	74	221	51:29
78325	1781	270	148	222	51:30
78326	2058	270	75	223	51:33
78327	1842	270	149	224	51:39
78328	3600	270	76	225	51:45
78329	1963	270	150	226	51:49
78330	3166	270	77	227	52:04
78331	3601	270	151	228	52:09
78332	1605	270	152	229	52:10
78333	1666	270	78	230	52:11
78334	2520	270	79	231	52:11
78335	2276	270	80	232	52:15
78336	3602	270	81	233	52:16
78337	1699	270	153	234	52:21
78338	1702	270	154	235	52:23
78339	2144	270	82	236	52:24
78340	3168	270	155	237	52:27
78341	2296	270	83	238	52:47
78342	3603	270	156	239	52:49
78343	2282	270	84	240	52:56
78344	1715	270	85	241	53:00
78345	1687	270	86	242	53:29
78346	3230	270	157	243	53:40
78347	3164	270	87	244	53:42
78348	3227	270	158	245	53:51
78349	1993	270	88	246	53:57
78350	1983	270	89	247	54:06
78351	1805	270	90	248	54:12
78352	1979	270	91	249	54:15
78353	3524	270	159	250	54:16
78354	1656	270	92	251	54:19
78355	2299	270	93	252	54:28
78356	3604	270	94	253	54:31
78357	1980	270	95	254	54:50
78358	2073	270	160	255	54:59
78359	1801	270	96	256	55:08
78360	2587	270	97	257	55:19
78361	3605	270	161	258	55:41
78362	1814	270	162	259	55:43
78363	2297	270	98	260	55:45
78364	3606	270	99	261	56:05
78365	3607	270	100	262	56:06
78366	1752	270	101	263	56:24
78367	2302	270	102	264	56:29
78368	1770	270	103	265	56:45
78369	1797	270	163	266	57:06
78370	3232	270	104	267	57:16
78371	1728	270	105	268	57:17
78372	2293	270	106	269	57:51
78373	2410	270	164	270	58:13
78374	2854	270	107	271	58:23
78375	3506	270	108	272	59:12
78376	1829	270	165	273	59:33
78377	1788	270	166	274	59:35
78378	1755	270	109	275	59:50
78379	1807	270	167	276	1:00:11
78380	1776	270	110	277	1:00:32
78381	3608	270	111	278	1:01:25
78382	3609	270	112	279	1:01:40
78383	1791	270	113	280	1:01:53
78384	1999	270	114	281	1:01:58
78385	2294	270	115	282	1:03:08
78386	2300	270	116	283	1:03:12
78387	3610	270	168	284	1:03:16
78388	2309	270	117	285	1:04:11
78389	2079	270	118	286	1:05:05
78390	1821	270	119	287	1:05:50
78391	2310	270	120	288	1:05:51
78392	1822	270	121	289	1:05:53
78393	1763	270	122	290	1:06:17
78394	1845	270	123	291	1:06:18
78395	1918	270	124	292	1:06:19
78396	2080	270	125	293	1:08:11
78397	2314	270	126	294	1:08:46
78398	1733	270	169	295	1:12:21
78399	3611	270	170	296	1:20:33
78154	1647	270	6	51	38:24
78400	1433	271	1	1	17:12
78401	3151	271	2	2	18:18
78402	3612	271	3	3	18:30
78403	2216	271	4	4	19:07
78404	1444	271	5	5	19:26
78405	1437	271	6	6	19:29
78406	3553	271	7	7	19:29
78407	1596	271	8	8	19:30
78408	1852	271	1	9	19:39
78409	1456	271	9	10	19:55
78410	2205	271	2	11	20:01
78411	3554	271	10	12	20:02
78412	1450	271	11	13	20:05
78413	1463	271	12	14	20:10
78414	1452	271	13	15	20:11
78415	1439	271	14	16	20:14
78416	1546	271	15	17	20:16
78417	1854	271	16	18	20:26
78418	1499	271	17	19	20:28
78419	1441	271	18	20	20:33
78420	1454	271	19	21	20:33
78421	3507	271	20	22	20:35
78422	1927	271	21	23	20:39
78423	1476	271	22	24	20:44
78424	1440	271	23	25	20:50
78425	1489	271	24	26	20:57
78426	1467	271	25	27	21:03
78427	3613	271	26	28	21:08
78428	1466	271	27	29	21:29
78429	1475	271	28	30	21:33
78430	2762	271	29	31	21:43
78431	1436	271	30	32	21:46
78432	1521	271	31	33	21:57
78433	3114	271	3	34	21:59
78434	3555	271	32	35	22:01
78435	3562	271	33	36	22:02
78436	1591	271	34	37	22:04
78437	1503	271	35	38	22:07
78438	3560	271	36	39	22:19
78439	1502	271	37	40	22:25
78440	1487	271	38	41	22:32
78441	1518	271	4	42	22:34
78442	2223	271	39	43	22:39
78443	1516	271	40	44	22:44
78444	3566	271	41	45	22:50
78445	2233	271	42	46	22:53
78446	3559	271	43	47	23:01
78447	1477	271	5	48	23:08
78448	1517	271	44	49	23:11
78449	1498	271	45	50	23:11
78450	1510	271	46	51	23:13
78451	1512	271	47	52	23:15
78452	1716	271	48	53	23:17
78453	3574	271	49	54	23:22
78454	3234	271	50	55	23:38
78455	1469	271	51	56	23:39
78456	2335	271	52	57	23:42
78457	1965	271	53	58	23:46
78458	1504	271	54	59	23:49
78459	1515	271	55	60	23:52
78460	1647	271	6	61	23:55
78461	1484	271	56	62	23:57
78462	3614	271	57	63	23:59
78463	1962	271	58	64	24:02
78464	1519	271	59	65	24:04
78465	3568	271	60	66	24:13
78466	1940	271	61	67	24:15
78467	1556	271	62	68	24:22
78468	1490	271	63	69	24:26
78469	1638	271	64	70	24:33
78470	3565	271	65	71	24:39
78471	3581	271	66	72	24:40
78472	3569	271	7	73	24:42
78473	3571	271	67	74	24:44
78474	1578	271	68	75	24:56
78475	3221	271	69	76	24:59
78476	2225	271	70	77	24:59
78477	1637	271	71	78	25:07
78478	1485	271	8	79	25:11
78479	1622	271	9	80	25:26
78480	3615	271	72	81	25:30
78481	3580	271	10	82	25:31
78482	3588	271	73	83	25:32
78483	3561	271	74	84	25:38
78484	2878	271	75	85	25:39
78485	1677	271	11	86	25:39
78486	1508	271	76	87	25:40
78487	1594	271	12	88	25:41
78488	3616	271	77	89	25:42
78489	1580	271	78	90	25:44
78490	1539	271	79	91	25:45
78491	1952	271	80	92	25:51
78492	1606	271	81	93	25:52
78493	3567	271	13	94	25:58
78494	2248	271	14	95	25:59
78495	2229	271	82	96	26:00
78496	1654	271	15	97	26:17
78497	1888	271	16	98	26:18
78498	1524	271	83	99	26:20
78499	1880	271	84	100	26:22
78500	2246	271	85	101	26:37
78501	2120	271	86	102	26:38
78502	1604	271	87	103	26:42
78503	1887	271	17	104	26:45
78504	3593	271	88	105	26:47
78505	3526	271	89	106	26:48
78506	1605	271	90	107	26:51
78507	1901	271	18	108	26:54
78508	1715	271	19	109	26:58
78509	3585	271	20	110	27:01
78510	1747	271	91	111	27:02
78511	3187	271	21	112	27:06
78512	2667	271	92	113	27:07
78513	2263	271	22	114	27:13
78514	1774	271	93	115	27:15
78515	2124	271	23	116	27:15
78516	3617	271	94	117	27:17
78517	2007	271	24	118	27:27
78518	1616	271	95	119	27:28
78519	3107	271	25	120	27:30
78520	3229	271	26	121	27:33
78521	3511	271	27	122	27:35
78522	3618	271	96	123	27:37
78523	3188	271	97	124	27:38
78524	2689	271	28	125	27:42
78525	1612	271	98	126	27:43
78526	3619	271	29	127	27:45
78527	3433	271	99	128	27:46
78528	3620	271	100	129	27:52
78529	1722	271	30	130	27:53
78530	1681	271	31	131	27:55
78531	1634	271	101	132	28:00
78532	2273	271	32	133	28:01
78533	1717	271	33	134	28:08
78534	1905	271	102	135	28:11
78535	1664	271	34	136	28:18
78536	2169	271	103	137	28:21
78537	3621	271	104	138	28:21
78538	3597	271	35	139	28:22
78539	1921	271	36	140	28:23
78540	1619	271	37	141	28:25
78541	2102	271	105	142	28:26
78542	1645	271	106	143	28:28
78543	1908	271	38	144	28:31
78544	3595	271	107	145	28:44
78545	1899	271	108	146	28:52
78546	1657	271	109	147	29:02
78547	2553	271	39	148	29:04
78548	1958	271	110	149	29:13
78549	3195	271	40	150	29:16
78550	3237	271	41	151	29:21
78551	1714	271	42	152	29:29
78552	3622	271	43	153	29:34
78553	1735	271	44	154	29:34
78554	3603	271	111	155	29:36
78555	2700	271	112	156	29:38
78556	2064	271	45	157	29:42
78557	2387	271	46	158	29:46
78558	1628	271	113	159	29:50
78559	3623	271	47	160	30:02
78560	2058	271	48	161	30:04
78561	3607	271	49	162	30:09
78562	1718	271	114	163	30:10
78563	2297	271	50	164	30:20
78564	1993	271	51	165	30:22
78565	3624	271	115	166	30:23
78566	1689	271	116	167	30:26
78567	3599	271	52	168	30:26
78568	3625	271	53	169	30:27
78569	2403	271	117	170	30:36
78570	2144	271	54	171	30:40
78571	1663	271	118	172	30:43
78572	1856	271	119	173	30:45
78573	3197	271	55	174	30:48
78574	2485	271	56	175	30:49
78575	2247	271	57	176	30:54
78576	1656	271	58	177	31:00
78577	1740	271	59	178	31:02
78578	2296	271	60	179	31:03
78579	1969	271	61	180	31:13
78580	2277	271	62	181	31:17
78581	3626	271	63	182	31:36
78582	3627	271	64	183	31:38
78583	1707	271	65	184	31:41
78584	2368	271	66	185	31:42
78585	1918	271	67	186	31:43
78586	2187	271	120	187	31:56
78587	1917	271	121	188	31:58
78588	1980	271	68	189	32:03
78589	1964	271	69	190	32:07
78590	2276	271	70	191	32:09
78591	2293	271	71	192	32:15
78592	3628	271	72	193	32:15
78593	1795	271	122	194	32:17
78594	3167	271	73	195	32:19
78595	3629	271	123	196	32:20
78596	3630	271	74	197	32:20
78597	3168	271	124	198	32:23
78598	3631	271	75	199	32:33
78599	1766	271	76	200	32:37
78600	1691	271	77	201	32:39
78601	2299	271	78	202	32:49
78602	2586	271	79	203	32:54
78603	3632	271	80	204	33:11
78604	2255	271	125	205	33:25
78605	1957	271	126	206	33:34
78606	2924	271	81	207	33:45
78607	2291	271	82	208	34:00
78608	1683	271	127	209	34:01
78609	2412	271	128	210	34:08
78610	1743	271	129	211	34:12
78611	1813	271	83	212	34:13
78612	1814	271	130	213	34:14
78613	3203	271	131	214	34:23
78614	1803	271	84	215	34:32
78615	2280	271	132	216	34:36
78616	3633	271	85	217	34:52
78617	2176	271	133	218	35:02
78618	1829	271	134	219	35:12
78619	3634	271	86	220	35:15
78620	2313	271	87	221	35:28
78621	1770	271	88	222	35:33
78622	3246	271	135	223	35:39
78623	2079	271	89	224	35:55
78624	2312	271	136	225	36:01
78625	2320	271	90	226	36:02
78626	1989	271	91	227	36:02
78627	2300	271	92	228	36:24
78628	3608	271	93	229	36:28
78629	2147	271	94	230	37:01
78630	1790	271	137	231	37:03
78631	1737	271	95	232	37:04
78632	2310	271	96	233	37:24
78633	1821	271	97	234	37:28
78634	1822	271	98	235	38:29
78635	1781	271	138	236	38:30
78636	1787	271	99	237	38:55
78637	1723	271	139	238	38:56
78638	3183	271	140	239	39:20
78639	3635	271	100	240	39:57
78640	3636	271	141	241	39:57
78641	3211	271	101	242	43:37
78642	1549	271	142	243	44:24
78643	3637	271	102	244	44:25
78644	3638	271	103	245	44:27
78645	3639	271	104	246	45:41
78646	3151	273	1	1	28:03
78647	3551	273	2	2	28:37
78648	2216	273	3	3	29:23
78649	1450	273	4	4	30:12
78650	1596	273	5	5	30:15
78651	2245	273	1	6	30:39
78652	1444	273	6	7	31:09
78653	1476	273	7	8	31:11
78654	1454	273	8	9	32:04
78655	1927	273	9	10	32:05
78656	3153	273	10	11	32:26
78657	2110	273	11	12	32:32
78658	1466	273	12	13	32:55
78659	3507	273	13	14	33:00
78660	1436	273	14	15	33:10
78661	1489	273	15	16	33:14
78662	1473	273	16	17	33:16
78663	1452	273	17	18	33:19
78664	2329	273	18	19	33:24
78665	2221	273	19	20	33:38
78666	3562	273	20	21	33:51
78667	2205	273	2	22	34:03
78668	1456	273	21	23	34:14
78669	1474	273	3	24	34:17
78670	1521	273	22	25	34:21
78671	1517	273	23	26	34:30
78672	1695	273	24	27	34:32
78673	3559	273	25	28	34:34
78674	2762	273	26	29	34:41
78675	1469	273	27	30	34:45
78676	1440	273	28	31	34:51
78677	1502	273	29	32	34:55
78678	1942	273	30	33	35:01
78679	1929	273	31	34	35:03
78680	1516	273	32	35	35:05
78681	3555	273	33	36	35:12
78682	1930	273	34	37	35:14
78683	3560	273	35	38	35:19
78684	3561	273	36	39	35:22
78685	3566	273	37	40	35:23
78686	3557	273	38	41	35:29
78687	1498	273	39	42	35:33
78688	3565	273	40	43	35:36
78689	2223	273	41	44	35:45
78690	2234	273	4	45	35:47
78691	1716	273	42	46	35:52
78692	1647	273	5	47	35:56
78693	1534	273	6	48	36:07
78694	3571	273	43	49	36:12
78695	1510	273	44	50	36:16
78696	1591	273	45	51	36:19
78697	1533	273	46	52	36:24
78698	1487	273	47	53	36:30
78699	3574	273	48	54	36:33
78700	1515	273	49	55	36:36
78701	1834	273	50	56	36:40
78702	3563	273	7	57	37:00
78703	1512	273	51	58	37:02
78704	3570	273	8	59	37:06
78705	1505	273	9	60	37:10
78706	1519	273	52	61	37:12
78707	1484	273	53	62	37:14
78708	3568	273	54	63	37:19
78709	2233	273	55	64	37:25
78710	1940	273	56	65	37:31
78711	1549	273	57	66	37:41
78712	1962	273	58	67	37:48
78713	3569	273	10	68	37:56
78714	1506	273	59	69	37:58
78715	2224	273	60	70	38:01
78716	3221	273	61	71	38:09
78717	1490	273	62	72	38:25
78718	1578	273	63	73	38:28
78719	1637	273	64	74	38:35
78720	1639	273	65	75	38:40
78721	2335	273	66	76	38:41
78722	1627	273	67	77	39:06
78723	1485	273	11	78	39:19
78724	3590	273	68	79	39:35
78725	1523	273	12	80	39:43
78726	2246	273	69	81	39:50
78727	3183	273	70	82	39:57
78728	1653	273	71	83	40:02
78729	2249	273	72	84	40:05
78730	3580	273	13	85	40:07
78731	1606	273	73	86	40:10
78732	3640	273	14	87	40:25
78733	3567	273	15	88	40:44
78734	3573	273	16	89	40:58
78735	2248	273	17	90	41:02
78736	1594	273	18	91	41:03
78737	3641	273	74	92	41:05
78738	1887	273	19	93	41:07
78739	1539	273	75	94	41:09
78740	3578	273	20	95	41:16
78741	1654	273	21	96	41:21
78742	3526	273	76	97	41:23
78743	1965	273	77	98	41:37
78744	1612	273	78	99	42:01
78745	3585	273	22	100	42:04
78746	1872	273	79	101	42:12
78747	1657	273	80	102	42:19
78748	3229	273	23	103	42:30
78749	3586	273	81	104	42:33
78750	2285	273	82	105	42:35
78751	2258	273	24	106	42:37
78752	1623	273	83	107	42:42
78753	1901	273	25	108	42:47
78754	3593	273	84	109	42:55
78755	3588	273	85	110	42:59
78756	2667	273	86	111	43:08
78757	1722	273	26	112	43:17
78758	3589	273	27	113	43:18
78759	1689	273	87	114	43:31
78760	2272	273	28	115	43:46
78761	2281	273	29	116	43:47
78762	2247	273	30	117	43:48
78763	3433	273	88	118	44:06
78764	1677	273	31	119	44:30
78765	1774	273	89	120	44:39
78766	3642	273	90	121	44:56
78767	1897	273	32	122	45:03
78768	3594	273	33	123	45:08
78769	2135	273	91	124	45:09
78770	1910	273	92	125	45:21
78771	1667	273	34	126	45:26
78772	2007	273	35	127	45:29
78773	2244	273	36	128	45:31
78774	1921	273	37	129	45:34
78775	1905	273	93	130	45:38
78776	3622	273	38	131	45:48
78777	1592	273	39	132	45:56
78778	1688	273	94	133	46:08
78779	2485	273	40	134	46:19
78780	3625	273	41	135	46:20
78781	1619	273	42	136	46:24
78782	1908	273	43	137	46:25
78783	2277	273	44	138	46:38
78784	3623	273	45	139	46:40
78785	3597	273	46	140	46:53
78786	1856	273	95	141	46:57
78787	1699	273	96	142	47:00
78788	1574	273	97	143	47:06
78789	3643	273	47	144	47:10
78790	2287	273	48	145	47:11
78791	3197	273	49	146	47:25
78792	1735	273	50	147	47:34
78793	1842	273	98	148	47:38
78794	1969	273	51	149	47:41
78795	1693	273	52	150	47:44
78796	3168	273	99	151	47:47
78797	1718	273	100	152	47:52
78798	1781	273	101	153	47:54
78799	1749	273	53	154	47:55
78800	3598	273	102	155	47:57
78801	1678	273	103	156	47:58
78802	1714	273	54	157	48:05
78803	2553	273	55	158	48:14
78804	3583	273	56	159	48:18
78805	1975	273	57	160	48:20
78806	1912	273	104	161	48:22
78807	1707	273	58	162	48:25
78808	3232	273	59	163	48:30
78809	1728	273	60	164	48:33
78810	3631	273	61	165	48:41
78811	3644	273	105	166	48:42
78812	2207	273	62	167	48:56
78813	1656	273	63	168	49:01
78814	3645	273	106	169	49:11
78815	2274	273	107	170	49:13
78816	2264	273	64	171	49:17
78817	3646	273	108	172	49:30
78818	2257	273	65	173	49:37
78819	2282	273	66	174	49:38
78820	1957	273	109	175	49:39
78821	1717	273	67	176	49:43
78822	2296	273	68	177	49:47
78823	1899	273	110	178	49:50
78824	1917	273	111	179	50:00
78825	1964	273	69	180	50:38
78826	3605	273	112	181	50:57
78827	1953	273	113	182	51:01
78828	3647	273	114	183	51:03
78829	1701	273	115	184	51:14
78830	2144	273	70	185	51:19
78831	3443	273	71	186	51:42
78832	2276	273	72	187	51:53
78833	2586	273	73	188	51:57
78834	1795	273	116	189	52:26
78835	2058	273	74	190	52:28
78836	1801	273	75	191	53:00
78837	1770	273	76	192	53:03
78838	1979	273	77	193	53:06
78839	1918	273	78	194	54:11
78840	2293	273	79	195	54:34
78841	2299	273	80	196	55:11
78842	3610	273	117	197	55:32
78843	1769	273	81	198	55:51
78844	1807	273	118	199	56:15
78845	3107	273	82	200	56:31
78846	1813	273	83	201	56:32
78847	2320	273	84	202	56:45
78848	2313	273	85	203	56:46
78849	3506	273	86	204	57:38
78850	2309	273	87	205	57:54
78851	1691	273	88	206	58:32
78852	3608	273	89	207	58:57
78853	2300	273	90	208	59:31
78854	1829	273	119	209	59:33
78855	1836	273	120	210	1:01:06
78856	2079	273	91	211	1:01:52
78857	1845	273	92	212	1:02:25
78858	1822	273	93	213	1:02:49
78859	2310	273	94	214	1:03:15
78860	2314	273	95	215	1:03:23
78861	1646	273	96	216	1:03:29
78862	1821	273	97	217	1:04:45
78863	3151	274	1	1	47:53
78864	3551	274	2	2	48:11
78865	2824	274	3	3	49:52
78866	2216	274	4	4	49:55
78867	1450	274	5	5	50:55
78868	1444	274	6	6	52:00
78869	1463	274	7	7	52:06
78870	1596	274	8	8	52:13
78871	1852	274	1	9	52:22
78872	1437	274	9	10	52:26
78873	1546	274	10	11	52:30
78874	2205	274	2	12	52:40
78875	1448	274	11	13	52:46
78876	3648	274	12	14	53:44
78877	1476	274	13	15	53:50
78878	2110	274	14	16	53:51
78879	1927	274	15	17	53:58
78880	1454	274	16	18	54:24
78881	3152	274	17	19	54:29
78882	1499	274	18	20	54:32
78883	1436	274	19	21	54:45
78884	1452	274	20	22	54:52
78885	1439	274	21	23	55:13
78886	1440	274	22	24	55:48
78887	1489	274	23	25	56:07
78888	1518	274	3	26	56:27
78889	1441	274	24	27	56:30
78890	2221	274	25	28	56:43
78891	1466	274	26	29	56:44
78892	1475	274	27	30	57:02
78893	3555	274	28	31	57:50
78894	1521	274	29	32	57:56
78895	1474	274	4	33	58:00
78896	3649	274	30	34	58:13
78897	3561	274	31	35	58:31
78898	1503	274	32	36	58:48
78899	3559	274	33	37	58:57
78900	3114	274	5	38	59:07
78901	3650	274	6	39	59:19
78902	3217	274	34	40	59:40
78903	1512	274	35	41	59:49
78904	1647	274	7	42	59:59
78905	1880	274	36	43	1:00:03
78906	1591	274	37	44	1:00:06
78907	3557	274	38	45	1:00:10
78908	3651	274	8	46	1:00:15
78909	2223	274	39	47	1:00:29
78910	1510	274	40	48	1:00:33
78911	1928	274	41	49	1:00:46
78912	1898	274	42	50	1:00:59
78913	1502	274	43	51	1:01:00
78914	3562	274	44	52	1:01:03
78915	3560	274	45	53	1:01:14
78916	2038	274	46	54	1:01:21
78917	1930	274	47	55	1:01:27
78918	1498	274	48	56	1:01:31
78919	2224	274	49	57	1:01:32
78920	3563	274	9	58	1:01:36
78921	1505	274	10	59	1:01:47
78922	1534	274	11	60	1:01:56
78923	1533	274	50	61	1:02:10
78924	3569	274	12	62	1:02:23
78925	1868	274	51	63	1:02:45
78926	1487	274	52	64	1:02:47
78927	1716	274	53	65	1:03:10
78928	3568	274	54	66	1:03:16
78929	1962	274	55	67	1:03:22
78930	3234	274	56	68	1:03:51
78931	3581	274	57	69	1:03:52
78932	3566	274	58	70	1:04:08
78933	1517	274	59	71	1:04:09
78934	1869	274	60	72	1:04:11
78935	3155	274	13	73	1:04:12
78936	3652	274	14	74	1:04:15
78937	1637	274	61	75	1:04:23
78938	3640	274	15	76	1:04:31
78939	3542	274	16	77	1:04:50
78940	1515	274	62	78	1:05:13
78941	1940	274	63	79	1:05:28
78942	1485	274	17	80	1:05:30
78943	3575	274	64	81	1:05:35
78944	1604	274	65	82	1:05:44
78945	2230	274	18	83	1:05:55
78946	3574	274	66	84	1:05:57
78947	1634	274	67	85	1:06:00
78948	1545	274	19	86	1:06:04
78949	3580	274	20	87	1:06:06
78950	1606	274	68	88	1:06:08
78951	1594	274	21	89	1:06:16
78952	3573	274	22	90	1:06:19
78953	1539	274	69	91	1:06:24
78954	1639	274	70	92	1:06:28
78955	1551	274	23	93	1:06:32
78956	1872	274	71	94	1:07:01
78957	1578	274	72	95	1:07:03
78958	1519	274	73	96	1:07:05
78959	2248	274	24	97	1:07:14
78960	1536	274	74	98	1:07:52
78961	3584	274	25	99	1:08:04
78962	1506	274	75	100	1:08:38
78963	3567	274	26	101	1:08:41
78964	3161	274	27	102	1:08:58
78965	3653	274	76	103	1:08:59
78966	2246	274	77	104	1:09:01
78967	2049	274	78	105	1:09:20
78968	3577	274	28	106	1:09:40
78969	1715	274	29	107	1:09:46
78970	2249	274	79	108	1:10:00
78971	1580	274	80	109	1:10:16
78972	2258	274	30	110	1:10:19
78973	1623	274	81	111	1:10:22
78974	1631	274	31	112	1:10:29
78975	1612	274	82	113	1:11:18
78976	3589	274	32	114	1:11:21
78977	3654	274	83	115	1:11:22
78978	3585	274	33	116	1:11:35
78979	1887	274	34	117	1:11:46
78980	3183	274	84	118	1:12:00
78981	3655	274	85	119	1:12:03
78982	3572	274	86	120	1:12:05
78983	1901	274	35	121	1:12:09
78984	3616	274	87	122	1:12:10
78985	2227	274	88	123	1:12:12
78986	3237	274	36	124	1:12:13
78987	3162	274	89	125	1:12:15
78988	3526	274	90	126	1:12:32
78989	1892	274	91	127	1:12:36
78990	1619	274	37	128	1:12:38
78991	3656	274	38	129	1:12:40
78992	3167	274	39	130	1:12:41
78993	1667	274	40	131	1:12:44
78994	3511	274	41	132	1:12:45
78995	2272	274	42	133	1:12:52
78996	1906	274	92	134	1:13:01
78997	2281	274	43	135	1:13:08
78998	3657	274	44	136	1:13:15
78999	1677	274	45	137	1:13:18
79000	3658	274	93	138	1:14:04
79001	1633	274	94	139	1:14:16
79002	3527	274	95	140	1:14:27
79003	3229	274	46	141	1:14:31
79004	2667	274	96	142	1:14:32
79005	3659	274	47	143	1:14:36
79006	3187	274	48	144	1:14:48
79007	2247	274	49	145	1:14:58
79008	2244	274	50	146	1:15:31
79009	3591	274	97	147	1:15:34
79010	2553	274	51	148	1:15:37
79011	1722	274	52	149	1:15:47
79012	3660	274	98	150	1:15:53
79013	2207	274	53	151	1:15:54
79014	1574	274	99	152	1:15:57
79015	1921	274	54	153	1:16:00
79016	3661	274	55	154	1:16:11
79017	1899	274	100	155	1:16:21
79018	1592	274	56	156	1:16:28
79019	3662	274	101	157	1:16:29
79020	3643	274	57	158	1:16:35
79021	3622	274	58	159	1:16:42
79022	2368	274	59	160	1:16:53
79023	2273	274	60	161	1:16:55
79024	1995	274	61	162	1:17:02
79025	3163	274	102	163	1:17:06
79026	2387	274	62	164	1:17:09
79027	1689	274	103	165	1:17:15
79028	2689	274	63	166	1:17:19
79029	3433	274	104	167	1:17:21
79030	2097	274	64	168	1:17:29
79031	3588	274	105	169	1:18:23
79032	1620	274	106	170	1:18:26
79033	1982	274	65	171	1:18:27
79034	3663	274	66	172	1:18:28
79035	1664	274	67	173	1:18:29
79036	1523	274	68	174	1:19:34
79037	3232	274	69	175	1:19:42
79038	1779	274	70	176	1:19:56
79039	1693	274	71	177	1:19:59
79040	2277	274	72	178	1:20:35
79041	3599	274	73	179	1:20:38
79042	1988	274	74	180	1:20:42
79043	1737	274	75	181	1:20:42
79044	2485	274	76	182	1:20:49
79045	1912	274	107	183	1:21:23
79046	3594	274	77	184	1:21:27
79047	1700	274	108	185	1:21:34
79048	1699	274	109	186	1:21:41
79049	1657	274	110	187	1:21:42
79050	1688	274	111	188	1:21:44
79051	1746	274	112	189	1:21:50
79052	1842	274	113	190	1:21:57
79053	2282	274	78	191	1:21:59
79054	2520	274	79	192	1:22:01
79055	2274	274	114	193	1:22:30
79056	1795	274	115	194	1:22:49
79057	3236	274	116	195	1:22:57
79058	1975	274	80	196	1:23:01
79059	1718	274	117	197	1:23:12
79060	1728	274	81	198	1:23:31
79061	1969	274	82	199	1:23:38
79062	1781	274	118	200	1:24:21
79063	3596	274	83	201	1:24:28
79064	1993	274	84	202	1:24:29
79065	2144	274	85	203	1:24:56
79066	1691	274	86	204	1:25:03
79067	1980	274	87	205	1:25:12
79068	2517	274	119	206	1:25:30
79069	3246	274	120	207	1:25:39
79070	1979	274	88	208	1:26:43
79071	2058	274	89	209	1:26:50
79072	2297	274	90	210	1:27:11
79073	1770	274	91	211	1:27:12
79074	1740	274	92	212	1:29:03
79075	1766	274	93	213	1:29:09
79076	1815	274	121	214	1:29:30
79077	2264	274	94	215	1:29:38
79078	1918	274	95	216	1:30:06
79079	2299	274	96	217	1:30:12
79080	1788	274	122	218	1:30:15
79081	3506	274	97	219	1:33:07
79082	3107	274	98	220	1:33:53
79083	3610	274	123	221	1:34:03
79084	1791	274	99	222	1:34:21
79085	1829	274	124	223	1:38:31
79086	1807	274	125	224	1:41:59
79087	1845	274	100	225	1:44:58
79088	2314	274	101	226	1:44:58
79089	3151	275	1	1	26:11
79090	3664	275	2	2	27:06
79091	1596	275	3	3	27:49
79092	1450	275	4	4	27:56
79093	3552	275	5	5	28:12
79094	1852	275	1	6	28:13
79095	1448	275	6	7	28:17
79096	1438	275	7	8	28:31
79097	1546	275	8	9	28:38
79098	1436	275	9	10	28:44
79099	1463	275	10	11	28:45
79100	1454	275	11	12	28:46
79101	1476	275	12	13	28:52
79102	1854	275	13	14	28:54
79103	1437	275	14	15	29:03
79104	1499	275	15	16	29:12
79105	1927	275	16	17	29:18
79106	1440	275	17	18	29:31
79107	3507	275	18	19	29:49
79108	3553	275	19	20	29:50
79109	1489	275	20	21	30:02
79110	1452	275	21	22	30:08
79111	1460	275	22	23	30:21
79112	1518	275	2	24	30:24
79113	1475	275	23	25	30:31
79114	1466	275	24	26	30:50
79115	2221	275	25	27	30:59
79116	1467	275	26	28	31:03
79117	1474	275	3	29	31:14
79118	1441	275	27	30	31:24
79119	2762	275	28	31	31:46
79120	3114	275	4	32	31:52
79121	1503	275	29	33	32:03
79122	1591	275	30	34	32:29
79123	1929	275	31	35	32:41
79124	1930	275	32	36	32:47
79125	3555	275	33	37	32:50
79126	1502	275	34	38	32:51
79127	1517	275	35	39	32:53
79128	1487	275	36	40	32:56
79129	1505	275	5	41	32:57
79130	1647	275	6	42	32:59
79131	3571	275	37	43	32:59
79132	2335	275	38	44	33:00
79133	1940	275	39	45	33:03
79134	3564	275	7	46	33:04
79135	3569	275	8	47	33:06
79136	1521	275	40	48	33:21
79137	2223	275	41	49	33:22
79138	3665	275	42	50	33:24
79139	3183	275	43	51	33:32
79140	1637	275	44	52	33:56
79141	1515	275	45	53	33:59
79142	3575	275	46	54	34:01
79143	1549	275	47	55	34:05
79144	1484	275	48	56	34:07
79145	2234	275	9	57	34:15
79146	1485	275	10	58	34:16
79147	1716	275	49	59	34:24
79148	1511	275	50	60	34:27
79149	1545	275	11	61	34:34
79150	3573	275	12	62	34:55
79151	1578	275	51	63	34:58
79152	2230	275	13	64	35:01
79153	1639	275	52	65	35:05
79154	3616	275	53	66	35:06
79155	3640	275	14	67	35:08
79156	3574	275	54	68	35:11
79157	2249	275	55	69	35:14
79158	1880	275	56	70	35:16
79159	1534	275	15	71	35:21
79160	2246	275	57	72	35:31
79161	3572	275	58	73	35:45
79162	1942	275	59	74	35:47
79163	1594	275	16	75	35:53
79164	1606	275	60	76	35:55
79165	1627	275	61	77	35:57
79166	3666	275	62	78	35:59
79167	1638	275	63	79	36:01
79168	1536	275	64	80	36:03
79169	1480	275	65	81	36:10
79170	3580	275	17	82	36:12
79171	1872	275	66	83	36:17
79172	1584	275	67	84	36:26
79173	3667	275	68	85	36:33
79174	1580	275	69	86	36:39
79175	1873	275	70	87	36:49
79176	3585	275	18	88	37:05
79177	2049	275	71	89	37:26
79178	3579	275	72	90	37:30
79179	3641	275	73	91	37:37
79180	1539	275	74	92	37:40
79181	3659	275	19	93	37:57
79182	1605	275	75	94	37:59
79183	1568	275	76	95	38:07
79184	1901	275	20	96	38:10
79185	1653	275	77	97	38:13
79186	1612	275	78	98	38:19
79187	1906	275	79	99	38:25
79188	2232	275	80	100	38:32
79189	3511	275	21	101	38:33
79190	1589	275	81	102	38:37
79191	1479	275	82	103	38:39
79192	1657	275	83	104	38:42
79193	1573	275	84	105	38:51
79194	3187	275	22	106	38:59
79195	2247	275	23	107	39:00
79196	3526	275	85	108	39:08
79197	1622	275	24	109	39:11
79198	1677	275	25	110	39:12
79199	3596	275	26	111	39:13
79200	1887	275	27	112	39:17
79201	1654	275	28	113	39:28
79202	1574	275	86	114	39:35
79203	1910	275	87	115	39:48
79204	3658	275	88	116	39:49
79205	3237	275	29	117	39:50
79206	1623	275	89	118	39:54
79207	3229	275	30	119	40:11
79208	3593	275	90	120	40:12
79209	1490	275	91	121	40:16
79210	1908	275	31	122	40:21
79211	3588	275	92	123	40:22
79212	1737	275	32	124	40:26
79213	1897	275	33	125	40:27
79214	2207	275	34	126	40:34
79215	1905	275	93	127	40:43
79216	2244	275	35	128	40:52
79217	3622	275	36	129	40:55
79218	2225	275	94	130	40:58
79219	1699	275	95	131	41:05
79220	2368	275	37	132	41:06
79221	1722	275	38	133	41:08
79222	1717	275	39	134	41:11
79223	1655	275	40	135	41:13
79224	1958	275	96	136	41:18
79225	3188	275	97	137	41:22
79226	2553	275	41	138	41:33
79227	3597	275	42	139	41:38
79228	3642	275	98	140	41:41
79229	3542	275	43	141	41:50
79230	1541	275	44	142	41:51
79231	1603	275	45	143	41:53
79232	2273	275	46	144	41:54
79233	1912	275	99	145	41:57
79234	3591	275	100	146	42:04
79235	1795	275	101	147	42:14
79236	3595	275	102	148	42:21
79237	1921	275	47	149	42:23
79238	3668	275	103	150	42:33
79239	1892	275	104	151	42:36
79240	2276	275	48	152	42:42
79241	2007	275	49	153	42:53
79242	3583	275	50	154	42:59
79243	1975	275	51	155	43:01
79244	3669	275	52	156	43:06
79245	3670	275	105	157	43:32
79246	3631	275	53	158	43:34
79247	2257	275	54	159	43:42
79248	1746	275	106	160	43:43
79249	2282	275	55	161	43:44
79250	1707	275	56	162	43:45
79251	1842	275	107	163	43:51
79252	1982	275	57	164	43:53
79253	3166	275	58	165	43:54
79254	1973	275	108	166	43:58
79255	3627	275	59	167	44:08
79256	2520	275	60	168	44:09
79257	1664	275	61	169	44:10
79258	1728	275	62	170	44:17
79259	1964	275	63	171	44:20
79260	1693	275	64	172	44:30
79261	1763	275	65	173	44:30
79262	1740	275	66	174	44:31
79263	1981	275	67	175	44:34
79264	2144	275	68	176	44:37
79265	3605	275	109	177	44:42
79266	2296	275	69	178	44:44
79267	3220	275	70	179	44:56
79268	1953	275	110	180	44:57
79269	1688	275	111	181	44:59
79270	2264	275	71	182	45:01
79271	1957	275	112	183	45:09
79272	1666	275	72	184	45:17
79273	1983	275	73	185	45:27
79274	1988	275	74	186	45:29
79275	1663	275	113	187	45:32
79276	1979	275	75	188	45:49
79277	2187	275	114	189	45:50
79278	2274	275	115	190	45:51
79279	3168	275	116	191	46:30
79280	1691	275	76	192	46:51
79281	1766	275	77	193	47:22
79282	1814	275	117	194	47:48
79283	1791	275	78	195	48:09
79284	3623	275	79	196	48:20
79285	2291	275	80	197	48:26
79286	1752	275	81	198	48:40
79287	1805	275	82	199	48:41
79288	2299	275	83	200	48:50
79289	2280	275	118	201	48:58
79290	1743	275	119	202	49:13
79291	1755	275	84	203	49:19
79292	3598	275	120	204	49:22
79293	1829	275	121	205	49:25
79294	1678	275	122	206	49:27
79295	2410	275	123	207	49:32
79296	3671	275	124	208	50:09
79297	2293	275	85	209	50:28
79298	1787	275	86	210	51:57
79299	3672	275	87	211	52:02
79300	3522	275	88	212	52:03
79301	2586	275	89	213	52:06
79302	1769	275	90	214	52:21
79303	3506	275	91	215	52:47
79304	3609	275	92	216	53:58
79305	3608	275	93	217	54:31
79306	2176	275	125	218	54:54
79307	2300	275	94	219	55:15
79308	1723	275	126	220	56:35
79309	2310	275	95	221	57:13
79310	2314	275	96	222	1:01:30
79311	1730	275	127	223	1:01:39
79312	1801	275	97	224	1:01:50
79313	1845	275	98	225	1:01:52
79314	3107	275	99	226	1:06:26
79315	1918	275	100	227	1:06:29
79316	1433	276	1	1	49:46
79317	3151	276	2	2	57:17
79318	1450	276	3	3	58:41
79319	1444	276	4	4	59:34
79320	1852	276	1	5	59:49
79321	1463	276	5	6	1:00:12
79322	3552	276	6	7	1:00:18
79323	3673	276	7	8	1:00:19
79324	2205	276	2	9	1:00:28
79325	1546	276	8	10	1:00:39
79326	1436	276	9	11	1:00:51
79327	1596	276	10	12	1:00:56
79328	1448	276	11	13	1:01:03
79329	3674	276	12	14	1:01:28
79330	3152	276	13	15	1:02:18
79331	3507	276	14	16	1:02:30
79332	1854	276	15	17	1:02:45
79333	3553	276	16	18	1:02:47
79334	1927	276	17	19	1:02:55
79335	1499	276	18	20	1:03:03
79336	1476	276	19	21	1:03:21
79337	1452	276	20	22	1:03:42
79338	1454	276	21	23	1:03:55
79339	1456	276	22	24	1:04:27
79340	1440	276	23	25	1:04:46
79341	1473	276	24	26	1:05:09
79342	1466	276	25	27	1:05:12
79343	2226	276	26	28	1:05:38
79344	1521	276	27	29	1:06:03
79345	2110	276	28	30	1:06:11
79346	2221	276	29	31	1:06:16
79347	1475	276	30	32	1:06:37
79348	1474	276	3	33	1:07:01
79349	1503	276	31	34	1:07:08
79350	2762	276	32	35	1:07:28
79351	3555	276	33	36	1:07:46
79352	3114	276	4	37	1:07:55
79353	3562	276	34	38	1:07:57
79354	1441	276	35	39	1:08:33
79355	3559	276	36	40	1:08:51
79356	1512	276	37	41	1:09:12
79357	3561	276	38	42	1:09:32
79358	1591	276	39	43	1:09:39
79359	1880	276	40	44	1:09:43
79360	1855	276	41	45	1:09:56
79361	1516	276	42	46	1:10:18
79362	2223	276	43	47	1:10:29
79363	2234	276	5	48	1:10:35
79364	1511	276	44	49	1:10:37
79365	1487	276	45	50	1:10:45
79366	1498	276	46	51	1:10:47
79367	1485	276	6	52	1:10:58
79368	1865	276	47	53	1:11:31
79369	1875	276	7	54	1:11:34
79370	1549	276	48	55	1:11:35
79371	1533	276	49	56	1:11:43
79372	1930	276	50	57	1:11:58
79373	1515	276	51	58	1:12:51
79374	3569	276	8	59	1:13:09
79375	1871	276	52	60	1:13:22
79376	3575	276	53	61	1:13:26
79377	3183	276	54	62	1:13:32
79378	2233	276	55	63	1:13:35
79379	1928	276	56	64	1:13:37
79380	3675	276	9	65	1:13:40
79381	3571	276	57	66	1:14:12
79382	2249	276	58	67	1:14:52
79383	1716	276	59	68	1:14:55
79384	1480	276	60	69	1:15:26
79385	2232	276	61	70	1:15:43
79386	1637	276	62	71	1:16:04
79387	1502	276	63	72	1:16:27
79388	1639	276	64	73	1:16:36
79389	3574	276	65	74	1:17:14
79390	2248	276	10	75	1:17:17
79391	3580	276	11	76	1:17:18
79392	1477	276	12	77	1:17:20
79393	1627	276	66	78	1:17:22
79394	3573	276	13	79	1:17:46
79395	1539	276	67	80	1:17:48
79396	3161	276	14	81	1:17:54
79397	1556	276	68	82	1:17:56
79398	1578	276	69	83	1:18:02
79399	1634	276	70	84	1:18:21
79400	3676	276	71	85	1:18:39
79401	1484	276	72	86	1:18:54
79402	3584	276	15	87	1:19:01
79403	3579	276	73	88	1:19:42
79404	1929	276	74	89	1:19:58
79405	1517	276	75	90	1:20:16
79406	1606	276	76	91	1:20:20
79407	3527	276	77	92	1:20:54
79408	3677	276	78	93	1:21:15
79409	1887	276	16	94	1:21:18
79410	3567	276	17	95	1:21:23
79411	1654	276	18	96	1:21:51
79412	1901	276	19	97	1:22:07
79413	2247	276	20	98	1:22:33
79414	1469	276	79	99	1:22:56
79415	1653	276	80	100	1:22:58
79416	1633	276	81	101	1:23:07
79417	3678	276	82	102	1:23:08
79418	3659	276	21	103	1:23:51
79419	3616	276	83	104	1:23:59
79420	3229	276	22	105	1:24:05
79421	3237	276	23	106	1:24:39
79422	3583	276	24	107	1:24:40
79423	1906	276	84	108	1:25:09
79424	1584	276	85	109	1:25:11
79425	1722	276	25	110	1:25:23
79426	3526	276	86	111	1:25:34
79427	1523	276	26	112	1:25:46
79428	3193	276	27	113	1:25:48
79429	1892	276	87	114	1:25:53
79430	1971	276	28	115	1:26:03
79431	3596	276	29	116	1:26:04
79432	3511	276	30	117	1:26:14
79433	1715	276	31	118	1:26:50
79434	1622	276	32	119	1:26:53
79435	1632	276	33	120	1:26:55
79436	1677	276	34	121	1:26:57
79437	3163	276	88	122	1:27:23
79438	2273	276	35	123	1:27:28
79439	1574	276	89	124	1:28:12
79440	2257	276	36	125	1:28:16
79441	1899	276	90	126	1:28:18
79442	2244	276	37	127	1:28:40
79443	2225	276	91	128	1:28:42
79444	1900	276	38	129	1:28:46
79445	1664	276	39	130	1:28:49
79446	3679	276	92	131	1:28:50
79447	1631	276	40	132	1:28:50
79448	3588	276	93	133	1:28:51
79449	1619	276	41	134	1:28:59
79450	2520	276	42	135	1:29:05
79451	1908	276	43	136	1:29:07
79452	1735	276	44	137	1:29:09
79453	1688	276	94	138	1:29:28
79454	3642	276	95	139	1:29:41
79455	3622	276	45	140	1:29:53
79456	1717	276	46	141	1:29:55
79457	1718	276	96	142	1:30:01
79458	3625	276	47	143	1:30:07
79459	1774	276	97	144	1:30:24
79460	1897	276	48	145	1:30:59
79461	1701	276	98	146	1:31:01
79462	1699	276	99	147	1:31:10
79463	1657	276	100	148	1:31:13
79464	1693	276	49	149	1:31:21
79465	1747	276	101	150	1:31:22
79466	3680	276	102	151	1:31:25
79467	3167	276	50	152	1:31:27
79468	1689	276	103	153	1:31:29
79469	2368	276	51	154	1:31:32
79470	1975	276	52	155	1:31:59
79471	1912	276	104	156	1:32:03
79472	1746	276	105	157	1:32:34
79473	1740	276	53	158	1:32:50
79474	3166	276	54	159	1:33:11
79475	1982	276	55	160	1:33:12
79476	3246	276	106	161	1:33:30
79477	2485	276	56	162	1:34:09
79478	3599	276	57	163	1:34:11
79479	1656	276	58	164	1:34:13
79480	2144	276	59	165	1:34:48
79481	2058	276	60	166	1:35:32
79482	1983	276	61	167	1:36:16
79483	1988	276	62	168	1:36:22
79484	1666	276	63	169	1:36:27
79485	1979	276	64	170	1:37:21
79486	1842	276	107	171	1:37:46
79487	1980	276	65	172	1:38:20
79488	2264	276	66	173	1:38:31
79489	1973	276	108	174	1:39:09
79490	1763	276	67	175	1:39:10
79491	1770	276	68	176	1:40:28
79492	1691	276	69	177	1:40:59
79493	2427	276	70	178	1:42:16
79494	1898	276	109	179	1:42:18
79495	2299	276	71	180	1:43:15
79496	1788	276	110	181	1:44:04
79497	1918	276	72	182	1:46:07
79498	1829	276	111	183	1:47:58
79499	3107	276	73	184	1:48:39
79500	1815	276	112	185	1:48:49
79501	1700	276	113	186	1:49:49
79502	3506	276	74	187	1:52:35
79503	1791	276	75	188	1:58:42
79504	2314	276	76	189	2:03:03
79505	1807	276	114	190	2:03:21
79506	1845	276	77	191	2:09:58
79507	3151	277	1	1	33:29
79508	1444	277	2	2	34:53
79509	1852	277	1	3	35:03
79510	1450	277	3	4	35:16
79511	1596	277	4	5	35:25
79512	1436	277	5	6	35:52
79513	1463	277	6	7	36:09
79514	3554	277	7	8	36:11
79515	3552	277	8	9	36:42
79516	1476	277	9	10	36:43
79517	1854	277	10	11	36:46
79518	1454	277	11	12	36:49
79519	1499	277	12	13	37:04
79520	3553	277	13	14	37:06
79521	1440	277	14	15	37:15
79522	2450	277	15	16	37:44
79523	1441	277	16	17	38:00
79524	3507	277	17	18	38:35
79525	1475	277	18	19	39:00
79526	1466	277	19	20	39:21
79527	2762	277	20	21	39:30
79528	3559	277	21	22	39:52
79529	3555	277	22	23	40:06
79530	3557	277	23	24	40:19
79531	3114	277	2	25	40:25
79532	2329	277	24	26	40:29
79533	1591	277	25	27	40:41
79534	1516	277	26	28	40:55
79535	1503	277	27	29	41:01
79536	3565	277	28	30	41:05
79537	1965	277	29	31	41:10
79538	1487	277	30	32	41:15
79539	1647	277	3	33	41:18
79540	1521	277	31	34	41:25
79541	2223	277	32	35	41:58
79542	1929	277	33	36	42:00
79543	1505	277	4	37	42:03
79544	1940	277	34	38	42:15
79545	1533	277	35	39	42:26
79546	1515	277	36	40	42:34
79547	3665	277	37	41	42:37
79548	3234	277	38	42	42:38
79549	3183	277	39	43	42:40
79550	3681	277	40	44	42:41
79551	1510	277	41	45	42:58
79552	3581	277	42	46	43:06
79553	1485	277	5	47	43:07
79554	1484	277	43	48	43:10
79555	1898	277	44	49	43:19
79556	3566	277	45	50	43:32
79557	2234	277	6	51	43:33
79558	3575	277	46	52	43:35
79559	1534	277	7	53	43:44
79560	2249	277	47	54	43:54
79561	2225	277	48	55	44:10
79562	1627	277	49	56	44:30
79563	3641	277	50	57	44:32
79564	1634	277	51	58	44:37
79565	1594	277	8	59	45:06
79566	1556	277	52	60	45:21
79567	1517	277	53	61	45:30
79568	1962	277	54	62	45:31
79569	1539	277	55	63	45:35
79570	1637	277	56	64	45:37
79571	3574	277	57	65	45:44
79572	1502	277	58	66	46:03
79573	3682	277	59	67	46:15
79574	1677	277	9	68	46:41
79575	2258	277	10	69	47:01
79576	2224	277	60	70	47:07
79577	1887	277	11	71	47:25
79578	3659	277	12	72	47:35
79579	1901	277	13	73	47:40
79580	1638	277	61	74	47:51
79581	2247	277	14	75	47:57
79582	1657	277	62	76	48:11
79583	1580	277	63	77	48:22
79584	3229	277	15	78	48:35
79585	1654	277	16	79	48:43
79586	1906	277	64	80	48:45
79587	3526	277	65	81	48:59
79588	1490	277	66	82	49:22
79589	3187	277	17	83	49:36
79590	3511	277	18	84	49:42
79591	1605	277	67	85	50:02
79592	1619	277	19	86	50:34
79593	2244	277	20	87	50:44
79594	3596	277	21	88	50:56
79595	1973	277	68	89	51:02
79596	1908	277	22	90	51:13
79597	1921	277	23	91	51:36
79598	1681	277	24	92	51:41
79599	3593	277	69	93	51:56
79600	1664	277	25	94	51:59
79601	1508	277	70	95	52:06
79602	3591	277	71	96	52:26
79603	1899	277	72	97	52:30
79604	1722	277	26	98	52:35
79605	1774	277	73	99	52:42
79606	1693	277	27	100	52:56
79607	3598	277	74	101	53:00
79608	3642	277	75	102	53:02
79609	1678	277	76	103	53:04
79610	1718	277	77	104	53:13
79611	1592	277	28	105	53:14
79612	3595	277	78	106	53:36
79613	2553	277	29	107	53:38
79614	3237	277	30	108	54:27
79615	3220	277	31	109	54:33
79616	1746	277	79	110	55:07
79617	1699	277	80	111	55:18
79618	1740	277	32	112	55:20
79619	1790	277	81	113	55:44
79620	1737	277	33	114	55:45
79621	3669	277	34	115	55:46
79622	2296	277	35	116	55:48
79623	1700	277	82	117	56:17
79624	2058	277	36	118	56:18
79625	1688	277	83	119	56:22
79626	1795	277	84	120	56:32
79627	2264	277	37	121	56:34
79628	1918	277	38	122	56:50
79629	2276	277	39	123	56:57
79630	1763	277	40	124	57:00
79631	1964	277	41	125	57:01
79632	1842	277	85	126	57:32
79633	3644	277	86	127	57:37
79634	3631	277	42	128	57:38
79635	2280	277	87	129	57:54
79636	1781	277	88	130	57:58
79637	1981	277	43	131	58:02
79638	2291	277	44	132	59:34
79639	3188	277	89	133	59:35
79640	2299	277	45	134	1:00:44
79641	1691	277	46	135	1:00:57
79642	3671	277	90	136	1:02:43
79643	1791	277	47	137	1:03:01
79644	3107	277	48	138	1:04:06
79645	1611	277	91	139	1:05:14
79646	2410	277	92	140	1:05:50
79647	1797	277	93	141	1:07:20
79648	3506	277	49	142	1:08:07
79649	1766	277	50	143	1:09:47
79650	2079	277	51	144	1:09:48
79651	2310	277	52	145	1:09:51
79652	1975	277	53	146	1:12:22
79653	1807	277	94	147	1:12:25
79654	1845	277	54	148	1:13:01
79655	3151	278	1	1	1:24:10
79656	1450	278	2	2	1:27:10
79657	1444	278	3	3	1:27:54
79658	1463	278	4	4	1:28:41
79659	1852	278	1	5	1:29:03
79660	1596	278	5	6	1:29:55
79661	1437	278	6	7	1:30:31
79662	1476	278	7	8	1:30:48
79663	1454	278	8	9	1:30:53
79664	1546	278	9	10	1:31:29
79665	1927	278	10	11	1:31:33
79666	1436	278	11	12	1:32:21
79667	1854	278	12	13	1:32:30
79668	2110	278	13	14	1:32:36
79669	3507	278	14	15	1:33:10
79670	1850	278	15	16	1:33:25
79671	1499	278	16	17	1:33:44
79672	3683	278	17	18	1:33:58
79673	3553	278	18	19	1:34:24
79674	1441	278	19	20	1:36:43
79675	2205	278	2	21	1:36:57
79676	3559	278	20	22	1:37:10
79677	3217	278	21	23	1:37:27
79678	2762	278	22	24	1:38:24
79679	1440	278	23	25	1:39:12
79680	3555	278	24	26	1:40:31
79681	1503	278	25	27	1:41:34
79682	3561	278	26	28	1:41:40
79683	3557	278	27	29	1:41:46
79684	2234	278	3	30	1:41:54
79685	1591	278	28	31	1:42:42
79686	1965	278	29	32	1:43:03
79687	1875	278	4	33	1:43:06
79688	1498	278	30	34	1:43:20
79689	1647	278	5	35	1:43:32
79690	2223	278	31	36	1:44:23
79691	1516	278	32	37	1:44:27
79692	1512	278	33	38	1:44:49
79693	1452	278	34	39	1:45:16
79694	1475	278	35	40	1:45:24
79695	1871	278	36	41	1:45:31
79696	1487	278	37	42	1:45:39
79697	1930	278	38	43	1:45:53
79698	3565	278	39	44	1:47:07
79699	3640	278	6	45	1:47:49
79700	2233	278	40	46	1:48:22
79701	1549	278	41	47	1:48:25
79702	1880	278	42	48	1:49:00
79703	1716	278	43	49	1:50:08
79704	3573	278	7	50	1:50:18
79705	3684	278	44	51	1:51:04
79706	1484	278	45	52	1:51:19
79707	1480	278	46	53	1:51:53
79708	1865	278	47	54	1:52:30
79709	1515	278	48	55	1:53:16
79710	1942	278	49	56	1:53:24
79711	1627	278	50	57	1:53:45
79712	1634	278	51	58	1:54:17
79713	1534	278	8	59	1:54:32
79714	1489	278	52	60	1:54:36
79715	1886	278	9	61	1:55:32
79716	2248	278	10	62	1:55:52
79717	1477	278	11	63	1:56:34
79718	1887	278	12	64	1:57:59
79719	3527	278	53	65	1:58:01
79720	1637	278	54	66	1:58:17
79721	3183	278	55	67	1:58:41
79722	1580	278	56	68	1:58:49
79723	1639	278	57	69	1:59:22
79724	3580	278	13	70	1:59:23
79725	1901	278	14	71	2:00:28
79726	3586	278	58	72	2:01:42
79727	3579	278	59	73	2:02:02
79728	3526	278	60	74	2:03:13
79729	3593	278	61	75	2:03:33
79730	3577	278	15	76	2:03:57
79731	1490	278	62	77	2:04:08
79732	1623	278	63	78	2:04:45
79733	3685	278	16	79	2:04:53
79734	1664	278	17	80	2:04:56
79735	1619	278	18	81	2:06:16
79736	3659	278	19	82	2:07:22
79737	3237	278	20	83	2:07:32
79738	1654	278	21	84	2:08:17
79739	1971	278	22	85	2:08:27
79740	3511	278	23	86	2:08:48
79741	2247	278	24	87	2:08:54
79742	1722	278	25	88	2:09:30
79743	2273	278	26	89	2:09:47
79744	2244	278	27	90	2:11:21
79745	1899	278	64	91	2:11:51
79746	1737	278	28	92	2:12:51
79747	3166	278	29	93	2:12:53
79748	1892	278	65	94	2:12:55
79749	1718	278	66	95	2:14:12
79750	1717	278	30	96	2:14:24
79751	1574	278	67	97	2:15:14
79752	1605	278	68	98	2:15:19
79753	1689	278	69	99	2:15:53
79754	1740	278	31	100	2:16:19
79755	1699	278	70	101	2:16:47
79756	1622	278	32	102	2:18:18
79757	1677	278	33	103	2:18:22
79758	1589	278	71	104	2:18:45
79759	1746	278	72	105	2:20:33
79760	1657	278	73	106	2:22:39
79761	1763	278	34	107	2:24:09
79762	1688	278	74	108	2:24:10
79763	1912	278	75	109	2:26:18
79764	1700	278	76	110	2:27:27
79765	3686	278	77	111	2:28:06
79766	2264	278	35	112	2:28:41
79767	3623	278	36	113	2:29:56
79768	1815	278	78	114	2:30:22
79769	1918	278	37	115	2:31:02
79770	1842	278	79	116	2:32:13
79771	1781	278	80	117	2:33:55
79772	2144	278	38	118	2:34:48
79773	1788	278	81	119	2:36:51
79774	1743	278	82	120	2:46:17
79775	1829	278	83	121	2:50:32
63128	3553	217	64	75	22:20
64273	3553	221	72	82	39:28
64797	3553	223	84	94	1:16:23
65056	3553	224	104	121	50:11
80028	3708	291	1	1	16:18
80029	3674	291	2	2	16:24
80030	3554	291	3	3	16:26
80031	1444	291	4	4	16:33
80032	1437	291	5	5	16:45
80033	1596	291	6	6	16:49
80034	3709	291	1	7	16:51
80035	1852	291	2	8	16:54
80036	1446	291	7	9	17:01
80037	1448	291	8	10	17:02
80038	2205	291	3	11	17:20
80039	1456	291	9	12	17:32
80040	1546	291	10	13	17:34
80041	1463	291	11	14	17:36
80042	1450	291	12	15	17:38
80043	2221	291	13	16	17:39
80044	1454	291	14	17	17:41
80045	1452	291	15	18	17:48
80046	1521	291	16	19	18:00
80047	1499	291	17	20	18:04
80048	3710	291	18	21	18:07
80049	1472	291	19	22	18:08
80050	2110	291	20	23	18:10
80051	3152	291	21	24	18:13
80052	1936	291	22	25	18:15
80053	2762	291	23	26	18:21
80054	3553	291	24	27	18:23
80055	1591	291	25	28	18:28
80056	1440	291	26	29	18:30
80057	1518	291	4	30	18:31
80058	3507	291	27	31	18:33
80059	1927	291	28	32	18:34
80060	1473	291	29	33	18:35
80061	3711	291	5	34	18:37
80062	1516	291	30	35	18:43
80063	1622	291	6	36	18:46
80064	2234	291	7	37	18:49
80065	3694	291	31	38	18:58
80066	3234	291	32	39	19:01
80067	3581	291	33	40	19:02
80068	1515	291	34	41	19:04
80069	3696	291	35	42	19:06
80070	1441	291	36	43	19:08
80071	1466	291	37	44	19:09
80072	2467	291	8	45	19:10
80073	1502	291	38	46	19:11
80074	1517	291	39	47	19:12
80075	1469	291	40	48	19:13
80076	1503	291	41	49	19:19
80077	3555	291	42	50	19:27
80078	3523	291	43	51	19:34
80079	3155	291	9	52	19:35
80080	3565	291	44	53	19:39
80081	3114	291	10	54	19:47
80082	1481	291	45	55	19:52
80083	1510	291	46	56	19:56
80084	2224	291	47	57	19:57
80085	3712	291	48	58	19:59
80086	1929	291	49	59	20:04
80087	1464	291	50	60	20:08
80088	2767	291	11	61	20:09
80089	1533	291	51	62	20:10
80090	2675	291	12	63	20:11
80091	3713	291	52	64	20:18
80092	3185	291	53	65	20:19
80093	2335	291	54	66	20:20
80094	2232	291	55	67	20:31
80095	1523	291	13	68	20:31
80096	1637	291	56	69	20:42
80097	1716	291	57	70	20:44
80098	1512	291	58	71	20:48
80099	3714	291	59	72	20:50
80100	3715	291	60	73	20:51
80101	3716	291	61	74	20:52
80102	3575	291	62	75	20:53
80103	1511	291	63	76	20:55
80104	3317	291	64	77	21:00
80105	1541	291	14	78	21:01
80106	1873	291	65	79	21:03
80107	1556	291	66	80	21:05
80108	3161	291	15	81	21:06
80109	1578	291	67	82	21:08
80110	3585	291	16	83	21:14
80111	2249	291	68	84	21:18
80112	3717	291	17	85	21:20
80113	3718	291	69	86	21:21
80114	1626	291	70	87	21:22
80115	3574	291	71	88	21:24
80116	1634	291	72	89	21:29
80117	3719	291	18	90	21:31
80118	2049	291	73	91	21:34
80119	3589	291	74	92	21:51
80120	1504	291	75	93	21:52
80121	1561	291	19	94	21:54
80122	1627	291	76	95	21:54
80123	3229	291	20	96	21:55
80124	1972	291	77	97	22:01
80125	3691	291	78	98	22:04
80126	3580	291	21	99	22:08
80127	2038	291	79	100	22:10
80128	3598	291	80	101	22:11
80129	1678	291	81	102	22:19
80130	3720	291	22	103	22:20
80131	1633	291	82	104	22:20
80132	1606	291	83	105	22:22
80133	1639	291	84	106	22:26
80134	3680	291	85	107	22:32
80135	3695	291	23	108	22:39
80136	1900	291	24	109	22:42
80137	3584	291	25	110	22:47
80138	3721	291	86	111	22:50
80139	1580	291	87	112	22:52
80140	3722	291	26	113	22:52
80141	3723	291	27	114	22:54
80142	1677	291	28	115	22:54
80144	1653	291	88	117	22:55
80145	3707	291	30	118	22:59
80146	1601	291	89	119	23:04
80147	3237	291	31	120	23:06
80148	1636	291	90	121	23:12
80149	2255	291	91	122	23:17
80150	1681	291	32	123	23:18
80151	1487	291	92	124	23:19
80152	1940	291	93	125	23:20
80153	1612	291	94	126	23:22
80154	3725	291	33	127	23:26
80155	1574	291	95	128	23:30
80156	3726	291	34	129	23:35
80157	1604	291	96	130	23:36
80158	2965	291	35	131	23:36
80159	1697	291	36	132	23:38
80160	2470	291	37	133	23:39
80161	1630	291	38	134	23:39
80162	3597	291	39	135	23:41
80163	1971	291	40	136	23:42
80164	1667	291	41	137	23:44
80165	3577	291	42	138	23:48
80166	1664	291	43	139	23:51
80167	3727	291	44	140	23:51
80168	3596	291	45	141	23:52
80169	1717	291	46	142	23:54
80170	1605	291	97	143	23:56
80171	3588	291	98	144	23:57
80172	3489	291	99	145	23:58
80173	2244	291	47	146	23:58
80174	3728	291	48	147	23:59
80175	1610	291	49	148	24:01
80176	3599	291	50	149	24:04
80177	1490	291	100	150	24:04
80178	3729	291	51	151	24:05
80179	2167	291	52	152	24:10
80180	1616	291	101	153	24:11
80181	1880	291	102	154	24:12
80182	2485	291	53	155	24:15
80183	1732	291	54	156	24:16
80184	3188	291	103	157	24:17
80185	3464	291	104	158	24:18
80186	1715	291	55	159	24:25
80187	3187	291	56	160	24:38
80188	1661	291	57	161	24:40
80189	1710	291	58	162	24:46
80190	3730	291	105	163	24:47
80191	3731	291	106	164	24:48
80192	3732	291	107	165	24:51
80193	1899	291	108	166	24:52
80194	1740	291	59	167	24:56
80195	3166	291	60	168	25:06
80196	1721	291	109	169	25:11
80197	2349	291	110	170	25:14
80198	2553	291	61	171	25:17
80199	3733	291	111	172	25:20
80200	3734	291	62	173	25:23
80201	2007	291	63	174	25:24
80202	2371	291	112	175	25:26
80203	1683	291	113	176	25:27
80204	3542	291	64	177	25:33
80205	1654	291	65	178	25:36
80206	3643	291	66	179	25:38
80207	1906	291	114	180	25:45
80208	1688	291	115	181	25:57
80209	1905	291	116	182	26:00
80210	2277	291	67	183	26:01
80211	1689	291	117	184	26:04
80212	1722	291	68	185	26:06
80213	3642	291	118	186	26:07
80214	2264	291	69	187	26:09
80215	3735	291	70	188	26:18
80216	1746	291	119	189	26:23
80217	1975	291	71	190	26:25
80218	2269	291	72	191	26:27
80219	1656	291	73	192	26:32
80220	2291	291	74	193	26:33
80221	3736	291	75	194	26:39
80222	1758	291	120	195	26:43
80223	1693	291	76	196	26:49
80224	3524	291	121	197	26:52
80225	3591	291	122	198	26:53
80226	1799	291	77	199	26:54
80227	3692	291	78	200	27:07
80228	1912	291	123	201	27:08
80229	2144	291	79	202	27:27
80230	1988	291	80	203	27:29
80231	1788	291	124	204	27:32
80232	1983	291	81	205	27:36
80233	2280	291	125	206	27:46
80234	1781	291	126	207	27:55
80235	3706	291	82	208	27:56
80236	3698	291	83	209	27:58
80237	1691	291	84	210	27:59
80238	1981	291	85	211	28:01
80239	1805	291	86	212	28:04
80240	2298	291	87	213	28:08
80241	1687	291	88	214	28:09
80242	1980	291	89	215	28:10
80243	1744	291	127	216	28:12
80244	2290	291	90	217	28:22
80245	3629	291	128	218	28:30
80246	3603	291	129	219	28:38
80247	1752	291	91	220	28:40
80248	1777	291	92	221	28:50
80249	2282	291	93	222	28:52
80250	1615	291	94	223	29:12
80251	3737	291	130	224	29:18
80252	1484	291	131	225	29:19
80253	1743	291	132	226	29:20
80254	1658	291	133	227	29:23
80255	3627	291	95	228	29:29
80256	2302	291	96	229	29:31
80257	1797	291	134	230	29:38
80258	2586	291	97	231	29:56
80259	3697	291	98	232	30:04
80260	1751	291	99	233	30:05
80261	2670	291	135	234	30:11
80262	3738	291	100	235	30:31
80263	2562	291	101	236	30:57
80264	1787	291	102	237	30:59
80265	1813	291	103	238	31:22
80266	2294	291	104	239	31:22
80267	1814	291	136	240	31:30
80268	3203	291	137	241	31:43
80269	3739	291	105	242	31:44
80270	1790	291	138	243	31:51
80271	3740	291	106	244	31:51
80272	1829	291	139	245	32:18
80273	2314	291	107	246	32:50
80274	3212	291	140	247	33:52
80275	3741	291	108	248	34:29
80276	3742	291	141	249	34:54
80277	2279	291	109	250	35:15
80278	3743	291	110	251	35:31
80279	1723	291	142	252	35:42
80143	1643	291	29	116	22:55
80280	3745	292	1	1	29:08
80281	3708	292	2	2	32:23
80282	2450	292	3	3	32:43
80283	1446	292	4	4	32:50
80284	1852	292	1	5	32:55
80285	1596	292	5	6	32:57
80286	1448	292	6	7	33:04
80287	1546	292	7	8	33:09
80288	2205	292	2	9	33:15
80289	1437	292	8	10	33:25
80290	1463	292	9	11	33:29
80291	1450	292	10	12	33:57
80292	1452	292	11	13	34:11
80293	2221	292	12	14	34:20
80294	2110	292	13	15	34:29
80295	3674	292	14	16	34:36
80296	3152	292	15	17	34:59
80297	3559	292	16	18	35:11
80298	1518	292	3	19	35:13
80299	1499	292	17	20	35:16
80300	3507	292	18	21	35:19
80301	1454	292	19	22	35:20
80302	1854	292	20	23	35:27
80303	3694	292	21	24	35:32
80304	1855	292	22	25	35:34
80305	3553	292	23	26	35:37
80306	2762	292	24	27	35:49
80307	1511	292	25	28	35:52
80308	1440	292	26	29	35:53
80309	3710	292	27	30	36:05
80310	2234	292	4	31	36:10
80311	2467	292	5	32	36:26
80312	1936	292	28	33	36:31
80313	1927	292	29	34	36:36
80314	1472	292	30	35	36:39
80315	3509	292	31	36	36:41
80316	1460	292	32	37	36:56
80317	1458	292	33	38	36:59
80318	1500	292	6	39	37:05
80319	3114	292	7	40	37:14
80320	3555	292	34	41	37:18
80321	1466	292	35	42	37:32
80322	3523	292	36	43	37:35
80323	1503	292	37	44	37:44
80324	1515	292	38	45	37:47
80325	1456	292	39	46	37:53
80326	1502	292	40	47	37:56
80327	1464	292	41	48	38:01
80328	1469	292	42	49	38:15
80329	1498	292	43	50	38:21
80330	2767	292	8	51	38:25
80331	3155	292	9	52	38:28
80332	2335	292	44	53	38:43
80333	3746	292	45	54	39:01
80334	1517	292	46	55	39:17
80335	1884	292	47	56	39:20
80336	1578	292	48	57	39:22
80337	1622	292	10	58	39:26
80338	2045	292	49	59	39:28
80339	3712	292	50	60	39:37
80340	1533	292	51	61	39:41
80341	2224	292	52	62	39:47
80342	1512	292	53	63	39:59
80343	1541	292	11	64	40:06
80344	3716	292	54	65	40:14
80345	1634	292	55	66	40:16
80346	1716	292	56	67	40:20
80347	3589	292	12	68	40:27
80348	3575	292	57	69	40:30
80349	1481	292	58	70	40:42
80350	1484	292	59	71	40:48
80351	2049	292	60	72	40:50
80352	3161	292	13	73	40:57
80353	3691	292	61	74	41:01
80354	1523	292	14	75	41:10
80355	3317	292	62	76	41:14
80356	2661	292	63	77	41:32
80357	1873	292	64	78	41:37
80358	3714	292	65	79	41:48
80359	1972	292	66	80	41:50
80360	1962	292	67	81	41:56
80361	1626	292	68	82	42:03
80362	1487	292	69	83	42:05
80363	1604	292	70	84	42:07
80364	2965	292	15	85	42:09
80365	3747	292	71	86	42:10
80366	3748	292	16	87	42:14
80367	1606	292	72	88	42:17
80368	3585	292	17	89	42:19
80369	3542	292	18	90	42:21
80370	2113	292	73	91	42:23
80371	1510	292	74	92	42:25
80372	3229	292	19	93	42:32
80373	1633	292	75	94	42:38
80374	3598	292	76	95	42:49
80375	1678	292	77	96	42:50
80376	3726	292	20	97	42:52
80377	1627	292	78	98	42:53
80378	1639	292	79	99	42:56
80379	1504	292	80	100	42:58
80380	1636	292	81	101	43:00
80381	3696	292	82	102	43:03
80382	1677	292	21	103	43:11
80383	1547	292	83	104	43:12
80384	3749	292	84	105	43:15
80385	1610	292	22	106	43:19
80386	3659	292	23	107	43:22
80387	3651	292	24	108	43:23
80388	3577	292	25	109	43:25
80389	3750	292	85	110	43:27
80390	3751	292	26	111	43:30
80391	1628	292	86	112	43:39
80392	2255	292	87	113	43:52
80393	3580	292	27	114	44:05
80394	3680	292	88	115	44:07
80395	1653	292	89	116	44:09
80396	2689	292	28	117	44:12
80397	2055	292	90	118	44:14
80398	3433	292	91	119	44:16
80399	3717	292	29	120	44:17
80400	1681	292	30	121	44:20
80401	1612	292	92	122	44:21
80402	3530	292	93	123	44:24
80403	3752	292	31	124	44:26
80404	3727	292	32	125	44:31
80405	1601	292	94	126	44:44
80406	2167	292	33	127	44:50
80407	1620	292	95	128	44:56
80408	3707	292	34	129	44:58
80409	1630	292	35	130	45:02
80410	1887	292	36	131	45:04
80411	1715	292	37	132	45:06
80412	1616	292	96	133	45:14
80413	2244	292	38	134	45:17
80414	3511	292	39	135	45:19
80415	1664	292	40	136	45:40
80416	3596	292	41	137	45:53
80417	3729	292	42	138	46:15
80418	1574	292	97	139	46:31
80419	3753	292	43	140	46:34
80420	2022	292	98	141	46:35
80421	3187	292	44	142	46:41
80422	1699	292	99	143	46:44
80423	3754	292	100	144	M
80424	1667	292	45	145	46:54
80425	3744	292	46	146	46:57
80426	3728	292	47	147	46:59
80427	1717	292	48	148	47:01
80428	2349	292	101	149	47:07
80429	3755	292	102	150	47:11
80430	3734	292	49	151	47:14
80431	2273	292	50	152	47:15
80432	3756	292	103	153	47:17
80433	3597	292	51	154	47:21
80434	2485	292	52	155	47:24
80435	3757	292	53	156	47:36
80436	1556	292	104	157	47:37
80437	3733	292	105	158	47:39
80438	3286	292	106	159	47:56
80439	3657	292	54	160	47:59
80440	2257	292	55	161	48:11
80441	3643	292	56	162	48:19
80442	3723	292	57	163	48:20
80443	3722	292	58	164	48:20
80444	3719	292	59	165	48:21
80445	3732	292	107	166	48:22
80446	2553	292	60	167	48:28
80447	1661	292	61	168	48:42
80448	3758	292	62	169	48:44
80449	3599	292	63	170	48:45
80450	1740	292	64	171	48:47
80451	1722	292	65	172	48:50
80452	2097	292	66	173	48:54
80453	3759	292	67	174	48:59
80454	2277	292	68	175	49:04
80455	2371	292	108	176	49:20
80456	2291	292	69	177	49:28
80457	1654	292	70	178	49:30
80458	3197	292	71	179	49:33
80459	3642	292	109	180	49:36
80460	1982	292	72	181	49:45
80461	3760	292	73	182	49:55
80462	3761	292	110	183	50:05
80463	1689	292	111	184	50:13
80464	3762	292	74	185	50:21
80465	2102	292	112	186	50:30
80466	1746	292	113	187	50:32
80467	1718	292	114	188	50:40
80468	1975	292	75	189	50:42
80469	1735	292	76	190	50:49
80470	1981	292	77	191	50:53
80471	2269	292	78	192	51:01
80472	1688	292	115	193	51:05
80473	1611	292	116	194	51:10
80474	1918	292	79	195	51:28
80475	1917	292	117	196	51:30
80476	3763	292	118	197	51:33
80477	3764	292	119	198	51:35
80478	3721	292	120	199	51:38
80479	1983	292	80	200	51:50
80480	1988	292	81	201	51:52
80481	2139	292	121	202	51:55
80482	3195	292	82	203	51:58
80483	1899	292	122	204	52:01
80484	1539	292	123	205	52:04
80485	2578	292	124	206	52:13
80486	3687	292	83	207	52:24
80487	2279	292	84	208	52:27
80488	3692	292	85	209	52:29
80489	1788	292	125	210	52:31
80490	3730	292	126	211	52:45
80491	1969	292	86	212	52:47
80492	1957	292	127	213	52:50
80493	3165	292	87	214	52:55
80494	1693	292	88	215	53:07
80495	2276	292	89	216	53:09
80496	3661	292	90	217	53:11
80497	1697	292	91	218	53:20
80498	3765	292	128	219	53:26
80499	1980	292	92	220	53:29
80500	3766	292	93	221	53:32
80501	1710	292	94	222	53:44
80502	1656	292	95	223	53:46
80503	3736	292	96	224	53:52
80504	1795	292	129	225	53:56
80505	1993	292	97	226	54:00
80506	2058	292	98	227	54:19
80507	3629	292	130	228	54:21
80508	3767	292	131	229	54:23
80509	1758	292	132	230	54:25
80510	3768	292	99	231	54:29
80511	3246	292	133	232	54:38
80512	1777	292	100	233	54:39
80513	1912	292	134	234	54:42
80514	1953	292	135	235	54:45
80515	1687	292	101	236	54:47
80516	3769	292	102	237	54:57
80517	2280	292	136	238	55:12
80518	1781	292	137	239	55:24
80519	2144	292	103	240	55:34
80520	1752	292	104	241	55:40
80521	1743	292	138	242	56:01
80522	1805	292	105	243	56:19
80523	2296	292	106	244	56:31
80524	3690	292	139	245	56:50
80525	1751	292	107	246	57:00
80526	3770	292	108	247	57:15
80527	2282	292	109	248	57:20
80528	1744	292	140	249	57:41
80529	2586	292	110	250	57:44
80530	3739	292	111	251	57:57
80531	1790	292	141	252	57:59
80532	3232	292	112	253	58:10
80533	1728	292	113	254	58:12
80534	2302	292	114	255	58:21
80535	3771	292	115	256	59:20
80536	1787	292	116	257	1:00:00
80537	1906	292	142	258	1:00:06
80538	3738	292	117	259	1:00:08
80539	1829	292	143	260	1:00:10
80540	3772	292	118	261	1:00:14
80541	1813	292	119	262	1:00:31
80542	1814	292	144	263	1:00:32
80543	3773	292	145	264	1:00:41
80544	2310	292	120	265	1:02:37
80545	2294	292	121	266	1:02:41
80546	1822	292	122	267	1:02:47
80547	2421	292	123	268	1:03:01
80548	1797	292	146	269	1:03:25
80549	1723	292	147	270	1:04:39
80550	3774	292	124	271	1:05:10
80551	3743	292	125	272	1:08:43
80552	3212	292	148	273	1:09:14
80553	2079	292	126	274	1:09:16
80554	2314	292	127	275	1:09:19
80555	3775	292	128	276	1:09:20
80556	3776	292	129	277	1:14:26
80557	3708	293	1	1	18:43
80558	1446	293	2	2	18:54
80559	3709	293	1	3	18:58
80560	3554	293	3	4	18:59
80561	1444	293	4	5	19:08
80562	3151	293	5	6	19:11
80563	1596	293	6	7	19:15
80564	2045	293	7	8	19:17
80565	2205	293	2	9	19:19
80566	1452	293	8	10	19:29
80567	1454	293	9	11	19:39
80568	1463	293	10	12	19:57
80569	2221	293	11	13	20:08
80570	1440	293	12	14	20:10
80571	1450	293	13	15	20:12
80572	1854	293	14	16	20:15
80573	1521	293	15	17	20:18
80574	1477	293	3	18	20:21
80575	1518	293	4	19	20:24
80576	2762	293	16	20	20:25
80577	1499	293	17	21	20:26
80578	3710	293	18	22	20:32
80579	1936	293	19	23	20:35
80580	3681	293	20	24	20:36
80581	3507	293	21	25	20:41
80582	3552	293	22	26	20:46
80583	3694	293	23	27	20:54
80584	3651	293	5	28	20:59
80585	3713	293	24	29	21:00
80586	1469	293	25	30	21:00
80587	3780	293	6	31	21:01
80588	3553	293	26	32	21:04
80589	1860	293	7	33	21:09
80590	3781	293	27	34	21:11
80591	1458	293	28	35	21:13
80592	2234	293	8	36	21:17
80593	1927	293	29	37	21:18
80594	1515	293	30	38	21:24
80595	1516	293	31	39	21:32
80596	3559	293	32	40	21:38
80597	1591	293	33	41	21:41
80598	3712	293	34	42	21:58
80599	3711	293	9	43	22:00
80600	1502	293	35	44	22:02
80601	3782	293	10	45	22:04
80602	1622	293	11	46	22:07
80603	3783	293	36	47	22:17
80604	1466	293	37	48	22:22
80605	1517	293	38	49	22:39
80606	1481	293	39	50	22:42
80607	3114	293	12	51	22:43
80608	2467	293	13	52	22:44
80609	1503	293	40	53	22:48
80610	1928	293	41	54	22:48
80611	2335	293	42	55	22:51
80612	2675	293	14	56	22:56
80613	1510	293	43	57	22:58
80614	1578	293	44	58	23:02
80615	1533	293	45	59	23:03
80616	3565	293	46	60	23:04
80617	1484	293	47	61	23:07
80618	2232	293	48	62	23:08
80619	3614	293	49	63	23:13
80620	3620	293	50	64	23:19
80621	3589	293	15	65	23:22
80622	1512	293	51	66	23:25
80623	3748	293	16	67	23:26
80624	3569	293	17	68	23:27
80625	3691	293	52	69	23:29
80626	1541	293	18	70	23:30
80627	1555	293	53	71	23:32
80628	1556	293	54	72	23:33
80629	1634	293	55	73	23:37
80630	3784	293	19	74	23:39
80631	2239	293	56	75	23:42
80632	3716	293	57	76	23:44
80633	3714	293	58	77	23:46
80634	1643	293	20	78	23:47
80635	1637	293	59	79	23:48
80636	3640	293	21	80	23:49
80637	1716	293	60	81	23:49
80638	1633	293	61	82	23:51
80639	3542	293	22	83	23:58
80640	1962	293	62	84	24:12
80641	3785	293	63	85	24:13
80642	3585	293	23	86	24:20
80643	1604	293	64	87	24:22
80644	1547	293	65	88	24:24
80645	1677	293	24	89	24:25
80646	1504	293	66	90	24:26
80647	1972	293	67	91	24:30
80648	2878	293	68	92	24:37
80649	1606	293	69	93	24:38
80650	3598	293	70	94	24:40
80651	3786	293	71	95	24:41
80652	3229	293	25	96	24:42
80653	1627	293	72	97	24:44
80654	2249	293	73	98	24:44
80655	3787	293	74	99	24:46
80656	2661	293	75	100	24:47
80657	1490	293	76	101	24:50
80658	3317	293	77	102	24:53
80659	3433	293	78	103	24:54
80660	1954	293	79	104	24:55
80661	3580	293	26	105	24:58
80662	3788	293	80	106	24:59
80663	1628	293	81	107	25:00
80664	3720	293	27	108	25:05
80665	3726	293	28	109	25:21
80666	1626	293	82	110	25:28
80667	1595	293	29	111	25:29
80668	3584	293	30	112	25:33
80669	1612	293	83	113	25:36
80670	3574	293	84	114	25:36
80671	2161	293	85	115	25:37
80672	3789	293	86	116	25:37
80673	3749	293	87	117	25:38
80674	3695	293	31	118	25:47
80675	1601	293	88	119	25:47
80676	2244	293	32	120	25:51
80677	3790	293	89	121	25:54
80678	2255	293	90	122	25:56
80679	3791	293	91	123	26:02
80680	1715	293	33	124	26:03
80681	2275	293	34	125	26:13
80682	1487	293	92	126	26:19
80683	1971	293	35	127	26:23
80684	1653	293	93	128	26:27
80685	3489	293	94	129	26:29
80686	1940	293	95	130	26:33
80687	2167	293	36	131	26:41
80688	3747	293	96	132	26:42
80689	1630	293	37	133	26:44
80690	1580	293	97	134	26:45
80691	3792	293	98	135	26:46
80692	1616	293	99	136	26:54
80693	1610	293	38	137	26:55
80694	1900	293	39	138	26:55
80695	1605	293	100	139	26:56
80696	3188	293	101	140	26:57
80697	2071	293	102	141	27:00
80698	3793	293	103	142	27:01
80699	1887	293	40	143	27:02
80700	1564	293	41	144	27:07
80701	1479	293	104	145	27:08
80702	1965	293	105	146	27:09
80703	1511	293	106	147	27:10
80704	1636	293	107	148	27:10
80705	3511	293	42	149	27:11
80706	3794	293	108	150	27:11
80707	3717	293	43	151	27:12
80708	1717	293	44	152	27:12
80709	3795	293	45	153	27:13
80710	2485	293	46	154	27:14
80711	1681	293	47	155	27:21
80712	3657	293	48	156	27:25
80713	3599	293	49	157	27:29
80714	1505	293	50	158	27:30
80715	3642	293	109	159	27:31
80716	3597	293	51	160	27:31
80717	1683	293	110	161	27:32
80718	2273	293	52	162	27:37
80719	3583	293	53	163	27:38
80720	2371	293	111	164	27:39
80721	3187	293	54	165	27:41
80722	1774	293	112	166	27:42
80723	1667	293	55	167	28:00
80724	1664	293	56	168	28:05
80725	3643	293	57	169	28:08
80726	1697	293	58	170	28:09
80727	3744	293	59	171	28:22
80728	3796	293	60	172	28:24
80729	1574	293	113	173	28:25
80730	3797	293	61	174	28:29
80731	3166	293	62	175	28:32
80732	3798	293	114	176	28:33
80733	3195	293	63	177	28:34
80734	3799	293	115	178	28:36
80735	1732	293	64	179	28:38
80736	1758	293	116	180	28:41
80737	3800	293	65	181	28:41
80738	1746	293	117	182	28:43
80739	2553	293	66	183	29:01
80740	2368	293	67	184	29:05
80741	1763	293	68	185	29:13
80742	1714	293	69	186	29:15
80743	1988	293	70	187	29:19
80744	2291	293	71	188	29:23
80745	3801	293	72	189	29:27
80746	3692	293	73	190	29:29
80747	1795	293	118	191	29:30
80748	1718	293	119	192	29:34
80749	3634	293	74	193	29:36
80750	1654	293	75	194	29:36
80751	3628	293	76	195	29:37
80752	3802	293	77	196	29:38
80753	2292	293	78	197	29:45
80754	2058	293	79	198	29:50
80755	1905	293	120	199	29:52
80756	3803	293	80	200	29:56
80757	1740	293	81	201	30:04
80758	2139	293	121	202	30:05
80759	2261	293	122	203	30:07
80760	3804	293	82	204	30:10
80761	1656	293	83	205	30:11
80762	3805	293	123	206	30:12
80763	3763	293	124	207	30:13
80764	2049	293	125	208	30:13
80765	3806	293	84	209	30:14
80766	1899	293	126	210	30:15
80767	2264	293	85	211	30:19
80768	1967	293	127	212	30:20
80769	1983	293	86	213	30:24
80770	2102	293	128	214	30:28
80771	2279	293	87	215	30:29
80772	2269	293	88	216	30:30
80773	3807	293	89	217	30:31
80774	1777	293	90	218	30:37
80775	3629	293	129	219	30:38
80776	1539	293	130	220	30:46
80777	2394	293	91	221	30:47
80778	3700	293	131	222	30:52
80779	1979	293	92	223	30:55
80780	1788	293	132	224	30:57
80781	1957	293	133	225	30:58
80782	3762	293	93	226	31:01
80783	2144	293	94	227	31:02
80784	1981	293	95	228	31:03
80785	1906	293	134	229	31:21
80786	2670	293	135	230	31:25
80787	1918	293	96	231	31:26
80788	1691	293	97	232	31:27
80789	1752	293	98	233	31:31
80790	3661	293	99	234	31:33
80791	3687	293	100	235	31:38
80792	1805	293	101	236	31:51
80793	3622	293	102	237	31:52
80794	3736	293	103	238	31:55
80795	3808	293	136	239	31:56
80796	1980	293	104	240	32:07
80797	2296	293	105	241	32:14
80798	2280	293	137	242	32:17
80799	1781	293	138	243	32:21
80800	3698	293	106	244	32:25
80801	3706	293	107	245	32:29
80802	1787	293	108	246	32:31
80803	3809	293	109	247	32:33
80804	3690	293	139	248	32:35
80805	1797	293	140	249	32:37
80806	1687	293	110	250	32:46
80807	1710	293	111	251	32:53
80808	2346	293	141	252	32:57
80809	1790	293	142	253	32:58
80810	3739	293	112	254	33:10
80811	1742	293	143	255	33:11
80812	3633	293	113	256	33:32
80813	3810	293	114	257	33:33
80814	2186	293	115	258	33:41
80815	2586	293	116	259	33:44
80816	1751	293	117	260	33:47
80817	3588	293	144	261	33:52
80818	1693	293	118	262	33:52
80819	3811	293	145	263	33:53
80820	3812	293	119	264	33:53
80821	1829	293	146	265	33:54
80822	3697	293	120	266	33:56
80823	3813	293	121	267	33:57
80824	2360	293	122	268	33:59
80825	2400	293	123	269	34:01
80826	2294	293	124	270	34:08
80827	3738	293	125	271	34:11
80828	2282	293	126	272	34:14
80829	1813	293	127	273	34:16
80830	3203	293	147	274	34:18
80831	3814	293	148	275	34:23
80832	3815	293	128	276	34:34
80833	3816	293	129	277	34:35
80834	2316	293	130	278	34:36
80835	1723	293	149	279	34:41
80836	1814	293	150	280	35:14
80837	2310	293	131	281	35:17
80838	3740	293	132	282	35:29
80839	1822	293	133	283	35:32
80840	2320	293	134	284	35:33
80841	2179	293	151	285	35:35
80842	3817	293	135	286	35:39
80843	1743	293	152	287	35:45
80844	3232	293	136	288	36:15
80845	1728	293	137	289	36:47
80846	2147	293	138	290	37:07
80847	3818	293	139	291	37:17
80848	3774	293	140	292	37:18
80849	2079	293	141	293	37:26
80850	3819	293	142	294	38:18
80851	3820	293	143	295	38:38
80852	2920	293	144	296	38:40
80853	3743	293	145	297	38:51
80854	3776	293	146	298	38:58
80855	3211	293	147	299	38:59
80856	3742	293	153	300	39:24
80857	3212	293	154	301	39:41
80858	3741	293	148	302	39:57
80859	3821	293	149	303	40:05
80860	3822	293	150	304	40:37
80861	3823	293	155	305	40:44
80862	3824	293	156	306	40:54
80863	2177	293	151	307	41:21
80864	3825	293	157	308	41:22
80865	1733	293	158	309	41:24
80866	3775	293	152	310	42:21
80867	3826	293	159	311	42:23
80868	3827	293	153	312	42:40
80869	3828	293	154	313	42:53
80870	3708	294	1	1	0:32:52
80871	1446	294	2	2	0:32:59
80872	3709	294	1	3	0:33:10
80873	1852	294	2	4	0:33:23
80874	1596	294	3	5	0:33:45
80875	3552	294	4	6	0:34:15
80876	3674	294	5	7	0:34:15
80877	1444	294	6	8	0:34:21
80878	1448	294	7	9	0:34:24
80879	1450	294	8	10	0:34:38
80880	2221	294	9	11	0:34:49
80881	2110	294	10	12	0:34:54
80882	1454	294	11	13	0:34:56
80883	1546	294	12	14	0:35:07
80884	1499	294	13	15	0:35:12
80885	2226	294	14	16	0:35:28
80886	1452	294	15	17	0:35:39
80887	2762	294	16	18	0:35:49
80888	3559	294	17	19	0:35:49
80889	1521	294	18	20	0:36:05
80890	3711	294	3	21	0:36:10
80891	3694	294	19	22	0:36:12
80892	1472	294	20	23	0:36:13
80893	1854	294	21	24	0:36:20
80894	3523	294	22	25	0:36:28
80895	1855	294	23	26	0:36:32
80896	1927	294	24	27	0:36:33
80897	1622	294	4	28	0:36:34
80898	3681	294	25	29	0:36:39
80899	1473	294	26	30	0:36:44
80900	1458	294	27	31	0:36:58
80901	1516	294	28	32	0:37:01
80902	3783	294	29	33	0:37:05
80903	1469	294	30	34	0:37:08
80904	2234	294	5	35	0:37:14
80905	3151	294	31	36	0:37:17
80906	1936	294	32	37	0:37:18
80907	1464	294	33	38	0:37:20
80908	1591	294	34	39	0:37:36
80909	1517	294	35	40	0:37:40
80910	3712	294	36	41	0:37:40
80911	2467	294	6	42	0:37:43
80912	3553	294	37	43	0:37:47
80913	3713	294	38	44	0:37:48
80914	3787	294	39	45	0:37:49
80915	1440	294	40	46	0:37:50
80916	1515	294	41	47	0:37:55
80917	1518	294	7	48	0:38:08
80918	1466	294	42	49	0:38:12
80919	1510	294	43	50	0:38:27
80920	3696	294	44	51	0:38:28
80921	1502	294	45	52	0:38:31
80922	3555	294	46	53	0:38:41
80923	1928	294	47	54	0:38:42
80924	2335	294	48	55	0:38:45
80925	1481	294	49	56	0:38:49
80926	1637	294	50	57	0:38:53
80927	1929	294	51	58	0:39:02
80928	2224	294	52	59	0:39:12
80929	1884	294	53	60	0:39:30
80930	3114	294	8	61	0:39:34
80931	1498	294	54	62	0:39:41
80932	1647	294	9	63	0:39:56
80933	1533	294	55	64	0:39:58
80934	2767	294	10	65	0:40:01
80935	3569	294	11	66	0:40:06
80936	3565	294	56	67	0:40:18
80937	1512	294	57	68	0:40:33
80938	1942	294	58	69	0:40:39
80939	3714	294	59	70	0:40:58
80940	3563	294	12	71	0:41:01
80941	3790	294	60	72	0:41:12
80942	1716	294	61	73	0:41:16
80943	3716	294	62	74	0:41:26
80944	3589	294	13	75	0:41:30
80945	1484	294	63	76	0:41:31
80946	1606	294	64	77	0:41:33
80947	3317	294	65	78	0:41:36
80948	1561	294	14	79	0:41:49
80949	3748	294	15	80	0:42:06
80950	3585	294	16	81	0:42:14
80951	1643	294	17	82	0:42:24
80952	1677	294	18	83	0:42:28
80953	2055	294	66	84	0:42:32
80954	1541	294	19	85	0:42:36
80955	3829	294	67	86	0:42:46
80956	2965	294	20	87	0:42:52
80957	3707	294	21	88	0:43:00
80958	3792	294	68	89	0:43:03
80959	1612	294	69	90	0:43:04
80960	1962	294	70	91	0:43:05
80961	3690	294	71	92	0:43:06
80962	3229	294	22	93	0:43:20
80963	3680	294	72	94	0:43:40
80964	3598	294	73	95	0:43:43
80965	1490	294	74	96	0:43:43
80966	1678	294	75	97	0:43:44
80967	1634	294	76	98	0:44:09
80968	3222	294	77	99	0:44:12
80969	3749	294	78	100	0:44:18
80970	3717	294	23	101	0:44:26
80971	3695	294	24	102	0:44:27
80972	1580	294	79	103	0:44:30
80973	1653	294	80	104	0:44:36
80974	1636	294	81	105	0:44:43
80975	1564	294	25	106	0:44:49
80976	3580	294	26	107	0:44:50
80977	3583	294	27	108	0:44:57
80978	3511	294	28	109	0:45:06
80979	1487	294	82	110	0:45:26
80980	3726	294	29	111	0:45:27
80981	3577	294	30	112	0:45:34
80982	1620	294	83	113	0:45:46
80983	2255	294	84	114	0:46:02
80984	3830	294	85	115	0:46:03
80985	3733	294	86	116	0:46:11
80986	3489	294	87	117	0:46:14
80987	2049	294	88	118	0:46:18
80988	3831	294	89	119	0:46:21
80989	3715	294	90	120	0:46:23
80990	3574	294	91	121	0:46:29
80991	1605	294	92	122	0:46:49
80992	3188	294	93	123	0:46:50
80993	2244	294	31	124	0:47:01
80994	1630	294	32	125	0:47:10
80995	3584	294	33	126	0:47:25
80996	2349	294	94	127	0:47:32
80997	1667	294	34	128	0:47:34
80998	1900	294	35	129	0:47:44
80999	1681	294	36	130	0:47:44
81000	3599	294	37	131	0:47:46
81001	3657	294	38	132	0:48:04
81002	2485	294	39	133	0:48:19
81003	2262	294	40	134	0:48:30
81004	1505	294	41	135	0:48:31
81005	1887	294	42	136	0:48:33
81006	1721	294	95	137	0:48:38
81007	2097	294	43	138	0:48:39
81008	2371	294	96	139	0:48:41
81009	1654	294	44	140	0:48:49
81010	2273	294	45	141	0:49:15
81011	3597	294	46	142	0:49:20
81012	1921	294	47	143	0:49:25
81013	2139	294	97	144	0:49:38
81014	2257	294	48	145	0:49:53
81015	3588	294	98	146	0:50:14
81016	1699	294	99	147	0:50:27
81017	1763	294	49	148	0:50:31
81018	2291	294	50	149	0:50:34
81019	2553	294	51	150	0:50:37
81020	3642	294	100	151	0:50:38
81021	1912	294	101	152	0:50:50
81022	1689	294	102	153	0:50:55
81023	1958	294	103	154	0:50:58
81024	1905	294	104	155	0:50:59
81025	3166	294	52	156	0:51:07
81026	1664	294	53	157	0:51:08
81027	1714	294	54	158	0:51:09
81028	2277	294	55	159	0:51:10
81029	1975	294	56	160	0:51:25
81030	2301	294	57	161	0:51:46
81031	1539	294	105	162	0:51:48
81032	1688	294	106	163	0:51:50
81033	1988	294	58	164	0:51:52
81034	1717	294	59	165	0:51:58
81035	1918	294	60	166	0:52:07
81036	1795	294	107	167	0:52:10
81037	2368	294	61	168	0:52:17
81038	1957	294	108	169	0:52:18
81039	3687	294	62	170	0:52:35
81040	3286	294	109	171	0:52:44
81041	1981	294	63	172	0:52:55
81042	2578	294	110	173	0:52:58
81043	2007	294	64	174	0:53:33
81044	1967	294	111	175	0:53:49
81045	3768	294	65	176	0:53:57
81046	3764	294	112	177	0:54:08
81047	3721	294	113	178	0:54:09
81048	1758	294	114	179	0:54:13
81049	2279	294	66	180	0:54:19
81050	1980	294	67	181	0:54:25
81051	2264	294	68	182	0:54:32
81052	3812	294	69	183	0:54:47
81053	1656	294	70	184	0:54:49
81054	3706	294	71	185	0:55:02
81055	1964	294	72	186	0:55:15
81056	1691	294	73	187	0:55:19
81057	1693	294	74	188	0:55:28
81058	1799	294	75	189	0:55:32
81059	1982	294	76	190	0:55:36
81060	2276	294	77	191	0:55:37
81061	1983	294	78	192	0:55:38
81062	3832	294	79	193	0:55:41
81063	2280	294	115	194	0:55:43
81064	2058	294	80	195	0:56:06
81065	1752	294	81	196	0:56:10
81066	3629	294	116	197	0:56:13
81067	3763	294	117	198	0:56:18
81068	2282	294	82	199	0:56:25
81069	3762	294	83	200	0:56:32
81070	3742	294	118	201	0:56:50
81071	2562	294	84	202	0:56:51
81072	1781	294	119	203	0:57:32
81073	3232	294	85	204	0:58:05
81074	1728	294	86	205	0:59:08
81075	1658	294	120	206	0:59:09
81076	2310	294	87	207	0:59:35
81077	2294	294	88	208	1:00:07
81078	1751	294	89	209	1:00:09
81079	1813	294	90	210	1:01:17
81080	1998	294	91	211	1:01:17
81081	2179	294	121	212	1:01:48
81082	1743	294	122	213	1:01:55
81083	2670	294	123	214	1:03:58
81084	3740	294	92	215	1:05:26
81085	3774	294	93	216	1:06:01
81086	3775	294	94	217	1:07:44
81087	1797	294	124	218	1:08:29
81088	2314	294	95	219	1:09:47
81089	1790	294	125	220	1:10:09
81090	3739	294	96	221	1:11:51
81091	3743	294	97	222	1:11:52
81092	2079	294	98	223	1:12:32
81093	3741	294	99	224	1:14:31
81094	1733	294	126	225	1:17:11
81095	3708	295	1	1	39:14
81096	3151	295	2	2	39:25
81097	3554	295	3	3	39:34
81098	1446	295	4	4	39:39
81099	3709	295	1	5	40:09
81100	1852	295	2	6	40:18
81101	1596	295	5	7	40:36
81102	2205	295	3	8	40:58
81103	1444	295	6	9	41:41
81104	1448	295	7	10	41:44
81105	3835	295	8	11	42:00
81106	1454	295	9	12	42:02
81107	2221	295	10	13	42:20
81108	1521	295	11	14	42:55
81109	1463	295	12	15	43:03
81110	1437	295	13	16	43:05
81111	3674	295	14	17	43:08
81112	3507	295	15	18	43:09
81113	1499	295	16	19	43:13
81114	2226	295	17	20	43:15
81115	3553	295	18	21	43:18
81116	3559	295	19	22	43:23
81117	3651	295	4	23	43:49
81118	3711	295	5	24	43:58
81119	1936	295	20	25	44:49
81120	1927	295	21	26	44:58
81121	1473	295	22	27	45:01
81122	1458	295	23	28	45:06
81123	3694	295	24	29	45:07
81124	3234	295	25	30	45:35
81125	3581	295	26	31	45:37
81126	1855	295	27	32	45:46
81127	2234	295	6	33	45:47
81128	1860	295	7	34	46:14
81129	1591	295	28	35	46:15
81130	3712	295	29	36	46:19
81131	3555	295	30	37	46:27
81132	1466	295	31	38	46:32
81133	1500	295	8	39	46:33
81134	2467	295	9	40	46:40
81135	1498	295	32	41	46:41
81136	1515	295	33	42	46:43
81137	3713	295	34	43	46:49
81138	1511	295	35	44	46:55
81139	1472	295	36	45	46:58
81140	1440	295	37	46	47:15
81141	1929	295	38	47	47:25
81142	3696	295	39	48	47:37
81143	1516	295	40	49	47:45
81144	1503	295	41	50	47:50
81145	1928	295	42	51	47:59
81146	2767	295	10	52	48:16
81147	2228	295	43	53	48:36
81148	1884	295	44	54	48:44
81149	1481	295	45	55	48:57
81150	1510	295	46	56	49:28
81151	1637	295	47	57	49:33
81152	3114	295	11	58	49:41
81153	3569	295	12	59	49:43
81154	1533	295	48	60	49:53
81155	1578	295	49	61	49:56
81156	1606	295	50	62	49:59
81157	3565	295	51	63	50:01
81158	1716	295	52	64	50:07
81159	1523	295	13	65	50:42
81160	1561	295	14	66	50:44
81161	3575	295	53	67	51:06
81162	3585	295	15	68	51:25
81163	3714	295	54	69	51:27
81164	3792	295	55	70	51:29
81165	1604	295	56	71	51:38
81166	1541	295	16	72	51:39
81167	1504	295	57	73	51:39
81168	3589	295	17	74	51:43
81169	1634	295	58	75	51:45
81170	1972	295	59	76	51:47
81171	3317	295	60	77	51:49
81172	3691	295	61	78	51:54
81173	3716	295	62	79	52:08
81174	1556	295	63	80	52:10
81175	1622	295	18	81	52:11
81176	1484	295	64	82	52:14
81177	3719	295	19	83	52:17
81178	3836	295	65	84	52:22
81179	3722	295	20	85	52:23
81180	1677	295	21	86	52:25
81181	1626	295	66	87	52:36
81182	1627	295	67	88	52:45
81183	3749	295	68	89	52:49
81184	3720	295	22	90	52:52
81185	1490	295	69	91	53:16
81186	3690	295	70	92	53:19
81187	1610	295	23	93	53:22
81188	2965	295	24	94	53:48
81189	3580	295	25	95	53:56
81190	2255	295	71	96	54:06
81191	3237	295	26	97	54:11
81192	3707	295	27	98	54:14
81193	1633	295	72	99	54:38
81194	1580	295	73	100	54:48
81195	3717	295	28	101	54:54
81196	1653	295	74	102	54:55
81197	1962	295	75	103	55:00
81198	1487	295	76	104	55:08
81199	1612	295	77	105	55:16
81200	3229	295	29	106	55:18
81201	2689	295	30	107	55:31
81202	3574	295	78	108	55:34
81203	3726	295	31	109	55:41
81204	3837	295	32	110	55:43
81205	3754	295	79	111	M
81206	3733	295	80	112	55:49
81207	1715	295	33	113	55:57
81208	3542	295	34	114	56:03
81209	3577	295	35	115	56:29
81210	1620	295	81	116	57:03
81211	2244	295	36	117	57:05
81212	1681	295	37	118	57:08
81213	3511	295	38	119	57:11
81214	1900	295	39	120	57:13
81215	3188	295	82	121	57:31
81216	1940	295	83	122	57:40
81217	3657	295	40	123	57:43
81218	3489	295	84	124	57:57
81219	3596	295	41	125	58:05
81220	3721	295	85	126	58:09
81221	1722	295	42	127	58:26
81222	2273	295	43	128	58:29
81223	2485	295	44	129	58:32
81224	1717	295	45	130	58:40
81225	1887	295	46	131	58:42
81226	1616	295	86	132	58:59
81227	1639	295	87	133	59:25
81228	2257	295	47	134	59:30
81229	1654	295	48	135	59:54
81230	2470	295	49	136	59:57
81231	2139	295	88	137	1:00:04
81232	3838	295	89	138	1:00:07
81233	1664	295	50	139	1:00:17
81234	1721	295	90	140	1:00:17
81235	1678	295	91	141	1:00:17
81236	3598	295	92	142	1:00:18
81237	1605	295	93	143	1:00:23
81238	3734	295	51	144	1:00:31
81239	1661	295	52	145	1:00:45
81240	2349	295	94	146	1:00:51
81241	3731	295	95	147	1:00:55
81242	2553	295	53	148	1:00:57
81243	1905	295	96	149	1:01:13
81244	1958	295	97	150	1:01:17
81245	1899	295	98	151	1:01:29
81246	3588	295	99	152	1:01:31
81247	1699	295	100	153	1:01:36
81248	1697	295	54	154	1:01:41
81249	3730	295	101	155	1:01:45
81250	1689	295	102	156	1:02:24
81251	1688	295	103	157	1:02:26
81252	2279	295	55	158	1:03:01
81253	1758	295	104	159	1:03:04
81254	3763	295	105	160	1:03:16
81255	1763	295	56	161	1:03:19
81256	2291	295	57	162	1:03:22
81257	3762	295	58	163	1:03:25
81258	1906	295	106	164	1:03:30
81259	1539	295	107	165	1:03:34
81260	1975	295	59	166	1:03:49
81261	3700	295	108	167	1:03:49
81262	1918	295	60	168	1:03:54
81263	1714	295	61	169	1:04:05
81264	1973	295	109	170	1:04:19
81265	2102	295	110	171	1:04:21
81266	3166	295	62	172	1:04:23
81267	1983	295	63	173	1:04:28
81268	3729	295	64	174	1:04:34
81269	2371	295	111	175	1:04:59
81270	1732	295	65	176	1:05:08
81271	1957	295	112	177	1:05:13
81272	3812	295	66	178	1:05:19
81273	1967	295	113	179	1:05:28
81274	2280	295	114	180	1:05:31
81275	1740	295	67	181	1:05:46
81276	2578	295	115	182	1:05:47
81277	1656	295	68	183	1:05:52
81278	2264	295	69	184	1:06:00
81279	3687	295	70	185	1:06:10
81280	2058	295	71	186	1:06:19
81281	3736	295	72	187	1:06:21
81282	2670	295	116	188	1:06:53
81283	1912	295	117	189	1:07:23
81284	3768	295	73	190	1:07:41
81285	3232	295	74	191	1:07:55
81286	1728	295	75	192	1:07:57
81287	2144	295	76	193	1:08:12
81288	1979	295	77	194	1:08:19
81289	1746	295	118	195	1:08:21
81290	1788	295	119	196	1:08:23
81291	1693	295	78	197	1:08:46
81292	3839	295	79	198	1:08:48
81293	1718	295	120	199	1:08:51
81294	3840	295	121	200	1:09:34
81295	1781	295	122	201	1:10:47
81296	1787	295	80	202	1:11:24
81297	1658	295	123	203	1:11:24
81298	3629	295	124	204	1:11:35
81299	2282	295	81	205	1:12:31
81300	1814	295	125	206	1:12:42
81301	1790	295	126	207	1:13:27
81302	1751	295	82	208	1:15:24
81303	3698	295	83	209	1:15:35
81304	1743	295	127	210	1:16:23
81305	3740	295	84	211	1:16:45
81306	1765	295	85	212	1:18:06
81307	1700	295	128	213	1:18:38
81308	3739	295	86	214	1:19:28
81309	1815	295	129	215	1:19:30
81310	1797	295	130	216	1:22:43
81311	1723	295	131	217	1:26:38
81312	2314	295	87	218	1:26:46
81313	3212	295	132	219	1:27:22
81314	3742	295	133	220	1:28:39
81315	3741	295	88	221	1:29:43
81316	1444	296	1	1	52:36
81317	3709	296	1	2	52:40
81318	3674	296	2	3	52:43
81319	2205	296	2	4	54:00
81320	1852	296	3	5	54:22
81321	1596	296	3	6	54:41
81322	1450	296	4	7	54:44
81323	1448	296	5	8	54:45
81324	1454	296	6	9	55:17
81325	2221	296	7	10	55:43
81326	1463	296	8	11	56:07
81327	2110	296	9	12	56:17
81328	1499	296	10	13	56:26
81329	3552	296	11	14	57:34
81330	1521	296	12	15	57:37
81331	1518	296	4	16	57:58
81332	1473	296	13	17	58:08
81333	1936	296	14	18	58:28
81334	1855	296	15	19	58:30
81335	1927	296	16	20	58:33
81336	2762	296	17	21	59:20
81337	3559	296	18	22	59:29
81338	3217	296	19	23	59:34
81339	2234	296	5	24	59:42
81340	1458	296	20	25	59:46
81341	2467	296	6	26	59:52
81342	1511	296	21	27	1:00:48
81343	1466	296	22	28	1:01:53
81344	3555	296	23	29	1:02:17
81345	1515	296	24	30	1:02:36
81346	1929	296	25	31	1:02:43
81347	1591	296	26	32	1:02:58
81348	3114	296	7	33	1:03:13
81349	1533	296	27	34	1:03:14
81350	1928	296	28	35	1:03:24
81351	3713	296	29	36	1:04:23
81352	1503	296	30	37	1:04:48
81353	1716	296	31	38	1:05:00
81354	1578	296	32	39	1:05:07
81355	1634	296	33	40	1:05:10
81356	1549	296	34	41	1:06:15
81357	1484	296	35	42	1:06:32
81358	2224	296	36	43	1:06:33
81359	3575	296	37	44	1:06:35
81360	3589	296	8	45	1:06:56
81361	3585	296	9	46	1:07:00
81362	1637	296	38	47	1:07:02
81363	3317	296	39	48	1:07:06
81364	1555	296	40	49	1:07:16
81365	1606	296	41	50	1:07:25
81366	1556	296	42	51	1:07:42
81367	3691	296	43	52	1:07:57
81368	1504	296	44	53	1:08:20
81369	1604	296	45	54	1:08:35
81370	3680	296	46	55	1:08:38
81371	3748	296	10	56	1:08:41
81372	3733	296	47	57	1:08:47
81373	3716	296	48	58	1:09:11
81374	1627	296	49	59	1:09:36
81375	3690	296	50	60	1:09:47
81376	3749	296	51	61	1:09:54
81377	3580	296	11	62	1:10:36
81378	1490	296	52	63	1:10:56
81379	1653	296	53	64	1:11:02
81380	3722	296	12	65	1:11:10
81381	1677	296	13	66	1:11:19
81382	1640	296	54	67	1:11:27
81383	2767	296	14	68	1:11:29
81384	3719	296	15	69	1:11:33
81385	3714	296	55	70	1:12:13
81386	3229	296	16	71	1:12:46
81387	3527	296	56	72	1:12:54
81388	3598	296	57	73	1:12:57
81389	1678	296	58	74	1:13:20
81390	3754	296	59	75	M
81391	1639	296	60	76	1:14:17
81392	1452	296	61	77	1:14:23
81393	1502	296	62	78	1:14:25
81394	1942	296	63	79	1:14:36
81395	3187	296	17	80	1:15:04
81396	1717	296	18	81	1:15:25
81397	1633	296	64	82	1:15:29
81398	3657	296	19	83	1:15:32
81399	1887	296	20	84	1:15:36
81400	3165	296	21	85	1:15:37
81401	3511	296	22	86	1:15:52
81402	3731	296	65	87	1:15:59
81403	3489	296	66	88	1:16:10
81404	1523	296	23	89	1:16:26
81405	3729	296	24	90	1:17:52
81406	1699	296	67	91	1:18:26
81407	2249	296	68	92	1:18:48
81408	1574	296	69	93	1:19:00
81409	1722	296	25	94	1:19:08
81410	3596	296	26	95	1:19:11
81411	1697	296	27	96	1:19:45
81412	1975	296	28	97	1:20:40
81413	3166	296	29	98	1:21:03
81414	2553	296	30	99	1:21:04
81415	2349	296	70	100	1:21:15
81416	1746	296	71	101	1:22:16
81417	1906	296	72	102	1:22:25
81418	1689	296	73	103	1:22:50
81419	1763	296	31	104	1:22:52
81420	2276	296	32	105	1:22:54
81421	3841	296	33	106	1:22:58
81422	3842	296	34	107	1:22:59
81423	1721	296	74	108	1:23:16
81424	3642	296	75	109	1:23:31
81425	1912	296	76	110	1:24:26
81426	1899	296	77	111	1:24:41
81427	3687	296	35	112	1:24:58
81428	1688	296	78	113	1:25:33
81429	3763	296	79	114	1:26:07
81430	1918	296	36	115	1:26:31
81431	2282	296	37	116	1:26:41
81432	1683	296	80	117	1:27:47
81433	1710	296	38	118	1:28:04
81434	3812	296	39	119	1:29:21
81435	1980	296	40	120	1:30:23
81436	1957	296	81	121	1:30:36
81437	2144	296	41	122	1:32:18
81438	1777	296	42	123	1:33:28
81439	1781	296	82	124	1:33:33
81440	1691	296	43	125	1:33:49
81441	2320	296	44	126	1:34:41
81442	3629	296	83	127	1:34:44
81443	3246	296	84	128	1:35:18
81444	2179	296	85	129	1:36:35
81445	1751	296	45	130	1:38:16
81446	1787	296	46	131	1:40:23
81447	3738	296	47	132	1:40:43
81448	1723	296	86	133	1:42:43
81449	1829	296	87	134	1:43:10
81450	2314	296	48	135	1:44:15
81451	3740	296	49	136	1:49:02
81452	2670	296	88	137	1:49:03
81453	3775	296	50	138	1:52:32
81454	3708	297	1	1	27:53
81455	1446	297	2	2	27:59
81456	1444	297	3	3	28:25
81457	2205	297	1	4	28:30
81458	1596	297	4	5	28:33
81459	3674	297	5	6	28:36
81460	1448	297	6	7	28:40
81461	3552	297	7	8	28:45
81462	1450	297	8	9	29:00
81463	1463	297	9	10	29:05
81464	1499	297	10	11	29:29
81465	1452	297	11	12	29:39
81466	2221	297	12	13	29:47
81467	1521	297	13	14	30:11
81468	1518	297	2	15	30:19
81469	1863	297	14	16	30:20
81470	3553	297	15	17	30:24
81471	3217	297	16	18	30:33
81472	3559	297	17	19	30:40
81473	1927	297	18	20	30:41
81474	1936	297	19	21	30:47
81475	2762	297	20	22	30:52
81476	3651	297	3	23	30:56
81477	1458	297	21	24	31:09
81478	1854	297	22	25	31:10
81479	3523	297	23	26	31:15
81480	3694	297	24	27	31:16
81481	1464	297	25	28	31:18
81482	2467	297	4	29	31:22
81483	2234	297	5	30	31:26
81484	1456	297	26	31	31:35
81485	3713	297	27	32	31:44
81486	1466	297	28	33	31:48
81487	1860	297	6	34	31:51
81488	2767	297	7	35	31:54
81489	1929	297	29	36	31:58
81490	1591	297	30	37	32:07
81491	1516	297	31	38	32:23
81492	2228	297	32	39	32:30
81493	3555	297	33	40	32:45
81494	3565	297	34	41	32:46
81495	1533	297	35	42	33:04
81496	1481	297	36	43	33:04
81497	1515	297	37	44	33:07
81498	1517	297	38	45	33:07
81499	1502	297	39	46	33:09
81500	1503	297	40	47	33:25
81501	1578	297	41	48	33:25
81502	2224	297	42	49	33:32
81503	1884	297	43	50	33:49
81504	1622	297	8	51	33:52
81505	1512	297	44	52	33:57
81506	1716	297	45	53	34:00
81507	1484	297	46	54	34:07
81508	1549	297	47	55	34:10
81509	3569	297	9	56	34:20
81510	3589	297	10	57	34:25
81511	1637	297	48	58	34:29
81512	1541	297	11	59	34:34
81513	3585	297	12	60	34:43
81514	1928	297	49	61	34:44
81515	1472	297	50	62	35:05
81516	1595	297	13	63	35:10
81517	2661	297	51	64	35:11
81518	2965	297	14	65	35:12
81519	1962	297	52	66	35:14
81520	3711	297	15	67	35:14
81521	3715	297	53	68	35:16
81522	3716	297	54	69	35:22
81523	3691	297	55	70	35:25
81524	1556	297	56	71	35:27
81525	3748	297	16	72	35:31
81526	1627	297	57	73	35:47
81527	1610	297	17	74	35:48
81528	1606	297	58	75	35:49
81529	3598	297	59	76	35:54
81530	1678	297	60	77	35:54
81531	1504	297	61	78	35:56
81532	1604	297	62	79	35:58
81533	3563	297	18	80	36:04
81534	1643	297	19	81	36:09
81535	3707	297	20	82	36:13
81536	1510	297	63	83	36:22
81537	2049	297	64	84	36:23
81538	3733	297	65	85	36:31
81539	3317	297	66	86	36:36
81540	3714	297	67	87	36:42
81541	3720	297	21	88	36:43
81542	1942	297	68	89	36:49
81543	3574	297	69	90	36:56
81544	2249	297	70	91	37:08
81545	3185	297	71	92	37:09
81546	3580	297	22	93	37:10
81547	3717	297	23	94	37:13
81548	3754	297	72	95	M
81549	3843	297	24	96	37:34
81550	3747	297	73	97	37:37
81551	1873	297	74	98	37:53
81552	1677	297	25	99	37:58
81553	1547	297	75	100	37:58
81554	3229	297	26	101	38:01
81555	1880	297	76	102	38:04
81556	1633	297	77	103	38:06
81557	3719	297	27	104	38:10
81558	1601	297	78	105	38:10
81559	1612	297	79	106	38:11
81560	2255	297	80	107	38:16
81561	1490	297	81	108	38:17
81562	1653	297	82	109	38:18
81563	1616	297	83	110	38:23
81564	3729	297	28	111	38:29
81565	3577	297	29	112	38:35
81566	1636	297	84	113	38:38
81567	3433	297	85	114	38:39
81568	2244	297	30	115	38:47
81569	1940	297	86	116	38:59
81570	1715	297	31	117	39:00
81571	1487	297	87	118	39:08
81572	1681	297	32	119	39:16
81573	3588	297	88	120	39:17
81574	3511	297	33	121	39:35
81575	3187	297	34	122	39:45
81576	3489	297	89	123	39:51
81577	1721	297	90	124	39:54
81578	3188	297	91	125	39:56
81579	2273	297	35	126	40:01
81580	1699	297	92	127	40:03
81581	3844	297	93	128	40:10
81582	2485	297	36	129	40:14
81583	3599	297	37	130	40:15
81584	1574	297	94	131	40:21
81585	1664	297	38	132	40:27
81586	1900	297	39	133	40:28
81587	3596	297	40	134	40:42
81588	1722	297	41	135	40:59
81589	1887	297	42	136	40:59
81590	3597	297	43	137	41:17
81591	2257	297	44	138	41:20
81592	3657	297	45	139	41:22
81593	3723	297	46	140	41:23
81594	3732	297	95	141	41:24
81595	1697	297	47	142	41:25
81596	3659	297	48	143	41:28
81597	3195	297	49	144	41:30
81598	1717	297	50	145	41:38
81599	2291	297	51	146	41:51
81600	3811	297	96	147	42:03
81601	1661	297	52	148	42:08
81602	1746	297	97	149	42:13
81603	3583	297	53	150	42:19
81604	1906	297	98	151	42:20
81605	3730	297	99	152	42:21
81606	3163	297	100	153	42:22
81607	2371	297	101	154	42:23
81608	3755	297	102	155	42:24
81609	1683	297	103	156	42:30
81610	1763	297	54	157	42:34
81611	3642	297	104	158	42:39
81612	3762	297	55	159	42:44
81613	1988	297	56	160	42:49
81614	1905	297	105	161	42:52
81615	1688	297	106	162	42:55
81616	1774	297	107	163	43:02
81617	2553	297	57	164	43:14
81618	2368	297	58	165	43:17
81619	1982	297	59	166	43:22
81620	1918	297	60	167	43:28
81621	1689	297	108	168	43:29
81622	1958	297	109	169	43:32
81623	2269	297	61	170	43:33
81624	2139	297	110	171	43:42
81625	1539	297	111	172	43:43
81626	1735	297	62	173	44:06
81627	1912	297	112	174	44:12
81628	3764	297	113	175	44:13
81629	3721	297	114	176	44:14
81630	3802	297	63	177	44:18
81631	1964	297	64	178	44:19
81632	3237	297	65	179	44:19
81633	3734	297	66	180	44:24
81634	1971	297	67	181	44:37
81635	3687	297	68	182	44:41
81636	3622	297	69	183	44:42
81637	1983	297	70	184	44:44
81638	2279	297	71	185	44:51
81639	3766	297	72	186	44:54
81640	2277	297	73	187	44:55
81641	1795	297	115	188	44:57
81642	1758	297	116	189	45:01
81643	1663	297	117	190	45:05
81644	1957	297	118	191	45:11
81645	2264	297	74	192	45:23
81646	3692	297	75	193	45:31
81647	1981	297	76	194	45:32
81648	3812	297	77	195	45:48
81649	1777	297	78	196	45:58
81650	2058	297	79	197	45:59
81651	2670	297	119	198	46:01
81652	1691	297	80	199	46:17
81653	1656	297	81	200	46:19
81654	1766	297	82	201	46:24
81655	1980	297	83	202	46:30
81656	1788	297	120	203	46:31
81657	3736	297	84	204	46:33
81658	1975	297	85	205	46:40
81659	1799	297	86	206	46:41
81660	1687	297	87	207	47:01
81661	2280	297	121	208	47:09
81662	3698	297	88	209	47:13
81663	3706	297	89	210	47:13
81664	3767	297	122	211	47:24
81665	1979	297	90	212	48:06
81666	1743	297	123	213	48:08
81667	3722	297	91	214	48:12
81668	3731	297	124	215	48:13
81669	2282	297	92	216	48:19
81670	1751	297	93	217	48:41
81671	3629	297	125	218	48:42
81672	2400	297	94	219	48:46
81673	1801	297	95	220	48:47
81674	2144	297	96	221	48:49
81675	1787	297	97	222	49:22
81676	2296	297	98	223	49:35
81677	2294	297	99	224	49:47
81678	3768	297	100	225	49:59
81679	1744	297	126	226	50:40
81680	1723	297	127	227	51:07
81681	1781	297	128	228	51:08
81682	1998	297	101	229	51:17
81683	3738	297	102	230	51:18
81684	2276	297	103	231	51:22
81685	2320	297	104	232	51:23
81686	1829	297	129	233	51:39
81687	1813	297	105	234	51:50
81688	1814	297	130	235	51:51
81689	3739	297	106	236	51:57
81690	1797	297	131	237	52:10
81691	1807	297	132	238	52:32
81692	2310	297	107	239	52:43
81693	1822	297	108	240	52:50
81694	2562	297	109	241	53:25
81695	1769	297	110	242	54:04
81696	1700	297	133	243	54:26
81697	3772	297	111	244	54:32
81698	3774	297	112	245	54:47
81699	3740	297	113	246	55:59
81700	2314	297	114	247	56:53
81701	3839	297	115	248	58:29
81702	3845	297	116	249	58:30
81703	3743	297	117	250	58:45
81704	1836	297	134	251	1:01:19
81705	3775	297	118	252	1:01:55
81706	3742	297	135	253	1:02:17
81707	3846	297	119	254	1:03:16
81708	3708	299	1	1	31:50
81709	1446	299	2	2	32:02
81710	3709	299	1	3	32:04
81711	3674	299	3	4	32:08
81712	1852	299	2	5	32:25
81713	1596	299	4	6	32:28
81714	3552	299	5	7	32:46
81715	2205	299	3	8	32:51
81716	1454	299	6	9	32:53
81717	1448	299	7	10	33:25
81718	1463	299	8	11	33:57
81719	1499	299	9	12	34:01
81720	1437	299	10	13	34:06
81721	2221	299	11	14	34:24
81722	1546	299	12	15	34:45
81723	1927	299	13	16	34:46
81724	3152	299	14	17	34:52
81725	1521	299	15	18	35:08
81726	1936	299	16	19	35:11
81727	3694	299	17	20	35:27
81728	1854	299	18	21	35:32
81729	1450	299	19	22	35:35
81730	3507	299	20	23	35:39
81731	1518	299	4	24	35:47
81732	2467	299	5	25	36:06
81733	1440	299	21	26	36:12
81734	1516	299	22	27	36:14
81735	3559	299	23	28	36:48
81736	1515	299	24	29	36:50
81737	3523	299	25	30	36:52
81738	1464	299	26	31	36:57
81739	1860	299	6	32	37:06
81740	1466	299	27	33	37:11
81741	1469	299	28	34	37:12
81742	1591	299	29	35	37:17
81743	3114	299	7	36	37:33
81744	1502	299	30	37	37:37
81745	3581	299	31	38	37:40
81746	1533	299	32	39	37:45
81747	1481	299	33	40	37:51
81748	1578	299	34	41	37:52
81749	1503	299	35	42	38:02
81750	1928	299	36	43	38:17
81751	1634	299	37	44	38:28
81752	3746	299	38	45	38:29
81753	3565	299	39	46	38:31
81754	2335	299	40	47	38:55
81755	1484	299	41	48	39:09
81756	3585	299	8	49	39:18
81757	1512	299	42	50	39:37
81758	1517	299	43	51	39:48
81759	3589	299	9	52	39:56
81760	2965	299	10	53	40:06
81761	3713	299	44	54	40:09
81762	3711	299	11	55	40:19
81763	1523	299	12	56	40:31
81764	1637	299	45	57	40:42
81765	3714	299	46	58	40:48
81766	3155	299	13	59	40:50
81767	3575	299	47	60	41:01
81768	3234	299	48	61	41:02
81769	1456	299	49	62	41:02
81770	3680	299	50	63	41:05
81771	3749	299	51	64	41:07
81772	3733	299	52	65	41:14
81773	1942	299	53	66	41:16
81774	3719	299	14	67	41:21
81775	1627	299	54	68	41:27
81776	1504	299	55	69	41:31
81777	3580	299	15	70	41:35
81778	3185	299	56	71	41:51
81779	1604	299	57	72	41:56
81780	3720	299	16	73	41:56
81781	3716	299	58	74	41:58
81782	3161	299	17	75	42:06
81783	1490	299	59	76	42:15
81784	1962	299	60	77	42:17
81785	1643	299	18	78	42:19
81786	3542	299	19	79	42:34
81787	3598	299	61	80	42:36
81788	1678	299	62	81	42:36
81789	3754	299	63	82	M
81790	3717	299	20	83	42:51
81791	3848	299	64	84	42:52
81792	3583	299	21	85	42:57
81793	1633	299	65	86	42:59
81794	1622	299	22	87	43:10
81795	1626	299	66	88	43:16
81796	1677	299	23	89	43:17
81797	1636	299	67	90	43:18
81798	1510	299	68	91	43:25
81799	3237	299	24	92	43:27
81800	3574	299	69	93	43:28
81801	3747	299	70	94	43:30
81802	3151	299	71	95	43:31
81803	1873	299	72	96	43:32
81804	3729	299	25	97	43:34
81805	1612	299	73	98	43:37
81806	1630	299	26	99	43:40
81807	3229	299	27	100	43:43
81808	2255	299	74	101	43:52
81809	1487	299	75	102	44:01
81810	3433	299	76	103	44:04
81811	1640	299	77	104	44:05
81812	3722	299	28	105	44:06
81813	1653	299	78	106	44:18
81814	3690	299	79	107	44:21
81815	1628	299	80	108	44:24
81816	3577	299	29	109	44:26
81817	3787	299	81	110	44:27
81818	3165	299	30	111	44:33
81819	3844	299	82	112	44:43
81820	1639	299	83	113	44:46
81821	1580	299	84	114	44:48
81822	3489	299	85	115	44:49
81823	3659	299	31	116	44:53
81824	3837	299	32	117	44:56
81825	3188	299	86	118	44:59
81826	1940	299	87	119	45:02
81827	3588	299	88	120	45:29
81828	1699	299	89	121	45:31
81829	2485	299	33	122	45:45
81830	3187	299	34	123	45:56
81831	3730	299	90	124	45:58
81832	3731	299	91	125	45:59
81833	1574	299	92	126	46:00
81834	1667	299	35	127	46:02
81835	1887	299	36	128	46:12
81836	3596	299	37	129	46:13
81837	1722	299	38	130	46:35
81838	1900	299	39	131	46:50
81839	1664	299	40	132	46:51
81840	1697	299	41	133	46:52
81841	1681	299	42	134	46:53
81842	3195	299	43	135	47:01
81843	2257	299	44	136	47:30
81844	3597	299	45	137	47:34
81845	2368	299	46	138	47:35
81846	2291	299	47	139	47:42
81847	2249	299	93	140	47:52
81848	2224	299	94	141	47:54
81849	1906	299	95	142	48:01
81850	2371	299	96	143	48:04
81851	1710	299	48	144	48:11
81852	1746	299	97	145	48:13
81853	1975	299	49	146	48:14
81854	2139	299	98	147	48:16
81855	1539	299	99	148	48:18
81856	2287	299	50	149	48:26
81857	3643	299	51	150	48:27
81858	1982	299	52	151	48:40
81859	2553	299	53	152	48:52
81860	1605	299	100	153	49:04
81861	2097	299	54	154	49:09
81862	1689	299	101	155	49:10
81863	1957	299	102	156	49:27
81864	3763	299	103	157	49:35
81865	1714	299	55	158	49:38
81866	1688	299	104	159	49:39
81867	1774	299	105	160	49:43
81868	1905	299	106	161	49:59
81869	3812	299	56	162	50:00
81870	3723	299	57	163	50:03
81871	1988	299	58	164	50:05
81872	2276	299	59	165	50:07
81873	1983	299	60	166	50:11
81874	1718	299	107	167	50:20
81875	1735	299	61	168	50:22
81876	3715	299	108	169	50:29
81877	1795	299	109	170	50:44
81878	1918	299	62	171	50:52
81879	1980	299	63	172	50:53
81880	2279	299	64	173	51:00
81881	3721	299	110	174	51:11
81882	1740	299	65	175	51:13
81883	2058	299	66	176	51:34
81884	2670	299	111	177	51:49
81885	1777	299	67	178	52:00
81886	3764	299	112	179	52:01
81887	3736	299	68	180	52:09
81888	1693	299	69	181	52:16
81889	3594	299	70	182	52:17
81890	3700	299	113	183	52:33
81891	1899	299	114	184	52:34
81892	3842	299	71	185	52:37
81893	3766	299	72	186	53:16
81894	3246	299	115	187	53:24
81895	2280	299	116	188	53:27
81896	3629	299	117	189	53:40
81897	1801	299	73	190	54:01
81898	1964	299	74	191	54:21
81899	2282	299	75	192	54:22
81900	1700	299	118	193	54:23
81901	1763	299	76	194	54:24
81902	1805	299	77	195	54:32
81903	1732	299	78	196	54:33
81904	2167	299	79	197	54:36
81905	3698	299	80	198	54:40
81906	3706	299	81	199	54:41
81907	1979	299	82	200	54:48
81908	1815	299	119	201	55:07
81909	2144	299	83	202	55:14
81910	1691	299	84	203	55:21
81911	2400	299	85	204	55:26
81912	1799	299	86	205	55:43
81913	1787	299	87	206	55:44
81914	3203	299	120	207	55:48
81915	1781	299	121	208	55:57
81916	1814	299	122	209	56:18
81917	3849	299	123	210	56:23
81918	1723	299	124	211	57:33
81919	2586	299	88	212	57:37
81920	2310	299	89	213	57:42
81921	1822	299	90	214	57:43
81922	3850	299	91	215	58:00
81923	2320	299	92	216	58:00
81924	3851	299	93	217	58:01
81925	1743	299	125	218	58:02
81926	1751	299	94	219	59:41
81927	1829	299	126	220	1:01:03
81928	3772	299	95	221	1:01:42
81929	1797	299	127	222	1:01:56
81930	1807	299	128	223	1:02:19
81931	2314	299	96	224	1:02:59
81932	3774	299	97	225	1:03:35
81933	3742	299	129	226	1:06:53
81934	3212	299	130	227	1:07:22
81935	3743	299	98	228	1:08:40
81936	3741	299	99	229	1:09:18
81937	3775	299	100	230	1:10:24
81938	1733	299	131	231	1:12:53
81939	3739	299	101	232	1:15:43
81940	1790	299	132	233	1:15:44
81941	3708	300	1	1	1:28:08
81942	3709	300	1	2	1:28:11
81943	1852	300	2	3	1:28:27
81944	2205	300	3	4	1:28:52
81945	1446	300	2	5	1:29:21
81946	1463	300	3	6	1:29:36
81947	1454	300	4	7	1:29:38
81948	1437	300	5	8	1:31:50
81949	3151	300	6	9	1:31:59
81950	1450	300	7	10	1:32:51
81951	1596	300	8	11	1:33:03
81952	3852	300	9	12	1:33:13
81953	1499	300	10	13	1:33:32
81954	1511	300	11	14	1:33:58
81955	3552	300	12	15	1:34:11
81956	1452	300	13	16	1:34:24
81957	2221	300	14	17	1:34:33
81958	3553	300	15	18	1:35:21
81959	3507	300	16	19	1:36:20
81960	1521	300	17	20	1:36:34
81961	3559	300	18	21	1:36:48
81962	1518	300	4	22	1:37:02
81963	2234	300	5	23	1:37:19
81964	1855	300	19	24	1:37:20
81965	1927	300	20	25	1:37:39
81966	1473	300	21	26	1:37:42
81967	1854	300	22	27	1:37:46
81968	2276	300	6	28	1:38:04
81969	1936	300	23	29	1:38:52
81970	1957	300	24	30	1:39:02
81971	1458	300	25	31	1:39:35
81972	3694	300	26	32	1:39:54
81973	1500	300	7	33	1:40:37
81974	1516	300	27	34	1:41:04
81975	1860	300	8	35	1:41:30
81976	3554	300	28	36	1:41:32
81977	1871	300	29	37	1:41:33
81978	3853	300	30	38	1:41:50
81979	1466	300	31	39	1:42:21
81980	1533	300	32	40	1:42:31
81981	1850	300	33	41	1:42:41
81982	2762	300	34	42	1:43:15
81983	1498	300	35	43	1:43:22
81984	1472	300	36	44	1:43:47
81985	1456	300	37	45	1:43:55
81986	2228	300	38	46	1:44:08
81987	1880	300	39	47	1:44:15
81988	3114	300	9	48	1:44:31
81989	1440	300	40	49	1:45:12
81990	1515	300	41	50	1:45:20
81991	1502	300	42	51	1:45:38
81992	3555	300	43	52	1:46:19
81993	1591	300	44	53	1:46:35
81994	3589	300	10	54	1:47:02
81995	3713	300	45	55	1:47:42
81996	1637	300	46	56	1:47:48
81997	3854	300	47	57	1:48:02
81998	1503	300	48	58	1:48:20
81999	1549	300	49	59	1:48:36
82000	1610	300	11	60	1:48:52
82001	1884	300	50	61	1:49:13
82002	1716	300	51	62	1:50:00
82003	1512	300	52	63	1:50:06
82004	1898	300	53	64	1:50:28
82005	3855	300	54	65	1:51:35
82006	1469	300	55	66	1:52:13
82007	3585	300	12	67	1:52:15
82008	3565	300	56	68	1:52:19
82009	1484	300	57	69	1:52:43
82010	3716	300	58	70	1:53:00
82011	3720	300	13	71	1:53:01
82012	3569	300	14	72	1:53:10
82013	3584	300	15	73	1:53:19
82014	1622	300	16	74	1:53:25
82015	1547	300	59	75	1:53:48
82016	1606	300	60	76	1:53:57
82017	3690	300	61	77	1:54:10
82018	3719	300	17	78	1:54:10
82019	3733	300	62	79	1:54:46
82020	1627	300	63	80	1:55:46
82021	1517	300	64	81	1:56:30
82022	1604	300	65	82	1:56:53
82023	1972	300	66	83	1:57:05
82024	3542	300	18	84	1:57:16
82025	3714	300	67	85	1:57:25
82026	1556	300	68	86	1:57:34
82027	1886	300	19	87	1:58:21
82028	1954	300	69	88	1:58:39
82029	1942	300	70	89	2:00:49
82030	1640	300	71	90	2:01:40
82031	3729	300	20	91	2:01:47
82032	3577	300	21	92	2:02:39
82033	1541	300	22	93	2:02:46
82034	1887	300	23	94	2:03:20
82035	3754	300	72	95	M
82036	3856	300	73	96	2:04:01
82037	1574	300	74	97	2:04:26
82038	3857	300	24	98	2:04:36
82039	1717	300	25	99	2:04:43
82040	3858	300	75	100	2:05:33
82041	3237	300	26	101	2:05:43
82042	2049	300	76	102	2:05:44
82043	1677	300	27	103	2:06:03
82044	3722	300	28	104	2:06:15
82045	3721	300	77	105	2:07:37
82046	3317	300	78	106	2:07:44
82047	1667	300	29	107	2:08:08
82048	1630	300	30	108	2:08:33
82049	3790	300	79	109	2:08:48
82050	3859	300	80	110	2:08:49
82051	1664	300	31	111	2:08:50
82052	1895	300	81	112	2:08:51
82053	3860	300	32	113	2:08:53
82054	3861	300	82	114	2:09:01
82055	1643	300	33	115	2:09:13
82056	1639	300	83	116	2:09:58
82057	1900	300	34	117	2:10:56
82058	3862	300	84	118	2:10:58
82059	2257	300	35	119	2:11:04
82060	1699	300	85	120	2:11:12
82061	2273	300	36	121	2:11:24
82062	3489	300	86	122	2:11:37
82063	3731	300	87	123	2:11:44
82064	3511	300	37	124	2:12:52
82065	1722	300	38	125	2:12:55
82066	3598	300	88	126	2:13:54
82067	1678	300	89	127	2:14:08
82068	3837	300	39	128	2:14:16
82069	1721	300	90	129	2:15:17
82070	1697	300	40	130	2:16:30
82071	3762	300	41	131	2:17:25
82072	1746	300	91	132	2:18:52
82073	2349	300	92	133	2:19:20
82074	3680	300	93	134	2:19:50
82075	1620	300	94	135	2:19:54
82076	2269	300	42	136	2:21:33
82077	1899	300	95	137	2:24:24
82078	1912	300	96	138	2:24:39
82079	1906	300	97	139	2:24:39
82080	3763	300	98	140	2:28:58
82081	1980	300	43	141	2:29:26
82082	3246	300	99	142	2:29:39
82083	1689	300	100	143	2:29:49
82084	1918	300	44	144	2:31:51
82085	1688	300	101	145	2:31:53
82086	1718	300	102	146	2:32:20
82087	3736	300	45	147	2:35:16
82088	1973	300	103	148	2:35:17
82089	2144	300	46	149	2:36:28
82090	1781	300	104	150	2:36:46
82091	3723	300	47	151	2:42:22
82092	3739	300	48	152	2:51:17
82093	1829	300	105	153	2:57:09
82094	2314	300	49	154	3:06:25
\.


--
-- TOC entry 2963 (class 0 OID 17137)
-- Dependencies: 205
-- Data for Name: runner; Type: TABLE DATA; Schema: public; Owner: postgres
--

COPY public.runner (id, name, gender) FROM stdin;
1433	Stephen Hallman	M
1434	Eric Bofinger	M
1435	Mickey Moorhead	M
1436	Jason Devine	M
1437	Peter Lederer	M
1438	Stewart Conard	M
1439	Mike Gross	M
1440	Thomas Beerbower	M
1441	Matthew Hastings	M
1442	Scott Brockett	M
1443	Matt Wolf	M
1444	Chuck Thompson	M
1445	Andrew Flinn	M
1446	Martin Nat	M
1447	James Bogan	M
1448	Vitaly Belotserkovsky	M
1449	Dan Wallace	M
1450	Michael Karl	M
1451	Harris Brenner	M
1452	Samuel Cler	M
1453	Christopher Thompson	M
1454	Joe Holton	M
1455	Chuck Shields	M
1456	Michael Geberth	M
1457	Katie Irelan	F
1458	Justin Christensen	M
1459	Bill Gould	M
1460	Joe Gorberg	M
1461	Shaun Foley	M
1462	Vinny Borocci	M
1463	Joe Haughey	M
1464	Tim Zwall	M
1465	Jonathan Shackman	M
1466	David McGinn	M
1467	Daniel Schaal	M
1469	Anthony Accardo	M
1470	Robert Motz	M
1471	Walt Hawthorne	M
1472	Mitchell Hajdak	M
1473	Steven Pettingill	M
1474	Sara Dennis	F
1475	David Pannepacker	M
1476	Christoph Stannik	M
1478	Thomas Hanna	M
1479	Ken Beck	M
1480	Jim Matthews	M
1481	John Delp	M
1482	Michael Brown	M
1483	Jeff Ondria	M
1484	Brian Minster	M
1485	Jackie Lewis	F
1486	Mark Eiler	M
1487	John O'Brien	M
1488	Bill Holdsworth	M
1489	Nicholas Hance	M
1490	Fred Gropper	M
1491	Gretchen Krause	F
1492	Camilla Drobac	F
1493	Brianna Kling	F
1494	Emma Zwall	F
1496	Christopher Mortensen	M
1497	Steve Price	M
1498	Gary Nolan	M
1499	Kevin McKale	M
1500	Janet Lewis	F
1501	Joanne Klempner	F
1502	James Larson	M
1503	Joe Boyce	M
1504	Jay Ricco	M
1505	Kristi Goodwin	F
1506	Daniel Metz	M
1507	Tom Hanna	M
1508	Martin Donaldson	M
1509	John McNichol	M
1510	Mike Acer	M
1511	Richard Kanak	M
1512	Douglas Resnick	M
1513	Abigail Zwall	F
1514	Caroline Brandt	F
1515	Dave Lubbe	M
1516	Stuart Taylor	M
1517	Nick Accardo	M
1518	Christine Lloyd	F
1519	Steve Cickay	M
1520	Adam Samit	M
1521	Lawren Smithline	M
1522	Daniel Ng	M
1523	Ariel Braverman	F
1524	Tom Fuoco	M
1525	Barbara Hamisi	F
1526	Marcus Murphy	M
1527	Greg Reilly	M
1528	Denise Himmelheber	F
1529	Tim Brandt	M
1530	Thomas Peterson	M
1531	Jessica Frick	F
1533	Geoff Simpson	M
1534	Heidi Neuhauser	F
1536	Kevin Crail	M
1537	Jennifer Swerida	F
1538	Justin Langlois	M
1539	Marty McMahon	M
1540	Robert Nace	M
1541	Susan Lee-Miller	F
1542	Matthew Paul	M
1543	Eric Korb	M
1544	David Kottcamp	M
1545	Christina Shadle	F
1546	Sean Bridge	M
1547	Joshua Gross	M
1548	Robert Huffnagle	M
1549	Cliff Strauss	M
1550	Kristen Stout	F
1551	Amy Bignault	F
1552	Lori Holdsworth	F
1553	Kelsie McGurrin	F
1554	Raul Schmidt	M
1555	Brian Smith	M
1556	Bob Brauckmann	M
1557	Joshua House	M
1558	Eric Cammarato	M
1559	Joe Silva	M
1560	Saramarie Bittman	F
1561	Tina Walters	F
1562	Charles Bell	M
1563	Kelly Maher	F
1564	Suzi Beck	F
1565	Morgan Leh	F
1566	Katie Phillips	F
1567	Gabe Franc	M
1568	Justin Harnishfeger	M
1569	Mark Evorik	M
1570	Thomas Webster	M
1571	Edward Buck	M
1572	Kurt Krause	M
1573	Greg Zesinger	M
1574	Mark Harnishfeger	M
1575	Jeff Warmkessel	M
1576	John Franc	M
1577	Maggie Murphy	F
1578	Robert Schilk	M
1579	Bill Stubbs	M
1580	George Lazarides	M
1581	Todd Leff	M
1582	Angela Griffis	F
1583	Cameron McKinley	M
1584	Ken Medley	M
1585	Scott Simon	M
1586	Michael Drobac	M
1587	Kathleen Czupich	F
1588	Rick Tempestini	M
1589	Brian Abrams	M
1590	Marion Mass	F
1591	Jim Maze	M
1592	Christine Hancock	F
1593	Euihwa Lee	M
1594	Nikita Poland	F
1595	Lisa Kall	F
1596	Ethan Frank	M
1597	Kimberly McPoyle	F
1598	Brian Small	M
1599	Avery McLaughlin	F
1600	Jerry McLaughlin	M
1601	Stephen Hess	M
1602	Meghan Krause	F
1603	Sarah Burkholder	F
1604	Bill Schaffling	M
1605	Stephen Moyer	M
1606	Todd Search	M
1607	Sean Downey	M
1608	Anthony Gambescia	M
1609	Rob Schmauk	M
1610	Lisa Weaver	F
1611	Edward Klenk	M
1612	Scott Demouth	M
1614	David Domzalski	M
1615	Tracye Gilliam	F
1616	Michael Buchakjian	M
1617	Walt Ruday	M
1618	Zoe Fienman	F
1619	Jane Hall	F
1620	Howard Cohen	M
1621	Lauri Paloni	F
1622	Emily Peifer	F
1623	Robert Esterly	M
1624	Samantha Conard	F
1625	Andy Harnishfeger	M
1626	Steven Davis	M
1627	Bob Peifer	M
1628	Jim Stein	M
1629	Timothy Damiani	M
1630	Amy Accardo	F
1631	Robyn Burke	F
1632	Bethany Coleman	F
1633	Roelan Teachey	M
1634	Tony Pereira	M
1635	Brian Jones	M
1636	Scott Craig	M
1637	Justin Bursk	M
1638	Dave Sargent	M
1639	Brandon Tillo	M
1640	Robert Lamb	M
1641	Karen Webster	F
1642	Ian Hay	M
1644	Vincent Colletti	M
1645	Bob Hardcastle	M
1646	Ivana Camacho	F
1648	John McGurrin	M
1649	Tracey Kling	F
1650	Kevin Grevera	M
1651	Franco Benotto	M
1652	Nicole Kocis	F
1653	Michael Giampietro	M
1654	Anne Kather Bromm	F
1655	Christy Staily	F
1656	Linda Delp	F
1657	Matthew Wilhelm	M
1658	Nathan Beard	M
1659	Albert Siuta	M
1660	Cory Steiner	M
1661	Cindy Wallace	F
1662	Brian Nishitani	M
1663	Timothy Atwood	M
1664	Stephanie Dubyk	F
1665	Paul Berry	M
1666	Pam Keller	F
1667	Lisa Borine	F
1668	Jeffrey Hershman	M
1669	Jeanine Stanya	F
1670	Jennifer Cecchi	F
1671	Jenny Zilberberg	F
1673	Christine Marsden	F
1674	Lauren Smith	F
1675	Lauren Arciuolo	F
1676	Susan Cosgrove	F
1677	Holly Pantalone	F
1678	Michael Pantalone	M
1679	Patricia Graefe	F
1680	Michele Szumila	F
1681	Dawn Wolford	F
1682	Eric Stein	M
1683	Mike Crane	M
1684	Shari Senior	F
1685	Kevin Mulvey	M
1686	Peter Michael	M
1687	Brynn Z. Zwickel	F
1688	Rich Dunning	M
1689	Neal Davis	M
1690	Floyd Carl	M
1691	Emily Grace	F
1692	Jill Case-Leestma	F
1693	Rachelle Kosoff	F
1694	Benjamin House	M
1695	Chris Cammarato	M
1696	Aisha Khan	F
1697	Kellil Sendel	F
1698	Kevin Delaney	M
1699	John Wilhelm	M
1700	Ned Weiss	M
1701	Scott Franks	M
1702	Fred Leh	M
1703	Dre Wilusz	M
1704	Leanne Storer	F
1705	Carolyn Joniak	F
1706	Lauren McBrearty	F
1707	Iris Del Castillo-Beto	F
1708	Shawn Kaplan	M
1709	Marc Sabo	M
1710	Dawn Mullen	F
1711	Ellen Nolan	F
1713	Vince Matyi	M
1714	Kit Schweiker	F
1715	Julie Whittemore	F
1716	Bryan Obarowski	M
1717	Lynn Lubbe	F
1718	Alan Braverman	M
1719	Suzanne Evans	F
1720	Sue Allex	F
1721	Richard Coogan	M
1722	Kathy Hahn	F
1723	Skip Schanbacker	M
1724	Rosie Murphy	F
1725	Victoria Reilly	F
1726	Nikkii Kashtub	F
1727	Elle Kaplan	F
1728	Karin Birgel	F
1729	Jessica Lawall	F
1730	Ken Lawall	M
1731	Colin Murphy	M
1732	Regina Schneider	F
1733	George McClellan	M
1734	Sean Cohen	M
1735	Julie Kardos	F
1736	Tonita Balcom	F
1737	Stacy Rosenthal	F
1738	Karen Laird-Dawkins	F
1739	Renee Perrutle	F
1740	Aimee Belgard	F
1742	Nelson Dunham	M
1743	Neil Brown	M
1744	Bruce Henderson	M
1745	Wayne Tallman	M
1746	David Nash	M
1747	Mike Barbacano	M
1748	Margaret Hibbs	F
1749	Katherine Burns	F
1750	Vera Romano	F
1751	Rachel Beard	F
1752	Gina Marston	F
1753	Jessica Mauer	F
1754	Tom Dillon	M
1755	Lindsey Goldman	F
1756	Rachel Mauer	F
1643	Jennifer Nat	F
1757	Kristi Morris	F
1758	Jason Lieberman	M
1759	Ansley Stauffer	F
1760	David Payne	M
1761	Shannan Gagliardi	F
1762	Joy Robinson	F
1763	Claire Reichel	F
1764	Justin Adair	M
1765	Nicole Sermarini	F
1766	Maureen Emmons	F
1767	Bevin Westfield	F
1768	Mallory Flynn	F
1769	Kate Galinus	F
1770	Chris Resnick	F
1771	Christina Ott	F
1772	Stephanie Rothrock	F
1773	Bill Ng	M
1774	Ken Ross	M
1775	Jennifer Ross	F
1776	Natalia Armoza	F
1777	Paula Teachey	F
1778	Margaret Matiko	F
1779	Lisa Weitzman	F
1780	Michelle Wood	F
1781	Rod Messenger	M
1782	Kylie Leff	F
1783	John Prajzner	M
1784	John Morel	M
1785	Barbara Jacobelli	F
1786	Rex Hay	M
1787	Sharon Schanbacker	F
1788	Randy Maugle	M
1789	Devin Lowery	M
1790	Mark McCowan	M
1791	Amy Axel	F
1792	Greg House	M
1793	George Holiday	M
1794	Gary Lumpkin	M
1795	Pat McCloskey	M
1796	William Evans	M
1797	Eric Tobias	M
1798	Lynne Adams	F
1799	Roseann Riley	F
1801	Regina Hastings	F
1802	Ryan Harnishfeger	M
1803	Haydee Lowry	F
1804	Audrey Hale	F
1805	Kaleena Hale	F
1806	Brian Loftus	M
1807	Philip Miele	M
1808	Tina Masi	F
1809	Robin Wagner	F
1810	David O'Donnell	M
1811	Mike Markle	M
1812	Angela Walsh	F
1813	Amy Campbell	F
1814	Stephen White	M
1815	Neil Clark	M
1816	Angela Marchetti	F
1817	Kathy Lee	F
1818	Mary Eiler	F
1819	Jaclyn Vanwert	F
1820	Michael Vanwert	M
1821	Serena Lee	F
1822	Olivetta Martin	F
1823	Bouchra Heiba	F
1824	Christina Sisti	F
1825	Ingrid Trotman	F
1826	Howard Kohler	M
1827	Vickie Reinecker	F
1828	Amy Del Guerico	F
1829	James Higgins	M
1830	Ted Czupich	M
1831	Randy Czupich	M
1832	Hannah Boyle	F
1833	Ken Boyle	M
1834	Sam Czupich	M
1835	Meg Yoho	F
1836	Peter Connors	M
1837	Aaron Weinstein	M
1838	Brianne Darragh	F
1839	Maryanne Trump	F
1840	Alyssa Friedman	F
1841	Paul Leestma	M
1842	Bill Coyle	M
1843	Jacqueline Lowery	F
1844	Rob Zeiger	M
1845	Paula Coyle	F
1846	Lavern Brown	F
1847	Lisa Hawthorne	F
1848	Patty Murphy	F
1849	Christopher Mallard	M
1850	John Regan	M
1852	Justyna Wilson	F
1854	Bruce Lewis	M
1855	Rob Hoy	M
1856	Jeff Goldman	M
1857	Mike Singh	M
1858	David Kimmel	M
1860	Aroline Hanson	F
1861	Jerrica Bauer	F
1862	David Noa	M
1863	James Nash	M
1864	Gina Capone	F
1865	Rob Warner	M
1866	Jessica Hart	F
1867	Gary Chamberlain	M
1868	Shawn Mindel	M
1869	Jim Baratta	M
1870	Eric Gomes	M
1871	Michael Sock	M
1872	Robert Tona	M
1873	Jerry O'Neill	M
1874	Tim Haggerty	M
1875	Angela Capece	F
1876	Jen McAndrea	F
1877	Danielle Frank	F
1879	Hadjer Ahner	F
1880	Howard Lee	M
1881	Troy Ahner	M
1882	Kyle Smith	M
1883	Kevin Strouse	M
1884	Matt Walters	M
1885	Brian Croly	M
1886	Amy Fayette	F
1887	Renee Harnishfeger	F
1888	Karen Robinson-Cloe	F
1889	Neil Clark, Ii	M
1890	Mauricio Castro	M
1891	Kaity Jackson	F
1892	William Bak	M
1893	Dan Reasoner	M
1894	Deborah Cassidy	F
1895	Joe Quinlan	M
1896	Helen Frees	F
1897	Amy McNutt	F
1898	Breandan Nemec	M
1899	Tim Lenihan	M
1900	Karen Quinlan	F
1901	Lisa Antenucci	F
1902	Mary Harney	F
1903	Ian Senior	M
1904	Joe Carberry	M
1905	Matthew Conard	M
1906	Ed Hawkey	M
1907	Thomas Dreyer	M
1908	Amy Gerstacker	F
1909	Samirah Abdul-Fatta	F
1910	Jim Clark	M
1911	Maria Tobias	F
1912	Juha Hollo	F
1913	Keith Forehand	M
1914	Gil Dacapano	M
1915	Vera Ronzano	F
1916	Stephen Sherman	M
1917	Edwin Kastenhuber	M
1918	Denise Manley	F
1919	Gregory Oates	M
1920	Cheryl King-Marino	F
1921	Cheryl Chambliss	F
1922	Bruce Walsh	M
1923	Elizabeth Hogan	F
1925	Corey Henry	M
1926	Joe Lounsberry	M
1927	Patrick Donadio	M
1928	Gary Corbi	M
1929	John Quinn	M
1930	Kevin Beauparlant	M
1931	Scott Wara	M
1932	Michele Fillette	F
1933	Ashlyn Murphy	F
1934	Jon Liney	M
1935	Ray MacWilliams	M
1936	Robert Boland	M
1937	Kyle Hummerston	M
1938	James Walsh	M
1939	Fran Reed	M
1940	Patrick Goodwin	M
1941	Jendi Karpi	F
1942	Bruce Kuo	M
1943	Todd Sailer	M
1944	Brian Frederick	M
1945	Gary Marx	M
1946	Tom Curbishley	M
1947	William Yeager	M
1948	Bill Sands	M
1949	Traci Cleary	F
1950	Stacy Flaville-Boop	F
1952	Johannes Cloete	M
1953	Eric Stern	M
1954	John Boles	M
1955	Joyce Marshall	F
1956	Mike Wojton	M
1957	Jim Agger	M
1958	Glenn Cohen	M
1959	Hecter Marera	M
1960	Dolly Dennery	F
1962	Tyler Murphy	M
1963	James McCafferty	M
1964	Katherine McKinney	F
1965	Johnny King-Marino	M
1966	Chris Tobias	M
1967	Andrew Reiter	M
1968	Shannon Cowan	F
1969	Kathleen Heyman	F
1970	Bonnie Calabrese	F
1971	Valerie Maugle	M
1972	Ian Smith	M
1973	Billy Lane	M
1974	John Burrows	M
1975	Vicki Ziesel-Frick	F
1976	Molly Stewart	F
1977	Cathleen Stewart	F
1979	Sharon Sein	F
1980	Sharon Wilusz	F
1981	Heather Haegele	F
1982	Maureen Slade	F
1983	Susan Mester	F
1984	Joe Curcio	M
1985	Kathleen Schreffler	F
1986	Chris Behm	M
1987	Jessica Weckenman	F
1988	Maureen Eife	F
1989	Lisa James	F
1990	Art Burger	M
1991	Carla Capriotti	F
1993	Beth Murphy	F
1994	Brianne Sutton	F
1995	Kelly Papouschek	F
1996	Robert McGill	M
1997	Maria Jimenez	F
1998	Sophia Nekoranik	F
1999	Kelly McCaffery	F
2000	Stephanie Wood	F
2001	Darryl Francomarere	M
2002	Maureen Haegele	F
2003	Matthew Tucholke	M
2004	Theresa Smith	F
2005	Doris Mariani	F
2006	Morgan Axel	F
2007	Irina Dmitrenko	F
2008	Minah Yu	F
2009	Annmarie Ely	F
2010	Monica Baxter	F
2011	Barbara Burger	F
2012	Alison Minnichbach	F
2013	Patrick Dineen	M
2014	Joe Haughey III	M
2015	Sean Larkin	M
2017	Maggie Kanak	F
2018	Paul Burger	M
2019	Colin Benjamin	M
2020	Joe Warnial	M
2021	Ian Sandberg	M
2022	Geoff Ricco	M
2023	Nicole Curran	F
2024	Bryn Gorberg	F
2025	Adam Henderson	M
2026	Chrystal Molnar	F
2027	Tyler Kaplan	M
2028	Jason Fillette	M
2029	Lauren Drake	F
2030	Christopher Bostian	M
2031	Tom Miller	M
2032	Jackie Moruzzi	F
2033	Phillip Soccio	M
2034	Ken Kideckel	M
2035	Lauren Brauchman	F
2036	Christopher Marshal	M
2037	Nathan Rellis	M
2038	Mark Carlton	M
2039	Joanne McFichly	F
2040	Susan Bostian	F
2041	Derek Dominek	M
2042	Jon Drake	M
2043	Vicki Miller	F
2044	Liz Dineen	F
2045	Aaron Gross	M
2046	Janet Kritzer	F
2047	Christine Griffin	F
2049	Bruce Eklund	M
2050	Wendal Frinkle	M
2051	Michele Haughey	F
2052	Alaina Tweddale	F
2053	Sarah Cosgrove	F
2054	Andrew Hollister	M
2055	Cooper Walters	M
2056	Kim Denicore	F
2057	Pam Arciuolo	F
2058	Elizabeth Spiers	F
2059	Steven Louella	M
2060	Anna Frymire	F
2061	Laura Morocco	F
2062	Jillian Lukens	F
2063	Dana Lewandowski	F
2064	Pat Kilgannon	F
2065	Michlle McNulty	F
2066	Andrew De Beaulac	M
2067	Dave Gehman	M
2068	Jack Shouldis	M
2069	Michelle McKean	F
2070	Denise Czarnecki	F
2071	John Dale	M
2072	Kelli Mullen	F
2073	Todd Hobbs	M
2074	Heather Lea Morgan	F
2075	Laura Hughes	F
2076	Beth Davidson	F
2077	Michele Leblanc	F
2078	Andi Eklund	F
2080	Hilda Tucubal	F
2081	Josie Eklund	F
2082	Ayesha Demond-Angel	F
2083	Christina O'Connell	F
2084	Shelly Sykes	F
2085	Christina Stewart	F
2086	Laura Antenucci	F
2087	Cime Eklund	F
2088	Terry Clemens	F
2089	Mike Nelson	M
2090	Chris Evans	M
2091	Christopher Terepka	M
2092	Jp Kallelis	M
2093	Joe Cammarato	M
2094	Chris Arciuolo	M
2095	Michele Faul	F
2096	Kevin O'Malley	M
2097	Dawn Kunz	F
2099	Stacey Miller	F
2100	Maura Mullen	F
2101	Sharon Miller	F
2102	Gregg Holst	M
2103	Andrew Lawlor	M
2104	Guy Dela Rosa	M
2105	Laura Hererra	F
2106	Tiffany Kidd	F
2107	Mary Wierzbicki	F
2108	Jack Callendar	M
2109	Alex Caridco	M
2110	Christian Carabello	M
2111	Darayus Gorimer	M
2112	Robert Grabas	M
2113	Paul Snyder	M
2114	Alex Byrnes	M
2115	Christine Weisshaer	F
2116	Ryan Brennan	M
2117	Brian Voorhees	M
2118	Jennifer Pan	F
2119	Joe Farace	M
2120	Dougin Walker	M
2121	Mary Ann Keep	F
2123	Kristine Byrnes	F
2124	Jill Kralovanec	F
2125	Pat Mahon	F
2126	Jesse Swanson	F
2127	John Buzansky	M
2128	Melissa Brunckhorst	F
2129	Peter Gilles	M
2130	Maria Francomacaro	F
2132	Brandon Korb	M
2133	Joey Siuta	M
2134	Nick Sutton	M
2135	Michael Culnan	M
2136	Emily Walsh	F
2137	Brad Loescher	M
2138	Dennis Runyen	M
2139	Joe Suder	M
2140	Zach Martin	M
2141	Tiffany So	F
2142	Leslee Sholomskas	F
2143	Nikki Kashub	F
2144	Julia Kennedy	F
2145	Rob Hartman	M
2146	Alex Stewart	M
2147	Kristine Longshore	F
2148	Anna Gambescia	F
2149	Mikayla Stewart	F
2150	Michael Peterson	M
2151	James David	M
2152	Rj Boop	M
2153	Michael McCool	M
2154	Jennifer Holiday-Eg	F
2155	John Kling	M
2156	John Hibbs	M
2157	Ryan Stauffer	M
2158	Chris Griffith	M
2159	Erik Griffith	M
2160	John Molnar	M
2161	Mike Dineen	M
2162	Olivia Oriente	F
2163	Christine Rampe	F
2164	Colleen Brophy	F
2165	Wendy Fricke	F
2166	Tom Delaney	M
2167	Shari Weston	F
2169	Steve Myers	M
2170	Jeffrey Ledbetter	M
2171	Anthony Forrest	M
2172	Stacie Lehmann	F
2173	Barbara Jacobs	F
2174	Amy Lepre	F
2175	Melissa Madden	F
2176	Louis Coppens	M
2177	Colleen Oriente	F
2178	Herbert Dubrow	M
2179	Roger Seasock	M
2180	Joshua Tobias	M
2181	Lance Granlich	M
2182	Daleta Gellor	F
2183	Elizabeth Lenihan	F
2184	Kristen O'Donnell	F
2185	Jennifer Paloni	F
2186	Suzette Sison	F
2187	Shawn McCormick	M
2188	Beth Schurman	F
2189	Rob Lepre	M
2190	Debbie Burns	F
2191	Kristine Peterson	F
2192	Julie Fuoco	F
2193	Lillian Whittemore	F
2194	Emma Tobias	F
2195	Dana De Beaulac	F
2196	Connor Mulvey	M
2197	Amy Gianficaro	F
2198	Arwen Haegele	F
2199	Faylinn Westfield	F
2200	Jaclyn Diyeso	F
2202	Dee Roigne	F
2203	Maria B. Resinski	F
2204	Frank J. Rubino	M
2205	Allyson Thompson	F
2206	Lauren Trinsey	F
2207	Julie Hamnett	F
2216	Andy Shapiro	M
2217	Megan D'Arcangelo	F
2220	Jonathan Elderfield	M
2221	Colm Quinn	M
2222	Ashley Lafferty	F
2223	Phil Davies	M
2224	Peter Nolan	M
2225	Michael Marcus	M
2226	Alejandro Garcia	M
2227	Kirubasanka Thangap	M
2228	Bob McFarlane	M
2229	Paul Zicuis	M
2230	Jennifer McAndrew	F
2231	Anthony Schmidt	M
2232	Mark Wildgust	M
2233	Norris Turner	M
2234	Kayley Heller	F
2235	Rev Rhodes	M
2236	Michael Hammer	M
2237	Jonathon Lubin	M
2238	Pernilla Webber	F
2239	David Rhodes	M
2240	Rona Note	F
2241	Karen Wheeler	F
2242	William Hoernle	M
2243	Kimberly Kliefoth	F
2244	Karen Piazza	F
2245	Veronica Wheeler	F
2246	Jim Alcorn	M
2247	Christine Rannie	F
2248	Janice Axenroth	F
2249	Charles Gromer	M
2250	Ellie Hollo	F
2251	Patty Luizaga	F
2252	Shannon McDonald	F
2253	Clare Daniels	F
2255	Marcus Respes	M
2256	Kevin Barry	M
2257	Elizabeth Agger	F
2258	Elizabeth Lemay	F
2259	Meg Smith	F
2260	Karthic Nagasundara	M
2261	Andrew Hunter	M
2262	Sonia Simpson	F
2263	Christine Schlenker	F
2264	Dawn Frazee	F
2265	Cindy Crayder	F
2266	Erica James	F
2267	Deborah Robins	F
2268	Aisha O'Donnell	F
2269	Lori Gerber	F
2270	Brad Colbeck	M
2271	Megan Fennelly	F
2272	Jenna Gault	F
2273	Helen Kunigonis	F
2274	Bruno Scardelletti	M
2275	Kyra Deehr-Lewis	F
2276	Karen Herd	F
2277	Sheryl Conlaw	F
2278	Alan Fan	M
2279	Michelle Brownlee	F
2280	James Perri	M
2281	Meg Russell	F
2282	Catherine Goodman	F
2283	Lisa Goldstein	F
2284	Jackie Croydon	F
2285	John Wheeler	M
2286	Shannon Jefferson-S	F
2287	Jessica Reichert	F
2288	Kristin Redmond	F
2289	Janet Gallo	F
2290	Alethia Mongerie	F
2291	Christine Fissel	F
2292	Christine Chigounis	F
2293	Dawn Martini	F
2294	Renee Laporte	F
2295	Juliet Herbert	F
2296	Kathy Heller	F
2297	Terri Jones	F
2298	Susan Larson	F
2299	Sally Hoffman	F
2300	Karen Murphy	F
2301	Stacy Ries	F
2302	Jessica McQuillan	F
2303	Shannon Reilly	F
2304	Susan Moratti	F
2305	Jessica Hoffman	F
2306	Susan Konefal	F
2307	Laurie Braccio	F
2308	Aline Cross	F
2309	Kristen Mallon	F
2310	Deb Koehler	F
2311	Rebecca Crocker	F
2312	Craft Abbotts	M
2313	Cyndi Dichiara	F
2314	Agnes Rymer	F
2315	Susan Abbotts	F
2316	Manya Deehr	F
2317	Leslie Cooper	F
2318	Sue Graf	F
2319	Betsy Simmons	F
2320	Darlene Paullin	F
2321	Donna Destefano	F
2322	Theresa Warr	F
2323	Tara Buchakjian	F
2324	Heidi Louella	F
2325	Tristan Worthen	M
2326	Brendan Johnson	M
2327	Bob Burke	M
2328	Natalie Johnston	F
2329	Patrick Costello	M
2330	Chris Low	M
2331	Bruce Fritz	M
2332	David Farnsworth	M
2333	Joe Tentilucci	M
2334	Timothy Czupich	M
2335	Neil McKeon	M
2336	Howard Butowsky	M
2337	Emil Altaras	M
2338	Bill Perry	M
2339	Brian Gusz	M
2340	Ryan Carlin	M
2341	Shawn Worthen	M
2342	Ray Weldie	M
2343	Richard Sichel	M
2344	Phoebe Iguchi	F
2345	Andrew Reice	M
2346	Jeff Jennings	M
2347	Megan Schaal	F
2348	Thomas Bosworth	M
2349	Bill Manley	M
2350	Steve Iguchi	M
2353	Matt Buglio	M
2354	Casey Flaherty	F
2355	Yvonne E. Morris	F
2356	Christine McShea	F
2357	Lia Facchine	F
2358	Murphy Agger	M
2359	Michael Dimeso	M
2360	Susan Garrabrant	F
2361	John McNasby	M
2362	Teresina Suszko	F
2363	Barbara O'Connell	F
2364	Alice Shober	F
2365	Pete Bowes	M
2366	Jennifer Dougherty	F
2367	Mary Bradley	F
2368	Charlotte Buglio	F
2369	Scott Heyman	M
2370	Paul Flaherty	M
2371	Niel Haneman	M
2372	Michael Cermignano	M
2373	Aaron Kucharski	M
2375	James Jordan	M
2376	Ken Worthen	M
2377	Debbie Petrone	F
2378	Sarah McGinnis	F
2379	Matt Ciarci	M
2380	Michael Hickey	M
2381	Anthony Mannarino	M
2382	Craig Kubanoff	M
2383	Lance Mervine	M
2384	Sarah Kucharski	F
2385	Steph Brooks	F
2386	Kyle Francis	M
2387	Kristen Van Kuren	F
2388	Marc Greisler	M
2389	Kevin Duffy	M
2390	Matthew Kirschner	M
2391	Lauren Sichel	F
2392	Jacqueline Johnson	F
2393	Robert Sison	M
2394	Maureen Ricco	F
2395	Leslie Baeza	F
2396	Jennifer Cochrane	F
2397	Trish Kilgannon	F
2398	Pat Carlin	M
2400	Mary Ellen Mela	F
2401	David Geltzer	M
2402	Dalebe Geller	F
2403	Ryan T. Stinson	M
2404	Hillary Quinn	F
2405	Kevin Quinn	M
2406	Barbara Appnel	F
2407	Linda Lederer	F
2408	Mary Irene Silveus	F
2409	Roseann Ribery	F
2410	David Jacoby	M
2411	Lori Nicolo	F
2412	Jeff Bruemmer	M
2413	Sandro Larocca	M
2414	Blair Kaplan	F
2415	Lauren Tate	F
2416	John Sisti	M
2417	Jack Mannarino	M
2418	Christine Mannarino	F
2419	Elaine Cawley	F
2420	Susan Morath	F
2421	Patricia Pennett	F
2423	Carolyn Carganilla	F
2424	Eileen Greb	F
2425	Joseph Cawley	M
2426	Greg Grace	M
2427	Stephanie Nemec	F
2428	Francis Soda	M
2429	Pam Soda	F
2430	Sonja Talley	F
2431	Dennis Brown	M
2432	Lori Legette	F
2433	Rosana Rottenborn	F
2434	Dennis Hancock	M
2435	Brianna Pinnel	F
2436	Irene Philips	F
2437	Marjorie Scharpf	F
2438	Barry Margraf	M
2439	Patrick McGovern	M
2440	Eileen Bright	F
2441	Sharon Lenihan	M
2442	Daniel Cummins	M
2443	Chris Cummins	M
2444	Sarah Mulder	F
2445	Greg Yerkes	M
2446	William Trevethick	M
2447	Patrick Clark	M
2448	Sam Lombardi	M
2449	Nick Lombardi	M
2450	Jon Schap	M
2451	James Mash	M
2452	Joe Litz	M
2453	Adam Hyman	M
2454	Andrea Minster	F
2455	Joseph Lombardi	M
2456	Connor Everett	M
2457	Thomas Gallagher	M
2458	Judy Dixon	F
2459	Jill Leonard	F
2460	Mark D. McHugh	M
2461	Jeff Holt	M
2462	Casey Tallman	F
2463	Andrew Bray	M
2464	Chris Lear	M
2465	Ryan Hankins	M
2466	Nancylyn Cochran	F
2467	Janee Sheppard	F
2468	Luis Andujar	M
2469	James Drumm	M
2470	Lisa Ackler	F
2471	Patrick Cooney	M
2472	Stan Glowacki	M
2473	Don Hoover	M
2474	Mitchell Sturn	M
2475	Mary Ann Kegs	F
2476	Bob Pomponio	M
2477	Chris Mulloy	M
2478	Nicole Pomponio	F
2479	Saskia Riley	F
2480	Tim Godin	M
2481	Ben Bargerhuff	M
2482	Tim Schluth	M
2483	Emil Prigge	M
2484	Rob Schluth	M
2485	Holly Kostrzewski	F
2486	Michael Zolfo	M
2487	Jeff Gallagher	M
2488	Kim Mulloy	F
2489	Leslie Toplin	F
2490	Karen Quigley	F
2491	Bob Byrne	M
2492	Norm Dethloff	M
2493	Kate Schluth	F
2494	Syan Maitland	F
2495	Jason Hankins	M
2496	Dave Hankins	M
2497	Larry Leonard	M
2498	Hui Conti	F
2499	Thomas Dockery	M
2500	Hank Brady	M
2501	Marie Elena Dempsey	F
2502	Kelly Quinn	F
2503	Andrew Wilusz	M
2504	Donna Wolfgang	F
2505	Carrie Foraker	F
2506	Jenn McGonigle	F
2507	Nancy McGurrin	F
2508	Christine Sciarrotta	F
2509	Alison Buchinsky	F
2510	Joseph Harrison	M
2511	Christina Tentilucci	F
2512	Matthew Quigley	M
2513	William Mechanic	M
2514	John Snyder	M
2515	Michael Moore	M
2516	Peggy Cooney	F
2517	Andrew Hummers	M
2518	Megan Plummer	F
2519	Kyle Giampietro	M
2520	Eve Zucker	F
2521	Eric Lepping	M
2522	Aimee Amann	F
2523	Stephanie Tolbert	F
2524	Denise Maida	F
2525	Kathy MacWilliams	F
2526	Crystal Terry	F
2527	Carol Alloessio	F
2528	Bob Alloessio	M
2529	Rick Milliron	M
2530	Brenda Murdza	F
2531	John Esposito	M
2532	Jacs Stepnowski	F
2533	Sean Irelan	M
2534	Andrea Camacho	F
2535	Valerie Rossi	F
2536	Maddison McCurdy	F
2537	Vincent Deritis	M
2538	Chad McCurdy	M
2539	Rose Bock	F
2540	Yon Brown	M
2541	Jillian Dotson	F
2542	Thomas Nolan	M
2543	Austin Groves	M
2544	Ben Cammaratta	M
2545	Joe Capecci	M
2546	Rui Lucas	M
2547	Michael Romano	M
2548	Gretchen Holden	F
2549	Mike Brittan	M
2550	Allyson Lloret	F
2551	Lindsay Albert	F
2552	Kellyn Nolan	F
2553	Joanne McGinty	F
2554	Bharminder Gill	M
2555	Cece Iguchi	F
2556	Bill Starnes	M
2557	Kelli Wright	F
2558	Todd Fischer	M
2559	Grant Greider	M
2560	Gina Giacoponello	F
2561	Ram Mohan	M
2562	Cheryl Herrmann	F
2563	Jaime Thompson	F
2564	Michael Foehl	M
2565	Austin Gregor	M
2566	Dan Hewins	M
2567	Bailey Balmer	F
2568	Doug Kylander	M
2569	David Fitchett	M
2570	Jason Hagerman	M
2571	Mike Fagan	M
2572	W. Shannon Perr	M
2573	Jeffrey Nicastro	M
2574	Sophia Mavellia	F
2575	Doug Longden	M
2576	Breanne Scullin	F
2577	Michael Borish	M
2578	Dave Obarowski	M
2579	Leah Brandt	F
2580	Nicole Schmauk	F
2581	Kristen Terrano	F
2582	Aubrey Blanda	F
2583	Heather Lea Margina	F
2584	David Olugosz	M
2585	Donna Martynec	F
2586	Michele McKeon	F
2587	Jennifer Svahn	F
2589	Trisha Devine	F
2590	Chris Shebest	F
2591	Allison Kuronya	F
2592	Anne-Marie Nalence	F
2593	Michael Stinson	M
2594	Regina Nicolosi	F
2595	Liz Hanbidge	F
2596	Matt Cohen	M
2597	Bill Leber	M
2598	Albert Kang	M
2599	Carolann Clark	F
2600	Steve Lissansky	M
2601	Monica Krangel	F
2602	Maria Pater	F
2603	Mackenzie Van Den B	F
2604	James Davis	M
2605	Denis Streltsou	M
2606	Severe Houde	M
2607	Julilanne Potocek	F
2608	Alyssa MacMillan	F
2609	Florent Gourven	M
2611	Emily King	F
2612	Norm Walker	M
2613	Mark Gummel	M
2614	Brian Convery	M
2615	Mark Grapentine	M
2616	Andrew Diam	M
2617	Devraj Basu	M
2618	Sean Benoit	M
2619	Karen McMenamin	F
2620	Dave McSherry	M
2621	Marc Butler	M
2622	Natsuko Miura	F
2623	Katy Capozzoli	F
2624	Jonathan Wilson	M
2625	Megan Cumming	F
2626	Jackelyn Kilroy	F
2627	Hella Gourven	F
2628	Kathleen Crosson	F
2629	Jim Wittmer	M
2630	Viniita Young	F
2631	Cecily Johnson	F
2632	Sonja Lay	F
2633	Hilary Butera	F
2634	Jennifer Green	F
2635	Ryan O'Connor	M
2636	Kristen Griego	F
2637	Tahir Bradley	M
2638	Christine Fagan-Man	F
2639	Andrew Hanna	M
2640	Steve Burke	M
2641	Jay Miers	M
2642	Noah Donohue	M
2643	Joseph Clark	M
2644	Jacob Paciorek	M
2645	Russell Forsythe	M
2646	Keith Davies	M
2647	David Peer	M
2648	Tom O'Leary	M
2649	Shawn De LosAngeles	M
2650	David Shaffer	M
2651	Justin Gosling	M
2652	Myles Keller	M
2653	Rich Carbo	M
2654	Elizabeth Sauers	F
2655	Steve Dambra	M
2656	Katherine Jones	F
2657	Kevin Ehrgott	M
2658	Kevin Doran	M
2659	Jim Kinkead	M
2660	Terry Territo	M
2661	Kevin Kall	M
2662	Mike Little	M
2663	Jeffrey Denlinger	M
2664	Jeff Nordenholt	M
2665	Monika Paciorek	F
2666	Brad Keen	M
2667	Rick Heitmann	M
2668	John McLaren	M
2670	Mark Vettori	M
2671	Bob McMahon	M
2672	Jim Nolan	M
2673	Meghan McMahon	F
2674	David Piegaro	M
2675	Erin Daniel	F
2676	Danny Alper	M
2677	Russell Mosso	M
2678	Paul Hurst	M
2679	Kyle Franchize	M
2680	Mary Morgan	F
2681	David Morgan	M
2682	CJ Haas	M
2683	Geoff Steadman	M
2684	Michael Ehrgott	M
2685	Theresa Loux	F
2686	Richie Sichel III	M
2687	Lauren Spera	F
2688	Jeremy Straight	M
2689	Melissa Trolene	F
2690	Joseph Hartigan	M
2691	Conor Matthews	M
2692	Daniel Larsen	M
2693	Mike Houser	M
2694	Isabella Robinson-cloete	F
2695	John Gryn	M
2696	Frank Jankoski	M
2697	Wayne Yhost	M
2698	Michael Kane	M
2699	Terry Dearden	F
2700	John Higgins	M
2701	Ulrich Falch	M
2702	Christopher Jones	M
2703	Juliann Walsh	F
2704	MARIA WILSON	F
2705	Gregory Brady	M
2706	Jill Shaffer	F
2708	Claudia Falch	F
2709	Michelle Sabol	F
2710	Patty Farrar	F
2711	Mary Ann Shockley	F
2712	Susan Holden	F
2713	Scott Holden	M
2714	Sandra VanKuren	F
2715	Barbara Nelson	F
2716	Elizabeth Wiener	F
2717	Dan Griffin	M
2718	Pamela Weisner	F
2719	Anthony Jr. Mannerino	M
2720	Kelly Francis	F
2721	Debbie Brockett	F
2723	Tara Lawall	F
2724	Anita Saynisch	F
2725	Tamara Keen	F
2726	Denise Coll	F
2727	Deanne McBeath	F
2729	Marilyn Meehan	F
2730	Vee Fox	F
2731	Nativelis Rodriguez	F
2732	Noel Kahney	F
2733	April Mason-Grimes	F
2734	Darlene Edmond	F
2735	TJ Marston	M
2736	Erin Vasey	F
2737	David Hofreiter	M
2738	Martha Toma	F
2739	Christine Falch	F
2740	Nneka Grune	F
2741	Meg Griffin	F
2742	Bryan Hale	M
2743	Brian Degnan	M
2744	Stephanie Catoggio	F
2745	Chelsea Brenner	F
2746	Dawn Brenner	F
2747	Andrea Heps	F
2748	Angie Miller	F
2749	Caelan Mulder	M
2750	Aaron Mulder	M
2751	Dave Hallman	M
2752	Ross Felice	M
2753	Gonzaga Ferdinand	M
2754	John Colher	M
2755	Tracey Sawyer	F
2756	Ethan Koza	M
2757	Evan Kita	M
2758	Sam Earley	M
2759	Robert Jones	M
2760	Brian Schroeher	M
2761	Shawn Donovan	M
2762	Daniel Doolan	M
2763	Candice Klenk	F
2764	Jim Kinkead	M
2765	Cara DeLorenzo	F
2766	Austin Greisler	M
2767	Kacy Manahan	F
2768	Gene Gray	M
2769	Brian Locke	M
2770	Elizabeth Potash	F
2771	Brooke Shaffer	F
2772	Bridget Wheeler	F
2773	Alexandra Kondo	F
2774	Marcy Gialdo	F
2775	Beth Love	F
2776	Michael Wolton	M
2777	Patrick O'Halloran	M
2778	Kate Matheson	F
2779	Julie O'Connell	F
2780	Brad Block	M
2781	Kim Messick	F
2782	Grant Greisler	M
2783	Donald Cautilli	F
2784	Vadim Buzan	M
2785	Veronica Bak	F
2786	Katy Frank	F
2787	Kimberly Goodall	F
2788	Cindi Sternfeld	F
2789	Toni-Anne Blake	F
2790	Madelyn Czupich	F
2791	Gabe Gomez	M
2792	Karen Campbell	F
2793	Suzanne Padilla	F
2794	Kejsi Merkuri	F
2795	Torri Thompson	F
2796	Constance English	F
2797	Robert Huey	M
2798	Ed Ulmer	M
2799	Beth Birch	F
2800	Sean Mulder	M
2801	Tom Drummond	M
2802	TJ Worthen	M
2803	Joseph Warwick	M
2804	David Zimmerman	M
2805	Thomas Wagner	M
2806	Kelsey McHugh	F
2807	George Pelke	M
2808	Gwendolyn Oliphant	F
2809	Donna Cautilli	F
2810	Christine Miele	F
2811	Kalila Mitchell	F
2812	Barbara McGlynn	F
2813	Mark Stoughton	M
2814	Felicia Hackman	F
2815	James Dawson	M
2816	Patrick McMenamin	M
2817	Graeme Beavers	M
2818	Erin Strobel	F
2819	Kristine Griffith	F
2820	Randall Malick	M
2821	Lauren Zucker	F
2822	Jossi Fritz-Mauer	M
2823	Jeff Propert	M
2824	Paul Micklos	M
2825	Jason Mosheim	M
2826	Chris Linn	M
2827	Brian Penderghest	M
2828	Lucia Sanchez	F
2829	Pritesh Thaker	M
2830	Matt Krince	M
2831	Bill Weber	M
2832	Emily Linn	F
2833	Cary Clark	M
2834	Mark Nevenglosky	M
2835	Russ Stark	M
2836	Sandra Reguera	F
2837	Terry Adamson	M
2838	Mary Cunningham	F
2839	Aleuanna Madalena	F
2840	Kyle Brockett	M
2841	Kristen Cautilli	F
2842	Larry Dignan	M
2843	George Cautilli	M
2844	Michael Lundt	M
2845	Maria Vishnevskiy	F
2846	Jim McGurrin	M
2847	Erin Stroble	F
2848	Jackie McCafferty	F
2849	Tim Rowan	M
2850	Nick Massaro	M
2851	Briana Hofreiter	F
2852	Chris Lewis	M
2854	Shannon Higgins	F
2855	Katy Frank II	F
2856	Steven Hanna	M
2857	Ryan Matheson	M
2858	James Barger	M
2859	Vincent Twomey	M
2861	Paul Peters	M
2862	Keith Arnold	M
2863	Tyler Marfin	M
2864	Meredith Twomey	F
2865	Tia Nowacki	F
2866	Brenna Twomey	F
2867	Paul Mullen	M
2868	Amy Sestito	F
2869	Tim Kilgore	M
2870	Barry Uppenheim	M
2871	Mark Lanza	M
2872	Osbourne Shaw	M
2873	Cole Howard	M
2874	Heidi Seiberlich	F
2875	Jacobs Finlay	M
2876	Michaelangelo Ricci	M
2877	Carole Cory	F
2878	Patrick Kelly	M
2879	Scott Applebaum	M
2880	Bridgid Green	F
2881	Emily Smith	F
2882	Jane Prior	F
2883	JT Kling	M
2884	Patrick Kenney	M
2885	Matt Duffield	M
2886	Dale Padgett	M
2887	Lisa Barella	F
2888	Kathryn C. Wilder	F
2889	Mike Thompson	M
2890	Elizabeth Urban	F
2891	Daweil Fehl	M
2892	Chris Eswes	M
2893	Mark Zacharias	M
2894	Beth Mullen	F
2895	Karl Prior	M
2896	Carl Floyd	M
2897	John Bales	M
2898	Christine Adams	F
2899	George Duffield	M
2900	Kathleen Franchi	F
2901	Robert Hessler	M
2902	Christopher Robold	M
2903	Gina Caputo	F
2904	Lindsay Cooper	F
2905	Kimmy Steich	F
2906	Chuck Depalma	M
2907	Marybeth Gerdelmann	F
2908	Mike Unruh	M
2909	Nicoleta Vatov	F
2910	Ross Weingarten	M
2911	Sean Kelly	M
2912	Steve Neumann	M
2913	Amy Bria	F
2914	Dana Duffield	F
2915	Geirge Duffield Sr.	M
2916	Tom Colleti	M
2917	Adam Devlin	M
2918	Frank Devlin	M
2919	Michael Fitzgibbons	M
2920	Heather Kelly	F
2921	Joanna Lieberman	F
2922	Stefani Crawford	F
2923	Andrea Rinedoller	F
2924	Christine McHugh	F
2925	Alex Diefes	M
2926	Linda Jacobs	F
2927	Samantha Friedman	F
2928	Melissa Rajsic-McLaughlin	F
2929	Trish Lyons	F
2930	Sheryl Kuo	F
2931	Jason Steich	M
2932	James Grbac	M
2933	Devin Grbac	M
2934	Suzanne Gibson	F
2935	Dalit Geller	F
2936	Tammie Kear	F
2937	Jennifer McGarvy	F
2938	Samantha Smone	F
2939	Emmanuelle Glazier	F
2940	Tobiann Reinhard	F
2941	Rita Brady	F
2942	Claire Sichel	F
2943	MaryAnn O'Halloran	F
2944	Deborah Miele	F
2945	Shawn Gullen	M
2946	Jennifer Gormley	F
2947	Mary Keunecke	F
2948	Ruth Tinklepaugh	F
2949	Susan Shapiro	F
2950	Deb LaPointe	F
2951	Stover Wiggins	M
2952	Jack Blumenstock	M
2953	Shirley Blumenstock	F
2954	Grace Alfiero	F
2955	Jon Mehl	M
2956	Laurence Devinney	M
2957	Mike Przybyszewski	M
2959	Christine Olszanski	F
2960	Ed Chionchio	M
2961	Christian Markle	M
2962	Michael Hannuer	M
2963	Mark Mulvihill	M
2964	Breanna McGrath	F
2965	Hilary Goodman	F
2966	Amanda Schaeffer	F
2967	Stan Matthews	M
2968	John Baker	M
2969	Jennifer Kehl	F
2970	Lindsay Cappiello	F
2971	Steve Wiggins	M
2972	Donna Fay	F
2973	Michael Gimpel	M
2974	Melissa Lipari	F
2975	Richard Westbrook	M
2976	Nicole Hall	F
2977	James Thompson	M
2978	Keith Brodersen	M
2979	Donka Mirtcheva	F
2980	Robert Witterschein	M
2981	Virginia Grandison	F
2982	Meo Duran	M
2983	Katie Mignogna	F
2984	Beth Brennan	F
2985	Paul Mazzenga	M
2986	Izabella Khachaturyan	F
2987	Michael Probst	M
2988	Charlotte Wood	F
2989	Heather Brossman	F
2990	Neyha Gulati	F
2991	Patricia Fisher	F
2992	Aly Appel	F
2993	Jeanine Faria	F
2994	Kerry Witterschein	F
2995	Hannah Ludescher	F
2996	Mark Morrell	M
2997	Beth Zawodniak	F
2998	Ben Morris	M
2999	Suzanne Morris	F
3000	Joseph Stockette	M
3001	Suzan Lancireri	F
3002	Maria Lichorobiec	F
3003	Matt Riley	M
3004	Christian Michael	M
3005	Maureen Riley	F
3006	Christine Chmielewski	F
3007	Matt Ryan	M
3008	Mary Senker	F
3009	Helen Kellar-Wood	F
3010	Tim Malloy	M
3011	James Farrell	M
3012	Neil Policelli	M
3013	Brian Wallace	M
3014	Bryanna Villiano	F
3015	Julie Villiano	F
3016	Kathleen Manning	F
3017	Jeff Bauer	M
3018	Shannon Locker	F
3019	Samirah Abdul Fattan	F
3020	Matthew Aham	M
3021	Claudia Keep	F
3022	Frank Barberra	M
3023	Matthew Stout	M
3025	Nash Seiberlich	M
3026	Jin Bo Jung	M
3027	Rob Lewis	M
3028	Jenna Shemelia	F
3029	Eric Rothstein	M
3030	Miles Kellar	M
3031	Margaret Martonosi	F
3032	James Godfrey	M
3033	Joe Kim	M
3034	Megan McCallien	F
3035	David Conrad	M
3036	Peter Hoey	M
3037	Katy Bofinger	F
3038	Diana Autio	F
3039	Andrea McGruther	F
3040	Mark Ludwig	M
3041	Irene Silveus	F
3042	Cassidy Shemelia	F
3043	Alison Trainer	F
3044	John Pocceschi	M
3045	Robin Schiavoni	F
3046	Melissa Stahl	F
3047	Rina Geltzer	F
3048	Lindsey Sturkey	F
3049	John Stahl	M
3050	Dru Erpel	F
3051	Brittany Zimmerman	F
3052	Erik Falkenstein	M
3053	David Hughes	M
3054	Don Rotanz	M
3055	Craig Van Demark	M
3056	Michael Freedman	M
3057	Tom Straus	M
3058	Joe Hand	M
3059	Beth Delsignore	F
3060	Bryan Brennan	M
3061	Elise Gorberg	F
3062	Robert Mucill	M
3063	Tara Gormley	F
3064	Bonnie Baker	F
3065	Tiffany Dydak	F
3066	Laura Lavan	F
3067	Silvia Lucci	F
3068	Kevin Riley	M
3069	Laura Escobar	F
3070	Jennifer Roceamo	F
3071	Amelia Alfiero	F
3072	Erik Alfiero	M
3073	Graham Merfield	M
3074	Arthur Ellis	M
3075	Jim Haugh	M
3076	Bruce Carr	M
3077	Michelle Miller	F
3078	Chris Draper	M
3079	Erica Gray	F
3080	Liz Wedekind	F
3081	Ken Surowitz	M
3082	Gary Goldman	M
3083	Dana Etkowicz	F
3084	Tom Van Doremalen	M
3085	Cheryl Curbishley	F
3086	Michael Peckally	M
3087	Fred Little	M
3088	Casey Currie	F
3089	Jack Darrah	M
3090	Joseph Ponti	M
3091	Jennifer Peacher	F
3092	Normal Millard	M
3093	John Harris	M
3094	Brian Driscoll	M
3095	Frank Barhelg	M
3096	Derek Ketteren	M
3097	Phil Robins	M
3098	Katie Zorzi	F
3099	Tracy Jenkins	F
3100	Fred Hershey	M
3102	Amy Dedic	F
3104	Kim Schuler	F
3105	Audrea McGrather	F
3106	Kaitlin Kane	F
3107	Janine Taripchak	F
3108	Joey Wiegner	M
3109	Karl Dusen	M
3110	Tim Coyle	M
3111	William Nastasiak	M
3112	Kieran McLean	M
3113	Scott Essex	M
3114	Gert Freas	F
3115	Kyle Pillittery	M
3116	Nathan Hartenbach	M
3117	Erin Bucci	F
3118	Naomi Lang	F
3119	Bob Whitemore	M
3120	Tracy Lawall	F
3121	Justin Gruber	M
3122	Howard Mimnaugh	M
3123	Erica Sanganiti	F
3124	Chris Treadway	M
3125	Hillary Dietz	F
3126	Ryan Hopkins	M
3127	Steven Gruber	M
3128	Carolyn Grider	F
3129	Julie Hartinbach	F
3130	Marge Shaeffer	F
3131	Tom Tomlinson	M
3151	Shawn McElhaugh	M
3152	Paul Montini	M
3153	Luke Schlegel	M
3154	Jim Roehm	M
3155	Olivia Montini	F
3156	Joseph Smith	M
3157	Patricia Luizago	F
3159	William Maher, Jr	M
3160	Rick Schlegel	M
3161	Rebecca Montini	F
3162	John Benson	M
3163	Robert Lalor	M
3164	Brianne Smith	F
3165	Kaitlin Iffrig	F
3166	Jo Muniz	F
3167	Jennifer Martin	F
3168	Andrew Smith	M
3170	Fred Dichiara	M
3171	Bella Eklund	F
3172	Adam Kritzer	M
3174	Peter Eklund	M
3175	Scott Ward	M
3176	Josh Kuntz	M
3177	Declan Curran	M
3178	Jaime Corvino	F
3179	Mark Morano	M
3180	Emily Ellis	F
3181	Josh Krayger	M
3183	Ryan Tarapchak	M
3184	Janis Kritzer	F
3185	Jim Smith	M
3186	Anthony Bewinski	M
3187	Dorothy McGovern	F
3188	Brett Fissel	M
3189	Cassidy Treese	F
3190	Sarah Dimarino	F
3191	Brynne Metz	F
3192	Melissa Hughes	F
3193	Jennifer Sock	F
3194	Ava Tweddale	F
3195	Mary Severn	F
3196	Doug Bignault	M
3197	Beth Bright	F
3198	Jeanne Carella	F
3199	Jocelyn Setzman	F
3201	Sheila Aseltine	F
3202	Madeline Smith	F
3203	Jon Severn	M
3204	Kami Schaal	F
3205	Michael Fan	M
3206	Joy Bell	F
3207	Francs Keene	M
3208	Ethan Kritzer	M
3209	Lori Egan	F
3210	Sharon Martin	F
3211	Meredith Murray	F
3212	Greg McGovern	M
3213	Michael Boyd	M
3214	Caroline Poroski	F
3215	Lori Hastings	F
3216	Kelly Flannery	F
3217	Peter Chapman	M
3218	Christopher Bogen	M
3219	Joe Shcmidt	M
3220	Gwendolyn Coverdale	F
3221	Chris Bright	M
3222	Rob Powell	M
3223	Krissy Norcross	F
3224	Sebastian Deangelo	M
3225	Craig Voorhees	M
3226	Christopher Eler	M
3227	Mark Titus	M
3228	Eric Keid	M
3229	Patricia Butcher	F
3230	Sean McCafferty	M
3231	Gladys Becerra	F
3232	Susan Gettes	F
3233	Haden Wang	M
3234	Leo Wang	M
3235	Brian Alling	M
3236	Christopher Dougher	M
3237	Eileen Mannix	F
3238	John Deeney	M
3239	Melissa Reed	F
3240	Barb Hanney	F
3241	Nicole Davis	F
3242	Madeleine Weisler	F
3243	Melissa Jester	F
3244	Nancy Allen	F
3245	Carrie Boorse	F
3246	Aakash Sharma	M
3247	Brent Wright	M
3248	George Munro	M
3249	Louis Monaco	M
3250	John Sachwzenski	M
3251	Jeff Vinosky	M
3252	Pat Duncan	M
3253	Abderrahim Fandi	M
3254	Cecilia Regan	F
3255	Joe Sulon	M
3256	Kelly Larson	F
3257	Ann Naragon	F
3259	Jeffrey Alt	M
3260	Eric Lechtzin	M
3261	Chris Dillio	M
3262	Inna Potekhina	F
3263	Michael Ezdon	M
3264	George Hollerbach	M
3265	Carl Davies	M
3266	Joe McElhaugh	M
3267	Robert Test	M
3268	Michael Higgins	M
3270	Lawrence Aiello	M
3271	Jason DeAngelo	M
3272	Mitchell Mavellia	M
3273	Patrick Balcer	M
3274	Wes Paskewich	M
3275	Michael Korn	M
3276	Jarrod Rhen	M
3277	Joe Korn	M
3278	Tory Worthen	F
3279	Kevin Leonard	M
3280	Margo Wallace	F
3281	Stacey Accardo	F
3282	Luke Sachwzenski	M
3283	Alicia Kapheim	F
3284	Jerry Mavellia	M
3285	John Brennich	M
3286	Dan Stewart	M
3287	Theresa Gill	F
3288	Brian Kiefer	M
3289	Marie Kieter	F
3290	Bill Kelley	M
3291	Cindy Ezdon	F
3292	Erin Hunter	F
3293	Bill Keyser	M
3294	Peter Hoehn	M
3295	Nancy Gallagher	F
3296	Bill Hord	M
3297	Dennis Stewart	M
3298	Joseph Gill	M
3299	Andrew Hearn	M
3300	Jacqueline Amato	F
3301	Maggie Hoehn	F
3302	Elijah Lanchester	M
3303	Mary Kirsch	F
3304	Karen VanBermmel	F
3305	John Wolf	M
3306	Donna McElhaugh	F
3307	Theresa Russo	F
3308	Kelli Hunter	F
3309	Sharon Czeboter	F
3310	Sarah Scanlin	F
3311	Beverly Brown	F
3312	Ashley Conlon	F
3313	Thomas Lawton	M
3314	Dan Rose	M
3315	Joshua Lanchester	M
3316	Carmine Sesa	M
3317	Mark Wilhelm	M
3318	Susan Bowman	F
3319	Danielle Mancini	F
3320	Judy Gorberg	F
3321	Kathleen Petrucci	F
3322	Robert Tibbets	M
3323	Lori Merrill	F
3324	John Nemec	M
3325	David Steiner	M
3326	Anthony Kane	M
3327	Joe Gallagher	M
3328	Maureen Scanlin	F
3329	Debby Jennings	F
3330	Beth Stratton	F
3331	Luke Accardo	M
3332	Marie Wilkins	F
3333	Donna Waks	F
3334	Jose Rodriguez	M
3335	Brendan Polo	M
3336	Jennifer Polo	F
3337	Suzanne Nesi	F
3338	Kathy Schieber	F
3339	Jaclyn Scott	F
3340	Gracie Cueto	F
3341	Alexis Krieger	F
3342	Jennifer Rodriguez	F
3343	Kyra Lewis	F
3344	Andrew Nastasiak	M
3345	Jason Jones	M
3346	Seth Mazzeo	M
3347	Paul Leetsma	M
3348	Evan Clinton	M
3349	Tom Fuolo	M
3350	Judy Dixon George	F
3351	Thomas Haimowitz	M
3352	Elizabeth Grundy	F
3353	Paul Bukowski	M
3354	Robert Chandler	M
3355	Michael Keys	M
3356	Maggie Kaminska	F
3357	Carl Davis	M
3358	Joe Chick	M
3359	Dawn Shannon	F
3360	Jim Clinton	M
3361	Jennifer Mimnaugh	F
3362	Lauren Holmes	F
3363	Anthony Marino	M
3364	Beth Smith	F
3365	John Baxter	M
3366	Cheryl-Anne Kullman	F
3367	Joe Kovalcheck	M
3368	Nancy Winslow	F
3369	Shannon Schanbacker	F
3370	Keith McBride	M
3371	Kevin O'Neill	M
3372	Mike Palka	M
3373	Melanie Schranz	F
3374	Lauren Krick	F
3375	Rich Cerminaro	M
3376	Manya Deehr-Lewis	F
3377	Dan Jacquemin	M
3378	Doug Stillwell	M
3379	Donna Miller	F
3380	Janice Damiani	F
3381	Joe Dubyk	M
3382	Kathleen Budaniw	F
3383	Hank Demusz	M
3384	Janine Mannick	F
3385	K Brown	F
3386	Jeff Forman	M
3387	Chris Senopoulis	F
3388	Ellen Valente	F
3389	Patti Fox	F
3390	Paul Lang	M
3391	Lisette Weiland	F
3392	Anne Manghan	F
3393	Kathy Royal	F
3394	Gary Gall	M
3395	Dan Grenier	M
3396	Justin Feil	M
3397	Jesse Smith	M
3398	James Rutiglian	M
3399	Zachary Subar	M
3400	Randal Henderson	M
3401	Mark Thomson	M
3402	Connor Muldowney	M
3403	James Deom	M
3404	Brian McCord	M
3405	Lisanne Brown	F
3406	Kit Chandler	F
3407	Michael Skahill	M
3408	Jerry Rossetti	M
3409	Ton VanDoremalen	M
3410	Bill Jenkinson	M
3411	Karyn Bristol	F
3412	Kevin Titze	M
3414	Harold Fink	M
3415	Robin Broomer	F
3416	Craig Ratner	M
3417	Kristin Heras	F
3418	Beth Loev	F
3419	Dale Hollerbach	F
3420	Steve Sawyer	M
3421	Don Little	M
3422	Rick Falkenstein	M
3423	Danielle Debernardo	F
3424	Norm Welkeer	M
3425	Candice Pellam	F
3426	Eric Lepine	M
3427	Gerard Tessier	M
3428	Gregory House	M
3429	Sam Leeper	M
3430	Mark Ashby	M
3431	Candis Krzaczik	F
3432	Ben Heintz	M
3433	Kevin Trolene	M
3434	Colleen Belz	F
3435	Joe Miskel	M
3436	Sean Flahive	M
3437	Rebecca Klihowicz	F
3438	Judy Savage	F
3439	Ann Dandurand	F
3440	Pellix Cooney	F
3441	Serena Jiminez	F
3442	Patrice Glover	F
3443	Jessica Kendrick	F
3445	Beverly Hock	F
3446	Alex Chase	F
3447	Janette Gornick	F
3448	Christine Catanizo	F
3449	Cynthia Kriese	F
3450	Gem Perkins	F
3451	Kelly Chase	F
3452	Paula Mbye	F
3453	Tom Morpath	M
3454	Vince Mandes	M
3455	Paul Delsignurs	M
3456	Carl Wanjek	M
3457	Morgan Kellar	M
3458	Laura O'mara	F
3459	Gary Clarke	M
3460	John Luczyszyn	M
3461	Kate Mullen	F
3462	Steve Spohn	M
3464	Michael Joseph	M
3465	Nicole Bruscio	F
3466	Kristen Savoy	F
3467	Tracey Miller	F
3468	Garren Nowicki	M
3469	Paul Isaac	M
3470	Kevin Devine	M
3471	John Regen	M
3472	Joe Kolok	M
3473	George Schlieben	M
3474	Mark Beaumont	M
3475	Grant Loescher	M
3476	Steve Fairchild	M
3477	B Lakshmi	F
3478	Stefan Luteijn	M
3479	Becky Klimowicz	F
3480	Frank Alogarga	M
3481	Joanne Daley	F
3482	Maria Duffy	F
3483	Rosanne Schmidt	F
3484	Joe Schmidt	M
3485	Peter Farrell	M
3486	Lynette High	F
3487	Karen Veltri	F
3488	Bradley Davis	M
3489	Bob Esterly	M
3490	Amy Vondrak	F
3491	Chris Buentello	M
3492	Eleanor Beason	F
3493	Erin Hannigan	F
3494	Karl Trout	M
3495	Amanda DeLorenzo	F
3496	Gayle Kennedy	F
3497	Andrew Kennedy	M
3498	Julie Feliciano	F
3499	Joe Marucci	M
3500	William Hoel	M
3501	Deborah Levithan	F
3502	Dawn Stevens	F
3503	Christine Cattani	F
3505	Jim Jordan	M
3506	Elana Hollo	F
3507	Rick Mingione	M
3508	Niki Pasquerella	F
3509	Matt Paul	M
3510	Brendan Blint	M
3511	Jennifer Brick	F
3512	Diana Brick	F
3513	Eric Zelner	M
3514	Dave McGovern	M
3515	Barrett Windem	F
3516	Nathan Relles	M
3517	Vincenzo Siravo	M
3518	Michelle Spratt	F
3519	Caitlin Leahy	F
3520	Nick Mingrone	M
3521	Wesley Furgiuele	M
3522	Lucie Loftus	F
3523	TJ Zwall	M
3524	Raymond Snyder	M
3525	Tony McDermott	M
3526	Eric Zellner	M
3527	Brendan Bligh	M
3528	Lindsey Fox	F
3529	Lauren Smart	F
3530	Jason Wood	M
3531	Michelle Splatt	F
3532	Lisa Mallon	F
3533	Sandy Travor	F
3534	Janet Kapine	F
3535	Liz Hughes	F
3536	Colleen Leh	F
3537	Conor Thompson	M
3538	Mike Rowe	M
3539	Naomi Furgiuele	F
3540	Robert Gumbogi	M
3541	Joann Johnson	F
3542	Stephanie Young	F
3543	Josh Izewski	M
3544	Butch Oberlander	M
3545	Dora Damiano	F
3546	Ken Cislak	M
3547	Patricia Sharp	F
3548	Amy Lewis	F
3549	Nicki Reilly	F
3550	Ted Graham	M
3551	Tim Fahey	M
3552	Roland Pott	M
3553	Mike McElhaugh	M
3554	Tim Bulat	M
3555	Todd Coulson	M
3556	John Angus	M
3557	David Broad	M
3559	Daniel Kiley	M
3560	Eric Soulliard	M
3561	Bob Macfarlane	M
3562	Douglas Johnson	M
3563	Cara Fahey	F
3564	Niki Pasquarella	F
3565	John Linehan	M
3566	Harry Graham	M
3567	Kristi Wiley	F
3568	William Anklowitz	M
3569	Lisa Kuliczkowski	F
3570	Ann Herman	F
3571	Jim O'Neill	M
3572	Zane Parker	M
3573	Colleen Greevy	F
3574	Jackson McElhaugh	M
3575	Ken McIsaac	M
3576	Meredith Reccoppa	F
3577	Nicole Hollander	F
3578	Wendy Robinson	F
3579	Erich Hess	M
3580	Zeffi Angelikas	F
3581	Bill Wang	M
3582	Alexander Scmashko	M
3583	Jessica Frick-Boswo	F
3584	Jin Lee	F
3585	Bronwyn Bird	F
3586	Trevor Gouge	M
3587	Amy Gouge	F
3588	Brian Guerriero	M
3589	Cristin Mustillo	F
3590	Alek Wilson	M
3591	Lou Putnam	M
3592	Jan Kaupas	M
3593	Titus Teodorescu	M
3594	Peg Macdonald	F
3595	George Ashmore	M
3596	Jen McIsaac	F
3597	Maureen Costello	F
3598	Matthew Pantalone	M
3599	Melissa Merriman	F
3600	Ilene Deutsch Riege	F
3601	Andy Perry	M
3602	Liz Fronzeo	F
3603	Kevin Otto	M
3604	Barbara Raifsnider	F
3605	Peter Delaney	M
3606	Linda Ullrich	F
3607	Jenna Loughlin	F
3608	Beth Kruse	F
3609	Jasmine Surti	F
3610	Brian Mallon	M
3611	John McGovern	M
1647	Lisa Schmitter	F
3612	Ryan Jones	M
3613	Anthony Focht	M
3614	Tom Pellechio	M
3615	Todd Shallcross	M
3616	Alexander Siamashka	M
3617	Keith Bauerle	M
3618	Michael Pidgeon	M
3619	Wendi Weber	F
3620	Brian Kelly	M
3621	James Murphy	M
3622	Millie McCaulley	F
3623	Angela Taurino	F
3624	Joe Carverry	M
3625	Dannelle Jenkins	F
3626	Michelle Smith	F
3627	Stacy Smith-Elfant	F
3628	Liz Janoski	F
3629	Joe Resta	M
3630	Nora Wiley	F
3631	Christine Barbera	F
3632	Sarang Sharma	F
3633	Emily Mattek	F
3634	Maria Janoski	F
3635	Devora Harfield	F
3636	Mark Harfield	M
3637	Sandhya Surti	F
3638	Anjali Surti	F
3639	Janeen McCullogh	F
3640	Ann Krisher	F
3641	Kyle Dickenson	M
3642	Edward Merriman	M
3643	Vivien Bevich	F
3644	Todd Hydock	M
3645	Jared Cannon	M
3646	Reg Shcneider	M
3647	Bob Curci	M
3648	Tim Bilateral	M
3649	Jeremy Urbach	M
3650	Nicole Ybarra	F
3651	Lauren Ellerson	F
3652	Pritesh Thaler	F
3653	John Kuchne	M
3654	James Maguire	M
3655	Dave Tuason	M
3656	Alicia South	F
3657	Janet Rapine	F
3658	Bill McAndrew	M
3659	Judy Hirt	F
3660	Elspeth Hans	M
3661	Terri Smart	F
3662	Anthony Rewinski	M
3663	Heather Hatala	F
3664	Daniel Miranda	M
3665	Baker Pott	M
3666	Michael Osher	M
3667	Kirubasanka Thangapandi	M
3668	Christopher Dougherty	M
3669	Ilene Deutsch Riegel	F
3670	David Rose	M
3671	Paul Borgeson	M
3672	Brenda Adams	F
3673	Mike Halstead	M
3674	Emmanuel Giraneza	M
3675	Kate Nurser	F
3676	Joe Nurser	M
3677	David Attryde	M
3678	Chris King	M
3679	Barrett Windrem	M
3680	Bram Wilusz	M
3681	Russell McCleskey	M
3682	Don Buglino	M
3683	Joseph Tully	M
3684	John Lucas	M
3685	Shelly McBryan	F
3686	Mike Francisco	M
3687	Jessica Pfleger	M
3688	Debbie Koehler	M
3689	Maria Resinski	M
3690	Matt Tonelli	M
3691	Kyle Dickinson	M
3692	Jennifer Merriman	M
3693	Dot McGovern	M
3694	Patrick Smith	M
3695	Jenny McElhaugh	M
3696	Gregory Hunter	M
3697	Jill Kerr	M
3698	Tracy Topolin	M
3699	Karlyn Larson	M
3700	John Mazzarini	M
2079	Wendy Pippin Fesmire	F
3706	Jacqueline Smedley	M
3707	Jessica Tamamoto	M
3709	Gina Miller	F
3710	Andrei Lioshyn	M
3711	Sina Perniciaro	F
3712	Vincent Garonski	M
3713	Ron Cosenza	M
3714	Ryan Cross	M
3715	Parker Smith	M
3716	Peter Carideo	M
3717	Olivia Millevoi	F
3718	Kevin Kail	M
3719	Jen Quinn	F
3720	Gwen Kranzle Stia	F
3721	Chris Nickum	M
3722	Catenoelle Quinn	F
3723	Scarlett St. Clair	F
3725	Aeien Frees	F
3726	Stacey Myslinski	F
3727	Sharon Michaelson	F
3728	Kabrina Weaver	F
3729	Colleen Quinn	F
3730	James Quinn	M
3731	Chris Quinn	M
3732	Sean St. Clair	M
3733	Vincent Zambrotta	M
3734	Erin Mraz	F
3735	Julie Kurdos	F
3736	Christina Pesapane	F
3737	Brian Minster Jr.	M
3738	Valerie Griffin	F
3739	Stacy McCowan	F
3740	Amanda Vettori-Baco	F
3741	Erica Rubine	F
3742	Alex Danyluk	M
3743	Serena Lee Resnick	F
3708	Jamie Gray	M
3744	Karissa Weaver	M
3745	Matt Pennock	M
3746	David Braod	M
3747	Tom Corrigan	M
3748	Melissa Zyla	F
3749	Jim Sexton	M
3750	Gregory Smart	M
3751	Krystina Miller	F
3752	Brenda Lager	F
3753	Emma Brady	F
3754	Michael Hood	0
3755	Craig Holden	M
3756	Steve Paterson	M
3757	Lauren Braukman	F
3758	Maria Silver	F
3759	Jennifer Peacock	F
3760	Kit Schutoker	F
3761	Norman MacDonald	M
3762	Lois Koscinski	F
3763	Tony Perry	M
3764	Brayden Nickum	M
3765	Ray Weldre	M
3766	Catherine Degroot	F
3767	John Gallagher	M
3768	Erika Spadafora	F
3769	Kate Bilat	F
3770	Maryellen Mila	F
3771	Darla Naylor	F
3772	Rosita Parramore	F
3773	Peter Connez	M
3774	Regina Congdon	F
3775	Carol Berger	F
3776	Danielle Gladysz	F
3777	Vicki Frick	M
3778	Sarah Gallo	M
3779	Chrislee Butcher	M
1477	Megan Esmonde-Bogan	F
3780	Elizabeth McHale	F
3781	Christian White	M
3782	Melissa Freas-Kampf	F
3783	Alex Szathmary	M
3784	Lisa Summers-Gibson	F
3785	Richard Hanks	M
3786	Terry Wright	M
3787	Johnny Delp	M
3788	Dennis Wirtz	M
3789	Jay Ostrow	M
3790	Boris Karetny	M
3791	Dennis Quinn	M
3792	Mike Gordon	M
3793	Jackson Sgro	M
3794	Tom Robinson	M
3795	Ashley Pierce	F
3796	Elisa Fischetti	F
3797	Anne Moffitt	F
3798	Nathan Packel	M
3799	Frank Gladysz	M
3800	Eve Packel	F
3801	Samantha McGraw	F
3802	Lisa Mancini	F
3803	Elizabeth Farrell	F
3804	Maura Koehler	F
3805	Brody Torrice	M
3806	Jolanda Lacewell	F
3807	Karen Long	F
3808	Siarhei Mialek	M
3809	Veronica Tonelli	F
3810	Amy Reeder	F
3811	Tony Kovatch	M
3812	Kim Sorensen	F
3813	Helen Holweger	F
3814	Neil Steinert	M
3815	Patricia Torrice	F
3816	Laurie Crane	F
3817	Maddie McCleskey	F
3818	Sian Kall	F
3819	Lauren Jacoby	F
3820	Becky O'Maley	F
3821	Julie McGoldrick	F
3822	Debra Warfield	F
3823	Mark Warfield	M
3824	Brendan Monaghan	M
3825	John Oriente	M
3826	Charlie McGoldrick	M
3827	Izabella Dobrin	F
3828	Irene Dobrin	F
3829	Philip Vitale	M
3830	Vano Chu	M
3831	Michael Hood Jr	M
3832	Lily Sanders	F
3833	Jim Sexon	M
3834	Anthony Antrilli	M
3835	Jon Schop	M
3836	Kevin Hart	M
3837	Crystal Bacon	F
3838	Stephen Schlussel	M
3839	Gianna Bigliani	F
3840	Eric Green	M
3841	Lenore Bonilla	F
3842	Keilynn Alicea	F
3843	Ashley Sexton	F
3844	David Young	M
3845	Olimpia Wegner	F
3846	Christel Nickum	F
3847	roseann riey	F
3848	Robert Harmon	M
3849	Brian Gemzik	M
3850	Chris Coraza	F
3851	Rachel Lebo	F
3852	Chris Klinkner	M
3853	Joe Rooney	M
3854	Dennis Duffy	M
3855	Brett Malone	M
3856	Edmund Adams	M
3857	Natacha Smith	F
3858	Nicholas Kant	M
3859	Bob Gentry	M
3860	Louise Widemer	F
3861	John Haaf	M
3862	Mark Francisco	M
\.


--
-- TOC entry 2965 (class 0 OID 17143)
-- Dependencies: 207
-- Data for Name: runner_alias; Type: TABLE DATA; Schema: public; Owner: postgres
--

COPY public.runner_alias (id, name, runner_id) FROM stdin;
7	Sam Cler	1452
8	Dave Pannepacker	1475
9	Dan Schaal	1467
10	Chris Cammarata	1695
11	Eric Cammarata	1558
12	Chrissy Shadle	1545
13	Dan Metz	1506
14	Nick Hance	1489
15	Antonio Pereira	1634
16	Robert Brauckmann	1556
17	Martin McMahon	1539
18	Kim McPoyle	1597
19	Ed Klenk	1611
20	Anne Kathry Bromm	1654
21	Vincent Matyi	1713
22	Matt Wilhelm	1657
23	Stacy Boop	1950
24	Mike Buchakjian	1616
25	Michael Crane	1683
26	Dawn Marie Kunz	2097
27	Reen Emmons	1766
28	Kelly McCafferty	1999
29	Michael Markle	1811
30	Brie Darragh	1838
31	Michael Gerberth	1456
32	Sara Amitrani	1474
33	Michael Gross	1439
34	Jennifer Holiday	2154
35	Kelly Mullen	2072
36	Kathleen Stewart	1977
37	Jim Larson	1502
38	Doug Resnick	1512
40	Mike Giampietro	1653
41	Eric Griffith	2159
42	Matthew Walters	1884
44	Richie Sichel	2686
45	Kelli Sendel	1697
46	Karen Laird	1738
47	Jim Higgins	1829
48	Ed Kastenhuber	1917
49	Christine Sisti	1824
50	Christine Resnick	1770
51	Randal Czupich	1831
52	Susan Graf	2318
53	Frank Rubino	2204
54	Robert Hoy	1855
55	Nedim Emil Altaras	2337
56	William Stubbs	1579
57	Christina Walters	1561
58	Michael Wojton	1956
59	Richard Dunning	1688
63	Ben House	1694
68	Williams Evans	1796
69	Shannon Gagliardi	1761
70	Susanne Allex	1720
71	Rob Schilk	1578
72	James Stein	1628
77	Sarah Marie Bittman	1560
78	Vicki Ziesel Frick	1975
79	Vicki Zieel-Frick	1975
80	Norman Walker	2612
81	Tim Damiani	1629
82	Vincent Borocci	1462
83	Robert Hardcastle	1645
84	Joseph Suder	2139
85	Stephanie Brooks	2385
86	Tom Peterson	1530
87	Anne Kathryn Bromm	1654
88	David Obarowski	2578
89	Jennifer Mcgonigle	2506
91	Christine Shebest	2590
92	Mike Moore	2515
93	John T Wheeler	2285
94	Tim Czupich	2334
95	Andy Reiter	1967
96	Renee(son) Harnishfeger	1802
97	Tom Nolan	2542
98	Mark McHugh	2460
99	Mike Culnan	2135
100	Matthew Cohen	2596
101	Joseph Quinlan	1895
102	Tom A. Hanna	1478
103	Rich Sichel	2343
104	Ed Buck	1571
105	Brian Fredericks	1944
106	Greg Brady	2705
107	Steve Louella	2059
108	James Agger	1957
109	Jeffrey Bruemmer	2412
110	Debra Brockett	2721
111	Susanna Allex	1720
112	Richard Milliron	2529
113	Fran Soda	2428
115	John Marino	1965
116	Jim Drumm	2469
117	Nedim Altaras	2337
118	Kristina Griffith	2819
119	Stephanie Crawford	2922
120	Emmanuella Glazier	2939
121	John Mehl	2955
122	Bob Jones	2759
123	Sharri Senior	1684
124	Lauren Smithline	1521
125	Al Siuta	1659
126	Matt Stout	3023
127	Bob Boland	1936
128	Steve Hallman	1433
129	Chris Mallard	1849
130	Josh Gross	1547
131	Chris Thompson	1453
132	William Sands	1948
133	Joann McGinty	2553
134	Deborah Petrone	2377
135	Dalete Geller	2935
136	Nikkii Kashub	2143
137	Andy Smith	3168
138	Michelle McKeon	2586
139	Samirah Abdul-Fattah	1909
140	Vitaly Belotserkovs	1448
141	Christian Corabello	2110
142	David Dlugosz	2584
143	Karen Robinson-Cloete	1888
145	Lance Gravlich	2181
146	Lance Graulich	2181
147	Andrew Holister	2054
148	Christopher Marshall	2036
149	Zachary Martin	2140
150	Anthony Mannerino	2381
151	Deanne McHeath	2727
152	Susan Maratti	2304
153	Bryanna Villano	3014
154	Steve D'Ambra	2655
155	Tom Colletti	2916
157	Neil McKean	2335
159	Stefanie Nemec	2427
160	Craig Vorhees	3225
161	Katie Jones	2656
162	Darryl Francomacaro	2001
163	Christine Mannerino	2418
164	Sheryl Conlow	2277
165	Bob MacFarlane	2228
166	W. Shannon Perry	2572
167	Michael Diyeso	2359
168	Chris Tredway	3124
169	Laura Hughs	2075
170	Christopher Mortens	1496
171	Maria Francomacero	2130
172	Megan McCallion	3034
173	Iris Del Castillo-B	1707
175	Christopher Thompso	1453
177	Steve Bunke	2640
178	Nikita Polard	1594
179	Leanne Storier	1704
180	Janine Tarapchak	3107
181	Alex Carideo	2109
183	Richard Sichel Jr.	2343
184	Sheryl Lonlow	2277
185	William Schaffling	1604
186	Lou Coppens	2176
187	Pat Fisher	2991
188	Brynn Zwickel	1687
189	Maureen Harnishfeger	1887
190	Breandon Nemec	1898
191	Bob Brauckman	1556
192	Jill Case-Leetsma	1692
193	Isabella Khachaturgan	2986
194	Thomas Miller	2031
195	Mary Anne Trump	1839
196	Sandy Van Kuren	2714
197	Kathy Czupich	1587
198	RJ R Boop	2152
199	Steve Hess	1601
200	Briuhid Green	2880
201	Joseph Dubyk	3381
202	Pat McMenamin	2816
203	Jeff Ledbetter	2170
204	Tonvary Doremalen	3409
205	Tom Vandoremalen	3409
206	Pat Cooney	2471
207	Deborah Levitaan	3501
208	Candis Krzaczyk	3431
209	Chris Diilio	3261
210	Cheryl-Anne Kullmann	3366
211	Julie Whitlemore	1715
212	Michele Fall	2095
213	Jennifer Holiday Eg	2154
214	Becky Montini	3161
215	Jenifer Holiday Egb	2154
217	Missy Jester	3243
218	Kali Hale	1805
219	Patti Luizaga	2251
220	Christopher Bright	3221
221	Yu Minah	2008
222	Megan Howe	1477
223	Brennan Bligh	3527
224	Barett Windem	3515
225	Charles Thompson	1444
226	Jim Barger	2858
227	Joe Clark	2643
228	Tracy Sawyer	2755
229	Matt Hastings	1441
230	James Matthews	1480
231	Bo Jung	3026
232	Cynthia Wallace	1661
233	Jeff Nicastro	2573
234	Philip Davies	2223
235	Joey Smith	3156
236	Mark Harnishferger	1574
237	Julia Hamnett	2207
238	Renee Harnishferger	1887
239	William Coyle	1842
240	Bree Smith	3164
241	Phil Miele	1807
242	Denise Coll Manley	1918
243	Lisa Griffith	1647
244	Cheryl Chamblis	1921
245	Ryan Stinson	2403
246	Jen McAndrew	2230
247	Robin Burke	1631
248	Stuart Conard	1438
249	Jessica Frick-Bosworth	3583
250	Dan Kiley	3559
251	Tim Atwood	1663
252	Michael McElhaugh	3553
253	Matt Conard	1905
254	Phil Meile	1807
255	Jen Conard	1643
256	LisaA	1901
257	Wendy Fesmire	2079
258	WendyPF	2079
144	Wendy Pippin Fesmir	2079
259	ReneeH	1887
260	Tracye Shoozy Gilliam	1615
261	Mike Geberth	1456
262	Greg Hunter	3696
263	James Smith	3185
264	Steve Davis	1626
265	Mike Joseph	3464
266	Rich Coogan	1721
267	Anne Bromm	1654
268	Joseph Resta	3629
269	Jennifer Conard	1643
270	Leo Wang Wang	3234
271	Kathy Heyman	1969
272	Matthew Tonelli	3690
273	Megan Esmonde	1477
275	Robert Powell	3222
276	Kimberly Sorensen	3812
277	Ed Merriman	3642
278	Vince Garonski	3712
279	Dan Doolan	2762
280	Jim  Sexton	3749
281	Amanda Vettori-Bacon	3740
282	Jen Nat	1643
283	Jessica Bosworth	3583
284	Karen Robinson	1888
285	Anthony Kovatch	3811
286	Jess Reichert	2287
\.


--
-- TOC entry 2967 (class 0 OID 17149)
-- Dependencies: 209
-- Data for Name: season; Type: TABLE DATA; Schema: public; Owner: postgres
--

COPY public.season (id, name, num_scores, draft_rounds, supplemental_rounds) FROM stdin;
17	2011-2012	0	0	0
16	2012-2013	4	6	0
15	2013-2014	4	7	1
14	2014-2015	4	7	1
8	2015-2016	4	7	1
11	2016-2017	4	7	1
19	2017-2018	4	7	1
20	2018-2019	3	4	1
\.


--
-- TOC entry 2969 (class 0 OID 17155)
-- Dependencies: 211
-- Data for Name: team; Type: TABLE DATA; Schema: public; Owner: postgres
--

COPY public.team (id, owner_id, name) FROM stdin;
2	2	TEAM BOGAN
1	1	TEAM BEERBOWER
4	10	TEAM ESMONDE
3	3	TEAM PRICE
6	5	TEAM THOMPSON
5	4	TEAM LARSON
8	7	TEAM NEMEC
7	6	TEAM SCHAAL
10	9	TEAM BRENNER
9	8	TEAM LEDERER
11	12	TEAM GROSS
12	13	TEAM HASTINGS
13	14	TEAM COHEN
14	15	TEAM RICCO
15	16	TEAM CT
16	17	TEAM CRAIG
17	18	TEAM GRACE
18	19	TEAM KANAK
19	20	TEAM_EGRACE
20	21	TEAM GEBERTH
\.


--
-- TOC entry 2971 (class 0 OID 17161)
-- Dependencies: 213
-- Data for Name: team_runner; Type: TABLE DATA; Schema: public; Owner: postgres
--

COPY public.team_runner (id, runner_id, draft_order, active, team_season_id) FROM stdin;
1	1477	1	t	11
2	1849	2	t	11
3	1523	3	t	11
4	1436	1	t	12
5	1433	2	t	12
6	1552	3	t	12
8	1449	1	t	13
10	1462	2	t	13
11	1531	3	t	13
12	1474	1	t	20
13	1451	2	t	20
14	1487	3	t	20
15	2017	1	t	14
16	1564	2	t	14
17	1950	3	t	14
18	1450	1	t	16
19	1511	3	t	16
20	1485	1	t	15
21	2205	2	t	16
22	1463	2	t	15
23	1565	3	t	15
24	1438	1	t	17
25	1441	2	t	17
26	1466	3	t	17
27	1440	1	t	18
28	1965	2	t	18
29	1854	3	t	18
31	1446	1	t	19
32	1505	2	t	19
33	1445	3	t	19
34	1472	4	t	19
35	1457	4	t	16
36	1452	4	t	15
37	2206	4	t	14
38	1534	4	t	20
39	1537	4	t	13
40	1447	4	f	11
41	1610	4	t	12
42	1560	5	t	12
43	1545	5	t	11
44	1442	5	t	13
45	1475	5	t	20
46	1561	5	t	14
47	1453	5	t	15
48	1518	5	f	16
49	1852	4	t	17
50	1499	5	t	17
51	1456	5	t	18
52	1455	6	t	18
53	1879	5	f	19
54	1439	6	t	19
56	2207	6	t	17
57	1458	6	t	16
58	1500	6	f	15
59	1493	6	f	14
61	1460	6	t	13
62	1454	6	t	11
63	1443	6	t	12
64	2216	7	t	19
65	2217	7	t	18
66	1444	7	t	16
67	2014	7	t	15
68	1551	7	t	14
69	1602	7	t	11
70	1448	4	f	18
71	1496	6	t	20
72	1444	1	t	21
73	1450	1	t	22
75	2205	1	t	24
76	1436	1	t	25
77	1474	1	t	26
78	1545	1	t	27
79	1551	1	t	28
80	1534	1	t	29
81	1518	1	t	30
82	1456	2	t	30
83	1854	2	t	29
84	1441	2	t	28
85	1452	2	t	27
86	1511	2	t	26
87	1647	2	t	25
88	1485	2	t	24
89	1475	2	t	23
90	1439	2	t	22
91	1927	2	t	21
92	1466	3	t	21
93	3152	3	t	22
94	1454	3	t	23
95	1440	3	t	24
97	1467	3	t	26
98	1458	3	t	27
99	1463	3	t	28
100	1461	3	t	29
101	1849	3	t	30
102	1449	4	t	30
103	1596	4	t	29
104	2206	4	t	28
105	1457	4	t	27
106	2347	4	t	26
107	1438	4	t	25
108	1437	4	t	24
253	2017	5	t	25
254	2017	1	t	31
255	1433	1	t	32
256	1436	1	t	33
257	1505	1	t	34
258	1441	1	t	35
259	1443	1	t	36
260	1440	1	t	37
261	1453	1	t	38
262	1477	1	t	39
263	1500	1	t	40
264	2454	1	t	41
265	1485	1	t	42
266	1449	2	t	42
267	1463	2	t	41
268	1565	2	t	40
269	1451	2	t	39
270	1511	2	t	38
271	1564	2	t	37
272	2446	2	t	36
273	1447	2	t	35
274	1534	2	t	34
275	1518	2	t	33
276	1552	2	t	32
277	1950	2	t	31
278	1438	3	t	31
279	1523	3	t	32
280	1955	3	t	33
281	1930	3	t	34
282	1439	3	t	35
283	1854	3	t	36
284	2331	3	t	37
285	2014	3	t	38
286	1855	3	f	39
287	1460	3	t	40
288	1456	3	t	41
289	1452	3	t	42
252	1855	5	f	24
74	2217	1	f	23
290	1977	4	f	42
291	1582	4	t	41
292	1887	4	t	40
293	1592	4	t	39
294	1521	4	t	38
295	2327	4	t	37
296	1450	4	t	36
297	1434	4	t	35
298	1470	4	t	33
299	1461	4	t	32
300	2072	4	t	31
301	1467	4	t	34
302	1860	5	t	31
303	2459	5	t	32
304	1487	5	f	33
305	1437	5	t	34
306	1444	5	t	35
307	1541	5	t	36
308	1528	5	t	37
309	1466	5	t	39
310	1497	5	f	40
311	2570	5	f	41
312	1475	5	t	42
313	2154	5	f	38
314	1965	6	t	42
315	1545	6	t	41
316	2445	6	t	40
317	1473	6	t	39
318	2026	6	t	38
319	2160	6	f	37
320	2051	6	f	36
321	2253	6	f	35
322	1482	6	f	34
323	1610	6	t	33
324	1933	6	t	32
325	1472	6	f	31
326	1474	7	t	42
327	1442	7	t	41
328	1448	7	t	40
329	1501	7	t	39
330	1446	7	t	38
331	1445	7	t	37
332	1531	7	t	36
333	1459	7	t	35
334	1454	7	t	34
335	1457	7	t	33
336	1458	7	t	31
342	1460	6	t	30
343	2221	6	t	29
344	3543	6	t	28
345	1622	6	t	27
346	2248	6	t	26
347	1505	6	t	25
348	1852	6	t	24
349	1447	6	t	23
352	2205	1	t	54
353	2017	1	t	55
354	1459	1	t	56
355	1442	1	t	57
356	2014	1	t	58
357	2755	1	t	59
358	1463	1	t	60
359	2654	1	t	61
360	1564	1	t	62
361	1511	1	t	63
362	1444	1	t	64
363	2445	1	t	65
364	1565	2	t	65
365	1441	2	t	64
366	2752	2	t	63
367	1500	2	t	62
368	1438	2	t	61
369	1440	2	t	60
370	1451	2	t	59
371	2454	2	t	58
372	2656	2	t	57
373	1552	2	t	55
374	2641	2	f	54
375	1439	2	t	56
376	1950	3	t	58
377	1521	3	t	59
378	1592	3	t	60
379	2328	3	t	61
380	2248	3	t	62
381	2665	3	t	63
382	2643	3	t	64
383	2467	3	t	65
384	1453	3	t	54
385	1505	3	t	55
386	2803	3	t	56
387	1955	3	t	57
388	2253	4	f	65
246	2234	4	t	23
247	3542	4	t	22
248	1499	4	t	21
249	1477	5	t	21
250	1433	5	t	22
251	2216	5	t	23
389	2647	4	t	63
390	1854	4	t	62
391	2344	4	t	61
392	1437	4	t	60
393	2452	4	t	59
394	1482	4	t	58
395	1434	4	t	57
396	2446	4	t	55
397	2072	4	t	54
398	3544	4	t	56
399	1855	4	t	64
400	2326	5	t	54
401	1486	5	t	55
402	1466	5	t	56
403	2644	5	t	57
404	1447	5	t	58
405	1647	5	t	59
406	2026	5	t	60
407	1541	5	t	62
408	1497	5	t	64
409	3545	5	t	61
410	3546	5	f	63
411	1467	5	t	65
412	1433	6	t	64
413	2576	6	t	63
414	2216	6	f	62
415	2329	6	t	61
416	2327	6	t	60
417	1925	6	f	58
418	2753	6	t	57
419	1455	6	t	56
420	1436	6	t	55
421	2567	6	t	54
422	1502	6	t	65
423	1446	6	f	59
424	2458	7	t	65
425	2331	7	t	63
426	1582	7	t	59
427	1551	7	t	58
428	1460	7	t	54
429	1477	7	t	62
430	2017	1	t	66
431	1459	1	t	67
432	1442	1	t	68
433	2014	1	t	69
434	2755	1	t	70
435	2803	1	t	71
436	1444	1	t	73
437	1440	1	t	74
438	1470	1	t	75
439	1497	1	f	76
440	1854	1	t	77
340	1445	5	f	29
338	2230	5	f	27
337	1597	5	f	26
350	2752	6	f	22
351	1451	6	f	21
441	1451	1	t	78
442	1463	1	t	79
443	1439	1	t	72
444	2459	2	t	79
445	1950	2	t	78
446	1460	2	t	76
447	1565	2	t	75
448	2643	2	t	74
449	1453	2	t	73
450	2326	2	t	72
451	1870	2	t	71
452	2857	2	f	70
453	1434	2	t	69
454	1487	2	f	68
455	1564	2	t	67
456	1887	2	t	66
457	1467	2	t	77
458	1441	3	t	66
459	2245	3	t	67
460	1469	3	t	68
461	2752	3	t	69
462	1511	3	t	70
463	1942	3	t	71
464	1523	3	t	72
465	2205	3	t	73
466	1955	3	t	74
467	2156	3	t	76
468	1862	3	t	77
469	1490	3	t	78
470	1715	3	t	79
471	1855	3	t	75
472	1582	4	t	79
473	2904	4	t	78
474	1466	4	t	77
475	1636	4	t	76
476	1698	4	t	75
477	2840	4	t	74
478	1456	4	t	73
479	2750	4	t	72
480	1714	4	t	71
481	2604	4	t	69
482	2010	4	t	68
483	1500	4	t	67
484	2248	4	t	66
485	1502	4	t	70
486	2965	5	t	66
487	1541	5	t	67
488	1503	5	t	68
489	1455	5	t	69
490	1437	5	t	70
491	2970	5	t	71
492	2864	5	f	72
493	1438	5	t	73
494	1504	5	t	74
495	2139	5	f	75
496	1505	5	t	76
497	1852	5	f	77
498	1521	5	t	79
499	1530	5	f	78
500	2858	6	f	79
501	1841	6	t	78
502	1925	6	t	77
503	2757	6	t	76
504	1559	6	t	75
505	2567	6	t	72
506	2347	6	t	70
507	2956	6	f	69
508	2859	6	t	68
509	1518	6	f	67
510	2890	6	f	66
511	2469	6	f	74
512	2154	6	f	73
513	1965	6	t	71
514	2641	7	t	79
515	1661	7	t	78
516	2751	7	t	77
517	2647	7	t	76
518	2754	7	t	75
519	2644	7	t	74
520	2753	7	t	73
521	1471	7	t	72
522	1592	7	t	70
523	1478	7	t	69
524	2454	7	t	68
525	2368	7	t	67
526	2654	7	t	66
527	1852	1	t	80
528	2216	1	t	81
529	2865	1	t	82
530	2017	1	t	83
531	1463	1	t	84
532	1459	1	t	85
533	1439	1	t	86
534	3151	1	t	87
535	1440	1	t	89
536	1453	1	t	90
537	2750	1	t	91
538	1511	1	t	94
539	2803	1	t	88
540	1965	1	t	92
541	1470	1	t	93
542	2643	1	t	95
543	1490	2	t	80
544	2205	2	t	81
545	1460	2	t	84
546	2751	2	t	85
547	2894	2	t	86
548	1854	2	t	89
549	1451	2	t	90
550	3345	2	t	91
551	3073	2	t	92
552	3344	2	t	93
553	1500	2	t	94
554	1487	2	t	83
555	2965	2	t	87
556	1477	2	t	82
557	1442	2	t	88
558	2326	2	t	95
559	1950	3	t	80
560	3352	3	t	81
561	1502	3	t	82
562	1942	3	t	83
563	2362	3	t	84
564	3359	3	t	87
565	1564	3	t	88
566	3248	3	t	90
567	1497	3	t	91
568	1434	3	t	92
569	1582	3	t	93
570	1698	3	t	95
571	1977	3	t	85
572	2154	3	t	86
573	1467	3	t	94
574	1437	3	t	89
575	1862	4	t	81
576	1565	4	t	83
577	2726	4	t	84
578	2156	4	t	85
579	1559	4	t	87
580	1841	4	t	89
581	2959	4	t	90
582	3247	4	t	92
583	1593	4	t	93
584	1887	4	t	94
585	2113	4	t	95
586	1898	4	t	80
587	2542	4	t	82
588	1629	4	t	86
589	2858	4	t	88
590	2567	4	t	91
591	2010	5	t	80
592	1486	5	t	82
593	2979	5	t	83
594	1604	5	t	85
595	2641	5	t	86
596	1466	5	t	87
597	2852	5	t	88
598	2651	5	t	89
599	1504	5	t	90
600	1503	5	t	91
601	1455	5	t	92
602	1692	5	t	93
603	3113	5	t	94
604	1991	5	t	95
605	2469	5	t	81
606	2443	5	t	84
608	2285	6	t	80
609	1935	6	t	81
610	1955	6	t	82
611	2139	6	t	83
612	1625	6	t	84
613	2245	6	t	85
614	3545	6	t	86
615	1946	6	t	87
616	2840	6	t	88
617	1469	6	t	89
618	1523	6	t	92
619	1969	6	t	93
620	2368	6	t	95
621	3259	6	t	90
622	1512	6	t	91
623	1496	6	t	94
341	1610	5	f	30
624	3552	7	t	30
625	3151	7	t	29
339	2328	5	f	28
626	3551	7	t	28
627	3114	7	t	27
628	3563	7	t	26
96	1602	3	f	25
629	1546	7	t	25
630	1503	7	t	24
631	3564	7	t	23
632	1547	7	t	22
633	3567	7	t	21
634	1852	1	t	102
635	2205	1	t	101
636	1437	1	t	103
637	1499	1	t	104
638	3151	1	t	97
640	1450	1	t	99
642	1518	1	t	98
643	1444	1	t	96
644	1596	1	t	100
645	1474	1	t	105
646	1647	2	t	105
647	1436	2	t	100
648	3114	2	t	96
649	1854	2	t	98
651	1463	2	t	99
652	2234	2	t	97
653	1927	2	t	104
654	1534	2	t	103
655	1454	2	t	101
656	1440	2	t	102
657	1860	3	t	102
658	3553	3	t	101
659	1622	3	t	103
660	1485	3	t	104
661	1452	3	t	97
662	1476	3	t	99
663	3674	3	t	98
664	3507	3	t	96
665	3580	3	t	100
666	1466	3	t	105
667	3709	4	t	105
668	3708	4	t	100
669	3554	4	t	96
670	1446	4	t	98
671	2467	4	t	99
672	1591	4	t	97
673	2221	4	t	104
674	3719	4	t	103
675	1546	4	t	101
676	1448	4	t	102
\.


--
-- TOC entry 2973 (class 0 OID 17168)
-- Dependencies: 215
-- Data for Name: team_season; Type: TABLE DATA; Schema: public; Owner: tbeerbower
--

COPY public.team_season (team_id, season_id, draft_order, id) FROM stdin;
1	11	2	11
2	11	1	12
3	11	3	13
5	11	5	14
6	11	6	15
7	11	7	16
8	11	8	17
9	11	9	18
10	11	10	19
4	11	4	20
10	19	1	21
11	19	2	22
8	19	3	23
6	19	4	24
5	19	5	25
7	19	6	26
3	19	7	27
9	19	8	28
1	19	9	29
12	19	10	30
1	8	1	31
2	8	2	32
5	8	3	33
8	8	4	34
9	8	5	35
3	8	6	36
7	8	7	37
6	8	8	38
14	8	9	39
13	8	10	40
10	8	11	41
15	8	12	42
10	14	1	54
1	14	2	55
11	14	3	56
8	14	4	57
9	14	5	58
16	14	6	59
6	14	7	60
17	14	8	61
5	14	9	62
7	14	10	63
18	14	11	64
3	14	12	65
1	15	1	66
14	15	3	68
11	15	4	69
7	15	5	70
3	15	6	71
8	15	7	72
6	15	8	73
16	15	9	74
10	15	10	75
18	15	11	76
9	15	12	77
19	15	13	78
17	15	14	79
5	15	2	67
19	16	1	80
16	16	2	81
13	16	3	82
10	16	4	83
3	16	5	84
17	16	6	85
15	16	7	86
9	16	8	87
1	16	9	88
7	16	10	89
6	16	11	90
5	16	12	91
11	16	13	92
18	16	14	93
8	16	15	94
14	16	16	95
1	20	8	96
5	20	5	97
6	20	7	98
7	20	6	99
8	20	9	100
9	20	2	101
10	20	1	102
11	20	3	103
12	20	4	104
20	20	10	105
\.


--
-- TOC entry 2975 (class 0 OID 17174)
-- Dependencies: 217
-- Data for Name: usr; Type: TABLE DATA; Schema: public; Owner: tbeerbower
--

COPY public.usr (id, name, email, password, active, roles) FROM stdin;
2	James Bogan	jbogan@gmail.com	9ce89720adc4185fff6019922786cf43449d4d72	t	USER
3	Steve Price	stprice50@gmail.com	9ce89720adc4185fff6019922786cf43449d4d72	t	USER
4	James Larson	jflarson63@gmail.com	9ce89720adc4185fff6019922786cf43449d4d72	t	USER
5	Allyson Thompson	ajann0924@hotmail.com	9ce89720adc4185fff6019922786cf43449d4d72	t	USER
6	Daniel Schaal	d27schaal@gmail.com	9ce89720adc4185fff6019922786cf43449d4d72	t	USER
7	Breandan Nemec	bnemec22@gmail.com	9ce89720adc4185fff6019922786cf43449d4d72	t	USER
8	Peter Lederer	pete.lederer@gmail.com	9ce89720adc4185fff6019922786cf43449d4d72	t	USER
9	Harris Brenner	harris.brenner@gmail.com	9ce89720adc4185fff6019922786cf43449d4d72	t	USER
10	Megan Esmonde	mesmonde04@gmail.com	9ce89720adc4185fff6019922786cf43449d4d72	t	USER
11	Guest	tbeerbower@yahoo.com	9ce89720adc4185fff6019922786cf43449d4d72	t	USER
12	Mike Gross	mikegross1@verizon.net	9ce89720adc4185fff6019922786cf43449d4d72	t	USER
13	Matthew Hastings	matthew1934@gmail.com	9ce89720adc4185fff6019922786cf43449d4d72	t	USER
14	Glenn Cohen	gcertified@comcast.net	9ce89720adc4185fff6019922786cf43449d4d72	t	USER
15	Jay Ricco	jricco89@yahoo.com	9ce89720adc4185fff6019922786cf43449d4d72	t	USER
16	Chris Thompson	wi1ennium@hotmail.com	9ce89720adc4185fff6019922786cf43449d4d72	t	USER
17	Scott Craig	run4funche@yahoo.com	9ce89720adc4185fff6019922786cf43449d4d72	t	USER
18	Greg Grace	greggrace@aol.com	9ce89720adc4185fff6019922786cf43449d4d72	t	USER
19	Richard Kanak	anchorconstruct@comcast.net	9ce89720adc4185fff6019922786cf43449d4d72	t	USER
20	Emily Grace	emgrace@aol.com	9ce89720adc4185fff6019922786cf43449d4d72	t	USER
21	Mike Geberth	mikegeberth@gmail.com	9ce89720adc4185fff6019922786cf43449d4d72	t	USER
26	Test Testermann	testeroo@gmail.com	$2a$10$oX0Cw57ds3UD7E3YWnhF/.690y0evTC3i1hM5rMHsM3vhZKd1FOfi	t	USER
27	Test Testermann2	testeroo2@gmail.com	$2a$10$BAjKJOXkYsihYl01G0yywuzCr/5yokESK5HIqxDtsBFkb4znnSmQi	t	USER
28	Test Testermann3	testeroo3@gmail.com	$2a$10$2vIEMYUE6Ivl5wkfIwoU/OKcy9a40qFMYzATgb4T5ttiH6UXq3f0W	t	USER
29	Tester Testy	testy1@gmail.com	$2a$10$L45QHqN7dVH38BmA1COGBOFLn4gPqJQH8AJRjvyvpm7oyHyiEWc9.	t	USER
1	Thomas Beerbower	tbeerbower@yahoo.com	9ce89720adc4185fff6019922786cf43449d4d72	t	USER,ADMIN
30	Tom Beerbower	tbeerbower@gmail.com	na	t	USER,ADMIN
\.


--
-- TOC entry 2977 (class 0 OID 17183)
-- Dependencies: 219
-- Data for Name: volunteer; Type: TABLE DATA; Schema: public; Owner: tbeerbower
--

COPY public.volunteer (id, shift_id, runner_id) FROM stdin;
1	1	1539
2	1	3687
3	1	2139
4	1	1854
5	1	3622
6	1	1979
7	1	1993
8	1	1918
9	1	3511
10	1	1822
11	1	1595
12	1	1962
13	1	1884
14	1	2204
15	1	1763
16	1	3595
17	1	3688
18	1	1439
19	1	2273
20	1	1807
21	1	3559
22	1	2368
23	1	2320
24	2	1766
25	2	1807
26	2	1637
27	2	1901
28	2	1521
29	3	2226
30	3	3683
31	3	1744
32	3	1498
33	3	1661
34	4	3581
35	4	2113
36	4	1626
37	4	3234
38	4	1723
39	4	1746
40	4	1722
41	4	1787
42	4	1906
43	4	1504
44	4	1814
45	4	1697
46	4	1766
47	4	1463
48	4	1604
49	4	3507
50	4	3689
51	4	2232
52	4	1740
53	4	3237
54	4	1973
55	4	1899
56	4	1627
57	4	1971
58	5	1807
59	5	1502
60	6	3690
61	6	1813
62	7	1766
63	7	3554
64	7	1454
65	9	1860
66	9	2010
67	9	3591
68	11	3688
69	11	3691
70	11	3597
71	11	3580
72	11	3229
73	11	3692
74	11	2553
75	11	3212
76	11	3693
77	11	1797
78	12	1663
79	12	3591
80	13	3694
81	13	1927
82	13	3695
83	13	3553
84	13	1499
85	13	3151
86	13	1561
87	13	3114
88	13	2291
89	13	1440
90	13	1717
91	13	2221
92	13	1936
93	13	1596
94	13	1450
95	13	1437
96	13	3696
97	13	3585
98	13	3188
99	13	1578
100	13	1444
101	11	3697
102	10	1716
103	10	2234
104	1	3690
105	2	3698
106	2	1815
107	2	3595
108	6	1743
109	10	1680
110	13	1930
111	2	3699
112	2	3700
113	13	2205
117	2	1591
118	3	1688
120	4	1503
121	5	1497
123	6	1905
124	7	1469
125	8	1940
126	9	1940
127	10	1452
128	10	1953
129	11	1733
130	11	1743
131	12	1733
132	12	1743
133	13	1490
134	1	1901
135	1	2079
136	1	1887
137	3	1807
138	6	1643
139	2	3706
140	3	2314
141	6	3707
142	9	1751
143	10	1458
144	13	1500
145	8	1615
146	11	1615
147	13	1518
148	2	3659
149	5	1667
150	10	1473
151	10	1606
152	2	2080
153	7	1639
154	10	1610
155	10	3744
156	10	2176
157	2	3565
158	3	1852
159	2	3581
160	2	2249
161	2	3237
162	2	3234
163	3	1678
164	3	3595
165	7	1523
166	7	1718
167	7	1580
168	11	2294
169	2	3552
170	11	1777
171	11	1633
172	3	3777
173	3	3778
174	3	2223
175	3	1921
176	3	1901
177	3	3779
178	3	1689
179	8	1781
180	9	1781
181	11	1448
182	3	1766
183	5	1766
184	6	1766
185	6	1901
186	7	1901
187	9	1901
188	10	1901
189	12	1901
190	3	3609
191	3	2965
192	12	1807
193	5	3595
194	12	3748
195	6	1733
196	10	3657
197	6	1573
198	7	3708
199	5	3783
200	5	2310
201	7	3584
202	7	3833
203	7	3834
204	9	3589
205	10	3166
206	5	1574
207	5	3642
208	5	1446
209	6	1446
210	7	3726
211	10	3712
212	12	2282
213	2	3229
214	3	3229
215	5	1980
216	5	3229
217	5	3680
218	5	2762
219	5	1953
220	6	3229
221	7	3229
222	7	2349
223	7	3749
224	8	3229
225	9	3229
226	10	3229
227	12	3229
228	5	2224
229	5	2276
230	6	3595
231	7	3595
232	8	1964
233	8	2467
234	10	1656
235	6	1634
236	6	2279
237	8	3708
238	6	1795
239	6	3569
240	8	3597
241	6	1952
242	6	3583
243	6	2221
244	6	3712
245	6	1942
246	6	1888
247	8	1766
248	8	3595
249	7	1630
250	8	1681
251	10	1454
252	7	3709
253	7	3681
254	7	3696
255	8	3489
256	9	3733
257	10	3595
258	10	2273
259	10	1721
260	12	3847
261	13	3595
\.


--
-- TOC entry 2979 (class 0 OID 17189)
-- Dependencies: 221
-- Data for Name: volunteer_shift; Type: TABLE DATA; Schema: public; Owner: tbeerbower
--

COPY public.volunteer_shift (id, season_id, race_id, name, tag, race_definition_id) FROM stdin;
1	20	291	Covered-Bridge	Covered Bridge 5k - Boathouse; Race Directors: LisaA (lisaantenucci@yahoo.com, 215-962-3756), W	8
2	20	292	Jingle-Bell	Jingle Bell 5m - Boathouse;  Race Director: Jim Maze, paramaze@aol.com	9
3	20	293	Cham-Pain	Cham Pain 5k - Boathouse;  Race Directors:  Rich Dunning  ( oncefit@comcast.net  215-469-0805) 	3
4	20	294	Wild-Card	Wild Card ??  - Boathouse;  Race Directors:  Joe Boyce  ( joeboyce@comcast.net  267 257 7590)	5
5	20	295	Tyler-Challenge	Tyler Challenge; Race Director: Steve Price (stprice50@gmail.com)	10
6	20	296	Polar-Bear	Polar Bear - Boathouse;  Race Directors:  Matt &amp; Jen Conard ( mattconard@msn.com  215 837 4	1
7	20	297	Honest-Abe	Honest Abe 4.6m - Boathouse;  Race Director:   Anthony Accardo  ( aaccardo@comcast.net  609 743	4
8	20	298	Terrible-Tyler	Terrible Tyler 1st shift - Boathouse; Race Director: Patrick Goodwin (pgoodwin00@yahoo.com)	6
9	20	298	Terrible-Tyler	Terrible Tyler 2nd shift - Boathouse;Race Director: Patrick Goodwin (pgoodwin00@yahoo.com)	6
10	20	299	Pick-Your-Way	Pick Your Way 5m - Boathouse; Race Directors: Eric Stern and Sam Cler (eric.stern@verizon.net &	2
11	20	300	Eenie-Meenie	Half Marathon 1st shift - Boathouse; Race Director: George McClellan (ironmangeo@aol.com ; 215-	7
12	20	300	Eenie-Meenie	Half Marathon 2nd shift - Boathouse; Race Director: George McClellan (ironmangeo@aol.com ; 215-	7
13	20	\N	Staggered-Start	Staggered Start - Boathouse (Race Director: Fred Gropper (freddyjay55@yahoo.com; 267-393-5363)	11
\.


--
-- TOC entry 2988 (class 0 OID 0)
-- Dependencies: 196
-- Name: matchup_id_seq; Type: SEQUENCE SET; Schema: public; Owner: tbeerbower
--

SELECT pg_catalog.setval('public.matchup_id_seq', 341, true);


--
-- TOC entry 2989 (class 0 OID 0)
-- Dependencies: 200
-- Name: race_definition_id_seq; Type: SEQUENCE SET; Schema: public; Owner: tbeerbower
--

SELECT pg_catalog.setval('public.race_definition_id_seq', 11, true);


--
-- TOC entry 2990 (class 0 OID 0)
-- Dependencies: 198
-- Name: race_id_seq; Type: SEQUENCE SET; Schema: public; Owner: postgres
--

SELECT pg_catalog.setval('public.race_id_seq', 301, true);


--
-- TOC entry 2991 (class 0 OID 0)
-- Dependencies: 202
-- Name: result_id_seq; Type: SEQUENCE SET; Schema: public; Owner: postgres
--

SELECT pg_catalog.setval('public.result_id_seq', 82094, true);


--
-- TOC entry 2992 (class 0 OID 0)
-- Dependencies: 206
-- Name: runner_alias_id_seq; Type: SEQUENCE SET; Schema: public; Owner: postgres
--

SELECT pg_catalog.setval('public.runner_alias_id_seq', 286, true);


--
-- TOC entry 2993 (class 0 OID 0)
-- Dependencies: 204
-- Name: runner_id_seq; Type: SEQUENCE SET; Schema: public; Owner: postgres
--

SELECT pg_catalog.setval('public.runner_id_seq', 3862, true);


--
-- TOC entry 2994 (class 0 OID 0)
-- Dependencies: 208
-- Name: season_id_seq; Type: SEQUENCE SET; Schema: public; Owner: postgres
--

SELECT pg_catalog.setval('public.season_id_seq', 20, true);


--
-- TOC entry 2995 (class 0 OID 0)
-- Dependencies: 210
-- Name: team_id_seq; Type: SEQUENCE SET; Schema: public; Owner: postgres
--

SELECT pg_catalog.setval('public.team_id_seq', 20, true);


--
-- TOC entry 2996 (class 0 OID 0)
-- Dependencies: 212
-- Name: team_runner_id_seq; Type: SEQUENCE SET; Schema: public; Owner: postgres
--

SELECT pg_catalog.setval('public.team_runner_id_seq', 676, true);


--
-- TOC entry 2997 (class 0 OID 0)
-- Dependencies: 214
-- Name: team_season_id_seq; Type: SEQUENCE SET; Schema: public; Owner: tbeerbower
--

SELECT pg_catalog.setval('public.team_season_id_seq', 105, true);


--
-- TOC entry 2998 (class 0 OID 0)
-- Dependencies: 216
-- Name: usr_id_seq; Type: SEQUENCE SET; Schema: public; Owner: tbeerbower
--

SELECT pg_catalog.setval('public.usr_id_seq', 30, true);


--
-- TOC entry 2999 (class 0 OID 0)
-- Dependencies: 218
-- Name: volunteer_id_seq; Type: SEQUENCE SET; Schema: public; Owner: tbeerbower
--

SELECT pg_catalog.setval('public.volunteer_id_seq', 261, true);


--
-- TOC entry 3000 (class 0 OID 0)
-- Dependencies: 220
-- Name: volunteer_shift_id_seq; Type: SEQUENCE SET; Schema: public; Owner: tbeerbower
--

SELECT pg_catalog.setval('public.volunteer_shift_id_seq', 13, true);


--
-- TOC entry 2764 (class 2606 OID 17194)
-- Name: race_definition race_definition_name_key; Type: CONSTRAINT; Schema: public; Owner: tbeerbower
--

ALTER TABLE ONLY public.race_definition
    ADD CONSTRAINT race_definition_name_key UNIQUE (name);


--
-- TOC entry 2766 (class 2606 OID 17196)
-- Name: race_definition race_definition_pkey; Type: CONSTRAINT; Schema: public; Owner: tbeerbower
--

ALTER TABLE ONLY public.race_definition
    ADD CONSTRAINT race_definition_pkey PRIMARY KEY (id);


--
-- TOC entry 2759 (class 2606 OID 17350)
-- Name: race race_name_season_id_key; Type: CONSTRAINT; Schema: public; Owner: postgres
--

ALTER TABLE ONLY public.race
    ADD CONSTRAINT race_name_season_id_key UNIQUE (name, season_id);


--
-- TOC entry 2761 (class 2606 OID 17200)
-- Name: race race_pkey; Type: CONSTRAINT; Schema: public; Owner: postgres
--

ALTER TABLE ONLY public.race
    ADD CONSTRAINT race_pkey PRIMARY KEY (id);


--
-- TOC entry 2769 (class 2606 OID 17202)
-- Name: result result_pkey; Type: CONSTRAINT; Schema: public; Owner: postgres
--

ALTER TABLE ONLY public.result
    ADD CONSTRAINT result_pkey PRIMARY KEY (id);


--
-- TOC entry 2773 (class 2606 OID 17204)
-- Name: result result_runner_id_race_id_key; Type: CONSTRAINT; Schema: public; Owner: postgres
--

ALTER TABLE ONLY public.result
    ADD CONSTRAINT result_runner_id_race_id_key UNIQUE (runner_id, race_id);


--
-- TOC entry 2783 (class 2606 OID 17206)
-- Name: runner_alias runner_alias_name_key; Type: CONSTRAINT; Schema: public; Owner: postgres
--

ALTER TABLE ONLY public.runner_alias
    ADD CONSTRAINT runner_alias_name_key UNIQUE (name);


--
-- TOC entry 2785 (class 2606 OID 17208)
-- Name: runner_alias runner_alias_pkey; Type: CONSTRAINT; Schema: public; Owner: postgres
--

ALTER TABLE ONLY public.runner_alias
    ADD CONSTRAINT runner_alias_pkey PRIMARY KEY (id);


--
-- TOC entry 2777 (class 2606 OID 17210)
-- Name: runner runner_name_key; Type: CONSTRAINT; Schema: public; Owner: postgres
--

ALTER TABLE ONLY public.runner
    ADD CONSTRAINT runner_name_key UNIQUE (name);


--
-- TOC entry 2779 (class 2606 OID 17212)
-- Name: runner runner_pkey; Type: CONSTRAINT; Schema: public; Owner: postgres
--

ALTER TABLE ONLY public.runner
    ADD CONSTRAINT runner_pkey PRIMARY KEY (id);


--
-- TOC entry 2789 (class 2606 OID 17214)
-- Name: season season_name_key; Type: CONSTRAINT; Schema: public; Owner: postgres
--

ALTER TABLE ONLY public.season
    ADD CONSTRAINT season_name_key UNIQUE (name);


--
-- TOC entry 2791 (class 2606 OID 17216)
-- Name: season season_pkey; Type: CONSTRAINT; Schema: public; Owner: postgres
--

ALTER TABLE ONLY public.season
    ADD CONSTRAINT season_pkey PRIMARY KEY (id);


--
-- TOC entry 2794 (class 2606 OID 17218)
-- Name: team team_name_key; Type: CONSTRAINT; Schema: public; Owner: postgres
--

ALTER TABLE ONLY public.team
    ADD CONSTRAINT team_name_key UNIQUE (name);


--
-- TOC entry 2796 (class 2606 OID 17220)
-- Name: team team_pkey; Type: CONSTRAINT; Schema: public; Owner: postgres
--

ALTER TABLE ONLY public.team
    ADD CONSTRAINT team_pkey PRIMARY KEY (id);


--
-- TOC entry 2799 (class 2606 OID 17222)
-- Name: team_runner team_runner_pkey; Type: CONSTRAINT; Schema: public; Owner: postgres
--

ALTER TABLE ONLY public.team_runner
    ADD CONSTRAINT team_runner_pkey PRIMARY KEY (id);


--
-- TOC entry 2801 (class 2606 OID 17224)
-- Name: team_season team_season_pkey; Type: CONSTRAINT; Schema: public; Owner: tbeerbower
--

ALTER TABLE ONLY public.team_season
    ADD CONSTRAINT team_season_pkey PRIMARY KEY (id);


--
-- TOC entry 2803 (class 2606 OID 17226)
-- Name: team_season team_season_season_id_draft_order_key; Type: CONSTRAINT; Schema: public; Owner: tbeerbower
--

ALTER TABLE ONLY public.team_season
    ADD CONSTRAINT team_season_season_id_draft_order_key UNIQUE (season_id, draft_order);


--
-- TOC entry 2805 (class 2606 OID 17228)
-- Name: usr usr_pkey; Type: CONSTRAINT; Schema: public; Owner: tbeerbower
--

ALTER TABLE ONLY public.usr
    ADD CONSTRAINT usr_pkey PRIMARY KEY (id);


--
-- TOC entry 2807 (class 2606 OID 17232)
-- Name: volunteer volunteer_pkey; Type: CONSTRAINT; Schema: public; Owner: tbeerbower
--

ALTER TABLE ONLY public.volunteer
    ADD CONSTRAINT volunteer_pkey PRIMARY KEY (id);


--
-- TOC entry 2809 (class 2606 OID 17234)
-- Name: volunteer volunteer_shift_id_runner_id_key; Type: CONSTRAINT; Schema: public; Owner: tbeerbower
--

ALTER TABLE ONLY public.volunteer
    ADD CONSTRAINT volunteer_shift_id_runner_id_key UNIQUE (shift_id, runner_id);


--
-- TOC entry 2811 (class 2606 OID 17236)
-- Name: volunteer_shift volunteer_shift_pkey; Type: CONSTRAINT; Schema: public; Owner: tbeerbower
--

ALTER TABLE ONLY public.volunteer_shift
    ADD CONSTRAINT volunteer_shift_pkey PRIMARY KEY (id);


--
-- TOC entry 2813 (class 2606 OID 17238)
-- Name: volunteer_shift volunteer_shift_tag_season_id_key; Type: CONSTRAINT; Schema: public; Owner: tbeerbower
--

ALTER TABLE ONLY public.volunteer_shift
    ADD CONSTRAINT volunteer_shift_tag_season_id_key UNIQUE (tag, season_id);


--
-- TOC entry 2757 (class 1259 OID 17239)
-- Name: race_id; Type: INDEX; Schema: public; Owner: postgres
--

CREATE INDEX race_id ON public.race USING btree (id);


--
-- TOC entry 2762 (class 1259 OID 17240)
-- Name: race_season_id; Type: INDEX; Schema: public; Owner: postgres
--

CREATE INDEX race_season_id ON public.race USING btree (season_id);


--
-- TOC entry 2767 (class 1259 OID 17241)
-- Name: result_id; Type: INDEX; Schema: public; Owner: postgres
--

CREATE INDEX result_id ON public.result USING btree (id);


--
-- TOC entry 2770 (class 1259 OID 17242)
-- Name: result_race_id; Type: INDEX; Schema: public; Owner: postgres
--

CREATE INDEX result_race_id ON public.result USING btree (race_id);


--
-- TOC entry 2771 (class 1259 OID 17243)
-- Name: result_runner_id; Type: INDEX; Schema: public; Owner: postgres
--

CREATE INDEX result_runner_id ON public.result USING btree (runner_id);


--
-- TOC entry 2780 (class 1259 OID 17244)
-- Name: runner_alias_id; Type: INDEX; Schema: public; Owner: postgres
--

CREATE INDEX runner_alias_id ON public.runner_alias USING btree (id);


--
-- TOC entry 2781 (class 1259 OID 17245)
-- Name: runner_alias_name; Type: INDEX; Schema: public; Owner: postgres
--

CREATE INDEX runner_alias_name ON public.runner_alias USING btree (name);


--
-- TOC entry 2786 (class 1259 OID 17246)
-- Name: runner_alias_runner_id; Type: INDEX; Schema: public; Owner: postgres
--

CREATE INDEX runner_alias_runner_id ON public.runner_alias USING btree (runner_id);


--
-- TOC entry 2774 (class 1259 OID 17247)
-- Name: runner_id; Type: INDEX; Schema: public; Owner: postgres
--

CREATE INDEX runner_id ON public.runner USING btree (id);


--
-- TOC entry 2775 (class 1259 OID 17248)
-- Name: runner_name; Type: INDEX; Schema: public; Owner: postgres
--

CREATE INDEX runner_name ON public.runner USING btree (name);


--
-- TOC entry 2787 (class 1259 OID 17249)
-- Name: season_id; Type: INDEX; Schema: public; Owner: postgres
--

CREATE INDEX season_id ON public.season USING btree (id);


--
-- TOC entry 2792 (class 1259 OID 17250)
-- Name: team_id; Type: INDEX; Schema: public; Owner: postgres
--

CREATE INDEX team_id ON public.team USING btree (id);


--
-- TOC entry 2797 (class 1259 OID 17251)
-- Name: team_runner_id; Type: INDEX; Schema: public; Owner: postgres
--

CREATE INDEX team_runner_id ON public.team_runner USING btree (id);


--
-- TOC entry 2814 (class 2606 OID 17252)
-- Name: matchup matchup_race_id_fkey; Type: FK CONSTRAINT; Schema: public; Owner: tbeerbower
--

ALTER TABLE ONLY public.matchup
    ADD CONSTRAINT matchup_race_id_fkey FOREIGN KEY (race_id) REFERENCES public.race(id) ON DELETE CASCADE;


--
-- TOC entry 2815 (class 2606 OID 17257)
-- Name: matchup matchup_season_id_fkey; Type: FK CONSTRAINT; Schema: public; Owner: tbeerbower
--

ALTER TABLE ONLY public.matchup
    ADD CONSTRAINT matchup_season_id_fkey FOREIGN KEY (season_id) REFERENCES public.season(id) ON DELETE CASCADE;


--
-- TOC entry 2816 (class 2606 OID 17262)
-- Name: matchup matchup_team_a_id_fkey; Type: FK CONSTRAINT; Schema: public; Owner: tbeerbower
--

ALTER TABLE ONLY public.matchup
    ADD CONSTRAINT matchup_team_a_id_fkey FOREIGN KEY (team_a_id) REFERENCES public.team(id) ON DELETE CASCADE;


--
-- TOC entry 2817 (class 2606 OID 17267)
-- Name: matchup matchup_team_b_id_fkey; Type: FK CONSTRAINT; Schema: public; Owner: tbeerbower
--

ALTER TABLE ONLY public.matchup
    ADD CONSTRAINT matchup_team_b_id_fkey FOREIGN KEY (team_b_id) REFERENCES public.team(id) ON DELETE CASCADE;


--
-- TOC entry 2818 (class 2606 OID 17272)
-- Name: race race_race_definition_id_fkey; Type: FK CONSTRAINT; Schema: public; Owner: postgres
--

ALTER TABLE ONLY public.race
    ADD CONSTRAINT race_race_definition_id_fkey FOREIGN KEY (race_definition_id) REFERENCES public.race_definition(id);


--
-- TOC entry 2819 (class 2606 OID 17277)
-- Name: race race_season_id_fkey; Type: FK CONSTRAINT; Schema: public; Owner: postgres
--

ALTER TABLE ONLY public.race
    ADD CONSTRAINT race_season_id_fkey FOREIGN KEY (season_id) REFERENCES public.season(id) ON DELETE CASCADE;


--
-- TOC entry 2820 (class 2606 OID 17282)
-- Name: result result_race_id_fkey; Type: FK CONSTRAINT; Schema: public; Owner: postgres
--

ALTER TABLE ONLY public.result
    ADD CONSTRAINT result_race_id_fkey FOREIGN KEY (race_id) REFERENCES public.race(id) ON DELETE CASCADE;


--
-- TOC entry 2821 (class 2606 OID 17287)
-- Name: result result_runner_id_fkey; Type: FK CONSTRAINT; Schema: public; Owner: postgres
--

ALTER TABLE ONLY public.result
    ADD CONSTRAINT result_runner_id_fkey FOREIGN KEY (runner_id) REFERENCES public.runner(id) ON DELETE CASCADE;


--
-- TOC entry 2822 (class 2606 OID 17292)
-- Name: runner_alias runner_alias_runner_id_fkey; Type: FK CONSTRAINT; Schema: public; Owner: postgres
--

ALTER TABLE ONLY public.runner_alias
    ADD CONSTRAINT runner_alias_runner_id_fkey FOREIGN KEY (runner_id) REFERENCES public.runner(id) ON DELETE CASCADE;


--
-- TOC entry 2824 (class 2606 OID 17297)
-- Name: team_runner team_runner_runner_id_fkey; Type: FK CONSTRAINT; Schema: public; Owner: postgres
--

ALTER TABLE ONLY public.team_runner
    ADD CONSTRAINT team_runner_runner_id_fkey FOREIGN KEY (runner_id) REFERENCES public.runner(id) ON DELETE CASCADE;


--
-- TOC entry 2825 (class 2606 OID 17302)
-- Name: team_runner team_runner_team_season_id_fkey; Type: FK CONSTRAINT; Schema: public; Owner: postgres
--

ALTER TABLE ONLY public.team_runner
    ADD CONSTRAINT team_runner_team_season_id_fkey FOREIGN KEY (team_season_id) REFERENCES public.team_season(id);


--
-- TOC entry 2826 (class 2606 OID 17307)
-- Name: team_season team_season_season_id_fkey; Type: FK CONSTRAINT; Schema: public; Owner: tbeerbower
--

ALTER TABLE ONLY public.team_season
    ADD CONSTRAINT team_season_season_id_fkey FOREIGN KEY (season_id) REFERENCES public.season(id) ON DELETE CASCADE;


--
-- TOC entry 2827 (class 2606 OID 17312)
-- Name: team_season team_season_team_id_fkey; Type: FK CONSTRAINT; Schema: public; Owner: tbeerbower
--

ALTER TABLE ONLY public.team_season
    ADD CONSTRAINT team_season_team_id_fkey FOREIGN KEY (team_id) REFERENCES public.team(id) ON DELETE CASCADE;


--
-- TOC entry 2823 (class 2606 OID 17317)
-- Name: team team_usr_id_fkey; Type: FK CONSTRAINT; Schema: public; Owner: postgres
--

ALTER TABLE ONLY public.team
    ADD CONSTRAINT team_usr_id_fkey FOREIGN KEY (owner_id) REFERENCES public.usr(id);


--
-- TOC entry 2828 (class 2606 OID 17322)
-- Name: volunteer volunteer_runner_id_fkey; Type: FK CONSTRAINT; Schema: public; Owner: tbeerbower
--

ALTER TABLE ONLY public.volunteer
    ADD CONSTRAINT volunteer_runner_id_fkey FOREIGN KEY (runner_id) REFERENCES public.runner(id) ON DELETE CASCADE;


--
-- TOC entry 2829 (class 2606 OID 17327)
-- Name: volunteer volunteer_shift_id_fkey; Type: FK CONSTRAINT; Schema: public; Owner: tbeerbower
--

ALTER TABLE ONLY public.volunteer
    ADD CONSTRAINT volunteer_shift_id_fkey FOREIGN KEY (shift_id) REFERENCES public.volunteer_shift(id) ON DELETE CASCADE;


--
-- TOC entry 2830 (class 2606 OID 17332)
-- Name: volunteer_shift volunteer_shift_race_definition_id_fkey; Type: FK CONSTRAINT; Schema: public; Owner: tbeerbower
--

ALTER TABLE ONLY public.volunteer_shift
    ADD CONSTRAINT volunteer_shift_race_definition_id_fkey FOREIGN KEY (race_definition_id) REFERENCES public.race_definition(id);


--
-- TOC entry 2831 (class 2606 OID 17337)
-- Name: volunteer_shift volunteer_shift_race_id_fkey; Type: FK CONSTRAINT; Schema: public; Owner: tbeerbower
--

ALTER TABLE ONLY public.volunteer_shift
    ADD CONSTRAINT volunteer_shift_race_id_fkey FOREIGN KEY (race_id) REFERENCES public.race(id) ON DELETE CASCADE;


--
-- TOC entry 2832 (class 2606 OID 17342)
-- Name: volunteer_shift volunteer_shift_season_id_fkey; Type: FK CONSTRAINT; Schema: public; Owner: tbeerbower
--

ALTER TABLE ONLY public.volunteer_shift
    ADD CONSTRAINT volunteer_shift_season_id_fkey FOREIGN KEY (season_id) REFERENCES public.season(id) ON DELETE CASCADE;


-- Completed on 2024-11-19 06:18:27

--
-- PostgreSQL database dump complete
--

